arm,stage,iteration_in_stage,cumulative_iteration,reward,seed
A,1,0,0,-99.48090362548828,42
A,1,1,1,-96.9183349609375,42
A,1,2,2,-101.26483154296875,42
A,1,3,3,-98.54525756835938,42
A,1,4,4,-99.16600799560547,42
A,1,5,5,-95.86334991455078,42
A,1,6,6,-94.59573364257812,42
A,1,7,7,-93.7720947265625,42
A,1,8,8,-96.58082580566406,42
A,1,9,9,-94.65586853027344,42
A,1,10,10,-90.80195617675781,42
A,1,11,11,-87.79507446289062,42
A,1,12,12,-85.6901626586914,42
A,1,13,13,-83.32537078857422,42
A,1,14,14,-82.58653259277344,42
A,1,15,15,-79.81021118164062,42
A,1,16,16,-76.65491485595703,42
A,1,17,17,-78.96101379394531,42
A,1,18,18,-72.0643081665039,42
A,1,19,19,-65.77125549316406,42
A,1,20,20,-57.87308883666992,42
A,1,21,21,-59.51704025268555,42
A,1,22,22,-66.51954650878906,42
A,1,23,23,-72.00090026855469,42
A,1,24,24,-90.0380630493164,42
A,1,25,25,-64.68190002441406,42
A,1,26,26,-66.91217803955078,42
A,1,27,27,-82.01628112792969,42
A,1,28,28,-89.65866088867188,42
A,1,29,29,-98.36617279052734,42
A,1,30,30,-93.581787109375,42
A,1,31,31,-152.1963348388672,42
A,1,32,32,-134.15318298339844,42
A,1,33,33,-194.85353088378906,42
A,1,34,34,-161.05824279785156,42
A,1,35,35,-227.78997802734375,42
A,1,36,36,-238.82191467285156,42
A,1,37,37,-241.07310485839844,42
A,1,38,38,-247.8544464111328,42
A,1,39,39,-98.42386627197266,42
A,1,40,40,-150.82530212402344,42
A,1,41,41,-90.06922149658203,42
A,1,42,42,-103.93177795410156,42
A,1,43,43,-42.14553451538086,42
A,1,44,44,-47.16817092895508,42
A,1,45,45,-67.47998046875,42
A,1,46,46,112.77692413330078,42
A,1,47,47,-5.808047771453857,42
A,1,48,48,81.08381652832031,42
A,1,49,49,180.97154235839844,42
A,1,50,50,81.22389221191406,42
A,1,51,51,40.37275695800781,42
A,1,52,52,75.36524200439453,42
A,1,53,53,128.32020568847656,42
A,1,54,54,133.80984497070312,42
A,1,55,55,150.53489685058594,42
A,1,56,56,242.51519775390625,42
A,1,57,57,395.440673828125,42
A,1,58,58,376.7372131347656,42
A,1,59,59,411.6090087890625,42
A,1,60,60,381.69842529296875,42
A,1,61,61,517.1365356445312,42
A,1,62,62,466.10052490234375,42
A,1,63,63,383.5220947265625,42
A,1,64,64,477.2215881347656,42
A,1,65,65,624.5128784179688,42
A,1,66,66,467.55157470703125,42
A,1,67,67,515.2406616210938,42
A,1,68,68,624.6519775390625,42
A,1,69,69,632.6965942382812,42
A,1,70,70,636.2556762695312,42
A,1,71,71,629.7147216796875,42
A,1,72,72,550.6195678710938,42
A,1,73,73,717.0076904296875,42
A,1,74,74,713.35400390625,42
A,1,75,75,666.4195556640625,42
A,1,76,76,778.2176513671875,42
A,1,77,77,791.5411987304688,42
A,1,78,78,790.4767456054688,42
A,1,79,79,825.6385498046875,42
A,1,80,80,674.8566284179688,42
A,1,81,81,787.253173828125,42
A,1,82,82,802.27197265625,42
A,1,83,83,767.3345947265625,42
A,1,84,84,746.0986328125,42
A,1,85,85,778.5081176757812,42
A,1,86,86,824.8695678710938,42
A,1,87,87,805.3976440429688,42
A,1,88,88,809.0343627929688,42
A,1,89,89,818.5308837890625,42
A,1,90,90,875.3204956054688,42
A,1,91,91,880.786376953125,42
A,1,92,92,804.0578002929688,42
A,1,93,93,889.36328125,42
A,1,94,94,733.721923828125,42
A,1,95,95,873.7269287109375,42
A,1,96,96,927.6375122070312,42
A,1,97,97,911.5621337890625,42
A,1,98,98,841.3163452148438,42
A,1,99,99,784.6558837890625,42
A,1,100,100,773.7987060546875,42
A,1,101,101,793.9441528320312,42
A,1,102,102,841.2659301757812,42
A,1,103,103,969.5532836914062,42
A,1,104,104,902.0584716796875,42
A,1,105,105,904.8343505859375,42
A,1,106,106,785.7177124023438,42
A,1,107,107,880.0675659179688,42
A,1,108,108,906.4612426757812,42
A,1,109,109,961.419189453125,42
A,1,110,110,998.2673950195312,42
A,1,111,111,886.9681396484375,42
A,1,112,112,924.6112060546875,42
A,1,113,113,958.3256225585938,42
A,1,114,114,858.2973022460938,42
A,1,115,115,905.7876586914062,42
A,1,116,116,874.3150634765625,42
A,1,117,117,914.5449829101562,42
A,1,118,118,1054.9130859375,42
A,1,119,119,917.3370971679688,42
A,1,120,120,918.3131103515625,42
A,1,121,121,982.482177734375,42
A,1,122,122,1011.1453247070312,42
A,1,123,123,970.4955444335938,42
A,1,124,124,1020.4468383789062,42
A,1,125,125,851.1292114257812,42
A,1,126,126,977.3305053710938,42
A,1,127,127,882.8778076171875,42
A,1,128,128,933.8961181640625,42
A,1,129,129,1073.113525390625,42
A,1,130,130,1018.5518798828125,42
A,1,131,131,1074.0286865234375,42
A,1,132,132,1055.1590576171875,42
A,1,133,133,940.6478881835938,42
A,1,134,134,994.2459106445312,42
A,1,135,135,1099.462646484375,42
A,1,136,136,905.3209838867188,42
A,1,137,137,1021.2191162109375,42
A,1,138,138,1030.686767578125,42
A,1,139,139,975.6192016601562,42
A,1,140,140,1097.3497314453125,42
A,1,141,141,1035.0462646484375,42
A,1,142,142,1082.1473388671875,42
A,1,143,143,986.1144409179688,42
A,1,144,144,980.8591918945312,42
A,1,145,145,1017.4994506835938,42
A,1,146,146,1013.2908325195312,42
A,1,147,147,1085.257568359375,42
A,1,148,148,1047.78369140625,42
A,1,149,149,1129.9521484375,42
A,1,150,150,1074.2276611328125,42
A,1,151,151,1041.98095703125,42
A,1,152,152,1070.813232421875,42
A,1,153,153,901.9349365234375,42
A,1,154,154,991.1170043945312,42
A,1,155,155,1047.40576171875,42
A,1,156,156,1008.5494995117188,42
A,1,157,157,1075.7645263671875,42
A,1,158,158,1056.9595947265625,42
A,1,159,159,1083.8773193359375,42
A,1,160,160,1072.1917724609375,42
A,1,161,161,1089.1461181640625,42
A,1,162,162,1130.9935302734375,42
A,1,163,163,1145.96484375,42
A,1,164,164,1037.4752197265625,42
A,1,165,165,1036.4659423828125,42
A,1,166,166,1106.3631591796875,42
A,1,167,167,1009.6619873046875,42
A,1,168,168,1071.674072265625,42
A,1,169,169,1097.3082275390625,42
A,1,170,170,1098.142822265625,42
A,1,171,171,1129.0303955078125,42
A,1,172,172,1029.676025390625,42
A,1,173,173,1129.11669921875,42
A,1,174,174,977.2576904296875,42
A,1,175,175,999.2330932617188,42
A,1,176,176,1174.1776123046875,42
A,1,177,177,1100.5167236328125,42
A,1,178,178,1067.7052001953125,42
A,1,179,179,1134.6458740234375,42
A,1,180,180,995.0095825195312,42
A,1,181,181,1128.2930908203125,42
A,1,182,182,1068.092529296875,42
A,1,183,183,995.3145141601562,42
A,1,184,184,1099.808349609375,42
A,1,185,185,1077.8902587890625,42
A,1,186,186,1049.6953125,42
A,1,187,187,1015.4388427734375,42
A,1,188,188,1096.2601318359375,42
A,1,189,189,1118.7625732421875,42
A,1,190,190,1103.7796630859375,42
A,1,191,191,989.2076416015625,42
A,1,192,192,1137.61767578125,42
A,1,193,193,1102.0628662109375,42
A,1,194,194,1051.3056640625,42
A,1,195,195,1075.42333984375,42
A,1,196,196,1139.34716796875,42
A,1,197,197,1167.283447265625,42
A,1,198,198,1203.32275390625,42
A,1,199,199,1215.153564453125,42
A,1,200,200,1094.66796875,42
A,1,201,201,1137.08642578125,42
A,1,202,202,1102.0987548828125,42
A,1,203,203,1114.091796875,42
A,1,204,204,1102.1441650390625,42
A,1,205,205,1079.957763671875,42
A,1,206,206,1133.27685546875,42
A,1,207,207,1056.773193359375,42
A,1,208,208,1088.49267578125,42
A,1,209,209,1156.4124755859375,42
A,1,210,210,1140.9552001953125,42
A,1,211,211,1131.8719482421875,42
A,1,212,212,1115.183349609375,42
A,1,213,213,1077.4920654296875,42
A,1,214,214,1209.697509765625,42
A,1,215,215,1071.96484375,42
A,1,216,216,1108.562744140625,42
A,1,217,217,1054.3018798828125,42
A,1,218,218,1204.43798828125,42
A,1,219,219,1151.6302490234375,42
A,1,220,220,1150.767333984375,42
A,1,221,221,1120.062255859375,42
A,1,222,222,1124.843505859375,42
A,1,223,223,1157.448486328125,42
A,1,224,224,1271.614990234375,42
A,1,225,225,1088.232421875,42
A,1,226,226,1089.4786376953125,42
A,1,227,227,1175.1280517578125,42
A,1,228,228,1119.45458984375,42
A,1,229,229,1187.9620361328125,42
A,1,230,230,1126.781005859375,42
A,1,231,231,1144.4720458984375,42
A,1,232,232,1157.2799072265625,42
A,1,233,233,1137.2669677734375,42
A,1,234,234,1065.1064453125,42
A,1,235,235,1083.1407470703125,42
A,1,236,236,1035.09814453125,42
A,1,237,237,1206.1480712890625,42
A,1,238,238,1121.6771240234375,42
A,1,239,239,1131.4669189453125,42
A,1,240,240,1102.2042236328125,42
A,1,241,241,1122.2376708984375,42
A,1,242,242,1110.9107666015625,42
A,1,243,243,1157.8206787109375,42
A,1,244,244,1143.651611328125,42
A,1,245,245,1139.56396484375,42
A,1,246,246,1118.9320068359375,42
A,1,247,247,1109.3367919921875,42
A,1,248,248,1081.7767333984375,42
A,1,249,249,1127.6593017578125,42
A,1,250,250,1117.867431640625,42
A,1,251,251,1096.7840576171875,42
A,1,252,252,1071.3916015625,42
A,1,253,253,1120.7598876953125,42
A,1,254,254,1055.1668701171875,42
A,1,255,255,1058.9595947265625,42
A,1,256,256,1181.8800048828125,42
A,1,257,257,1144.225830078125,42
A,1,258,258,1050.6751708984375,42
A,1,259,259,1086.2735595703125,42
A,1,260,260,1122.5091552734375,42
A,1,261,261,1092.98291015625,42
A,1,262,262,1061.1524658203125,42
A,1,263,263,1087.4952392578125,42
A,1,264,264,1135.9368896484375,42
A,1,265,265,1036.51708984375,42
A,1,266,266,1120.567626953125,42
A,1,267,267,1022.3048706054688,42
A,1,268,268,1114.5628662109375,42
A,1,269,269,1089.0169677734375,42
A,1,270,270,1167.8038330078125,42
A,1,271,271,1027.3935546875,42
A,1,272,272,999.3119506835938,42
A,1,273,273,1067.621337890625,42
A,1,274,274,1067.7086181640625,42
A,1,275,275,1119.96337890625,42
A,1,276,276,1128.2744140625,42
A,1,277,277,1043.9508056640625,42
A,1,278,278,993.7085571289062,42
A,1,279,279,1009.5111694335938,42
A,1,280,280,1066.765380859375,42
A,1,281,281,1077.3563232421875,42
A,1,282,282,1089.014892578125,42
A,1,283,283,1076.0819091796875,42
A,1,284,284,1060.9368896484375,42
A,1,285,285,1095.858154296875,42
A,1,286,286,1005.5999755859375,42
A,1,287,287,944.4132690429688,42
A,1,288,288,1046.0706787109375,42
A,1,289,289,1004.4007568359375,42
A,1,290,290,1126.2762451171875,42
A,1,291,291,890.52734375,42
A,1,292,292,1024.2376708984375,42
A,1,293,293,1041.196533203125,42
A,1,294,294,1035.03076171875,42
A,1,295,295,911.9048461914062,42
A,1,296,296,924.2760009765625,42
A,1,297,297,976.53271484375,42
A,1,298,298,938.74755859375,42
A,1,299,299,917.9109497070312,42
A,2,200,500,47.09197998046875,42
A,2,201,501,100.47059631347656,42
A,2,202,502,170.02574157714844,42
A,2,203,503,232.2664794921875,42
A,2,204,504,286.0128479003906,42
A,2,205,505,308.0283508300781,42
A,2,206,506,378.4349365234375,42
A,2,207,507,456.4352111816406,42
A,2,208,508,457.2367858886719,42
A,2,209,509,549.3898315429688,42
A,2,210,510,631.0337524414062,42
A,2,211,511,635.4761962890625,42
A,2,212,512,725.7354736328125,42
A,2,213,513,774.8198852539062,42
A,2,214,514,818.6282958984375,42
A,2,215,515,879.0003051757812,42
A,2,216,516,930.1814575195312,42
A,2,217,517,993.9952392578125,42
A,2,218,518,988.1729125976562,42
A,2,219,519,1102.6260986328125,42
A,2,220,520,1136.40576171875,42
A,2,221,521,1131.0859375,42
A,2,222,522,1103.5120849609375,42
A,2,223,523,1062.5499267578125,42
A,2,224,524,1157.465576171875,42
A,2,225,525,1196.6661376953125,42
A,2,226,526,1095.0849609375,42
A,2,227,527,1117.88818359375,42
A,2,228,528,1106.482177734375,42
A,2,229,529,1078.7191162109375,42
A,2,230,530,1131.427734375,42
A,2,231,531,1077.891357421875,42
A,2,232,532,1084.3621826171875,42
A,2,233,533,1173.9010009765625,42
A,2,234,534,993.6741333007812,42
A,2,235,535,1066.5694580078125,42
A,2,236,536,1091.1456298828125,42
A,2,237,537,1152.8731689453125,42
A,2,238,538,1063.849609375,42
A,2,239,539,1147.4478759765625,42
A,2,240,540,1048.359130859375,42
A,2,241,541,1056.155029296875,42
A,2,242,542,1048.28076171875,42
A,2,243,543,1032.5391845703125,42
A,2,244,544,1175.5565185546875,42
A,2,245,545,1086.9091796875,42
A,2,246,546,1060.0535888671875,42
A,2,247,547,1145.1953125,42
A,2,248,548,1057.661865234375,42
A,2,249,549,1054.8109130859375,42
A,2,250,550,1088.9136962890625,42
A,2,251,551,1124.9063720703125,42
A,2,252,552,959.1633911132812,42
A,2,253,553,848.6939086914062,42
A,2,254,554,1003.1712646484375,42
A,2,255,555,1048.419189453125,42
A,2,256,556,969.9783935546875,42
A,2,257,557,1024.3837890625,42
A,2,258,558,976.819580078125,42
A,2,259,559,1093.944580078125,42
A,2,260,560,1057.5396728515625,42
A,2,261,561,950.5259399414062,42
A,2,262,562,1035.8704833984375,42
A,2,263,563,1014.0358276367188,42
A,2,264,564,961.959716796875,42
A,2,265,565,1046.34375,42
A,2,266,566,936.6401977539062,42
A,2,267,567,1078.0047607421875,42
A,2,268,568,1022.1251220703125,42
A,2,269,569,1013.8142700195312,42
A,2,270,570,967.8900146484375,42
A,2,271,571,1112.8065185546875,42
A,2,272,572,977.926025390625,42
A,2,273,573,925.0946044921875,42
A,2,274,574,1097.95849609375,42
A,2,275,575,963.9375610351562,42
A,2,276,576,996.231689453125,42
A,2,277,577,992.7360229492188,42
A,2,278,578,1133.25048828125,42
A,2,279,579,1075.5994873046875,42
A,2,280,580,1031.061767578125,42
A,2,281,581,1043.7218017578125,42
A,2,282,582,1055.6378173828125,42
A,2,283,583,1085.047607421875,42
A,2,284,584,996.0459594726562,42
A,2,285,585,996.3643798828125,42
A,2,286,586,907.5470581054688,42
A,2,287,587,827.0384521484375,42
A,2,288,588,1009.3275756835938,42
A,2,289,589,1014.193115234375,42
A,2,290,590,892.4029541015625,42
A,2,291,591,994.9536743164062,42
A,2,292,592,1080.9659423828125,42
A,2,293,593,1064.8197021484375,42
A,2,294,594,1116.1943359375,42
A,2,295,595,1049.8035888671875,42
A,2,296,596,1043.8809814453125,42
A,2,297,597,1003.2734375,42
A,2,298,598,1099.1639404296875,42
A,2,299,599,1036.7559814453125,42
A,2,300,600,1044.4493408203125,42
A,2,301,601,1046.1171875,42
A,2,302,602,999.326171875,42
A,2,303,603,1020.357666015625,42
A,2,304,604,1024.95947265625,42
A,2,305,605,1012.5126342773438,42
A,2,306,606,1011.7925415039062,42
A,2,307,607,1120.1180419921875,42
A,2,308,608,1013.5953979492188,42
A,2,309,609,1005.1122436523438,42
A,2,310,610,1091.229248046875,42
A,2,311,611,1169.3292236328125,42
A,2,312,612,1077.7041015625,42
A,2,313,613,1097.7677001953125,42
A,2,314,614,1060.022216796875,42
A,2,315,615,1063.8070068359375,42
A,2,316,616,1101.673828125,42
A,2,317,617,1150.912109375,42
A,2,318,618,1071.2445068359375,42
A,2,319,619,1179.0858154296875,42
A,2,320,620,1142.771484375,42
A,2,321,621,1144.5814208984375,42
A,2,322,622,1083.256591796875,42
A,2,323,623,1157.8538818359375,42
A,2,324,624,1169.9224853515625,42
A,2,325,625,1131.012939453125,42
A,2,326,626,1151.5157470703125,42
A,2,327,627,1138.385986328125,42
A,2,328,628,1179.202392578125,42
A,2,329,629,1086.3712158203125,42
A,2,330,630,1091.6990966796875,42
A,2,331,631,1071.1912841796875,42
A,2,332,632,1123.9212646484375,42
A,2,333,633,1080.4940185546875,42
A,2,334,634,1118.9356689453125,42
A,2,335,635,1043.9237060546875,42
A,2,336,636,1063.0777587890625,42
A,2,337,637,936.9789428710938,42
A,2,338,638,924.57275390625,42
A,2,339,639,851.1590576171875,42
A,2,340,640,731.0700073242188,42
A,2,341,641,874.1301879882812,42
A,2,342,642,902.2213745117188,42
A,2,343,643,842.7935791015625,42
A,2,344,644,897.857177734375,42
A,2,345,645,1051.1978759765625,42
A,2,346,646,1056.0911865234375,42
A,2,347,647,1064.3497314453125,42
A,2,348,648,1034.4674072265625,42
A,2,349,649,1022.6468505859375,42
A,2,350,650,1096.7437744140625,42
A,2,351,651,920.8485107421875,42
A,2,352,652,1104.2154541015625,42
A,2,353,653,1056.7548828125,42
A,2,354,654,1006.3035888671875,42
A,2,355,655,1040.2308349609375,42
A,2,356,656,1050.802490234375,42
A,2,357,657,1072.9552001953125,42
A,2,358,658,1121.1553955078125,42
A,2,359,659,988.4053344726562,42
A,2,360,660,1025.7938232421875,42
A,2,361,661,1073.37744140625,42
A,2,362,662,1021.0757446289062,42
A,2,363,663,1009.0520629882812,42
A,2,364,664,1026.4111328125,42
A,2,365,665,1160.8468017578125,42
A,2,366,666,1002.5961303710938,42
A,2,367,667,1088.934814453125,42
A,2,368,668,1071.29638671875,42
A,2,369,669,1091.1212158203125,42
A,2,370,670,1124.552734375,42
A,2,371,671,1144.150390625,42
A,2,372,672,1047.99072265625,42
A,2,373,673,1049.946533203125,42
A,2,374,674,1088.8238525390625,42
A,2,375,675,1102.06787109375,42
A,2,376,676,1077.9365234375,42
A,2,377,677,1117.41064453125,42
A,2,378,678,1103.872314453125,42
A,2,379,679,1176.1873779296875,42
A,2,380,680,1140.1658935546875,42
A,2,381,681,1178.292724609375,42
A,2,382,682,1113.83203125,42
A,2,383,683,1054.797607421875,42
A,2,384,684,1135.891357421875,42
A,2,385,685,1070.65771484375,42
A,2,386,686,1067.2119140625,42
A,2,387,687,1037.8951416015625,42
A,2,388,688,1167.4764404296875,42
A,2,389,689,1137.4075927734375,42
A,2,390,690,1110.4378662109375,42
A,2,391,691,1106.4937744140625,42
A,2,392,692,1054.7352294921875,42
A,2,393,693,1121.7454833984375,42
A,2,394,694,1121.50439453125,42
A,2,395,695,1114.2735595703125,42
A,2,396,696,1050.140625,42
A,2,397,697,1075.5897216796875,42
A,2,398,698,1137.6923828125,42
A,2,399,699,1112.3836669921875,42
A,2,400,700,1130.6688232421875,42
A,2,401,701,1116.6790771484375,42
A,2,402,702,1100.8544921875,42
A,2,403,703,949.7810668945312,42
A,2,404,704,1112.4637451171875,42
A,2,405,705,1125.5191650390625,42
A,2,406,706,987.7473754882812,42
A,2,407,707,1058.61083984375,42
A,2,408,708,1056.5791015625,42
A,2,409,709,781.1905517578125,42
A,2,410,710,922.00244140625,42
A,2,411,711,994.7227172851562,42
A,2,412,712,795.0179443359375,42
A,2,413,713,790.8602294921875,42
A,2,414,714,1039.0821533203125,42
A,2,415,715,948.6768188476562,42
A,2,416,716,1029.1492919921875,42
A,2,417,717,1089.9527587890625,42
A,2,418,718,1003.9552001953125,42
A,2,419,719,1000.5194702148438,42
A,2,420,720,968.7893676757812,42
A,2,421,721,1032.864501953125,42
A,2,422,722,993.6787719726562,42
A,2,423,723,966.2360229492188,42
A,2,424,724,1187.919921875,42
A,2,425,725,1078.750732421875,42
A,2,426,726,1163.8990478515625,42
A,2,427,727,1075.3380126953125,42
A,2,428,728,1079.218017578125,42
A,2,429,729,1081.0361328125,42
A,2,430,730,1193.819091796875,42
A,2,431,731,1099.70703125,42
A,2,432,732,1127.2156982421875,42
A,2,433,733,1143.770751953125,42
A,2,434,734,1093.510009765625,42
A,2,435,735,1082.291015625,42
A,2,436,736,1161.565673828125,42
A,2,437,737,1122.8345947265625,42
A,2,438,738,1071.907470703125,42
A,2,439,739,1105.7032470703125,42
A,2,440,740,1055.502685546875,42
A,2,441,741,1163.6182861328125,42
A,2,442,742,1166.817626953125,42
A,2,443,743,1092.8519287109375,42
A,2,444,744,1163.91845703125,42
A,2,445,745,1134.6746826171875,42
A,2,446,746,1175.7720947265625,42
A,2,447,747,1171.63134765625,42
A,2,448,748,1070.0623779296875,42
A,2,449,749,1127.9703369140625,42
A,2,450,750,1042.5943603515625,42
A,2,451,751,1167.6031494140625,42
A,2,452,752,1161.04296875,42
A,2,453,753,1111.8604736328125,42
A,2,454,754,1115.9862060546875,42
A,2,455,755,1176.2017822265625,42
A,2,456,756,1077.0692138671875,42
A,2,457,757,1125.0806884765625,42
A,2,458,758,1159.1505126953125,42
A,2,459,759,1115.153564453125,42
A,2,460,760,1153.9779052734375,42
A,2,461,761,1070.3529052734375,42
A,2,462,762,1050.5777587890625,42
A,2,463,763,1118.13818359375,42
A,2,464,764,942.4491577148438,42
A,2,465,765,1075.05078125,42
A,2,466,766,1000.549560546875,42
A,2,467,767,1064.48388671875,42
A,2,468,768,1079.439453125,42
A,2,469,769,1028.0587158203125,42
A,2,470,770,964.580322265625,42
A,2,471,771,1048.78564453125,42
A,2,472,772,797.4127807617188,42
A,2,473,773,900.83544921875,42
A,2,474,774,956.5361938476562,42
A,2,475,775,979.6373901367188,42
A,2,476,776,1039.9278564453125,42
A,2,477,777,1056.9632568359375,42
A,2,478,778,967.6851196289062,42
A,2,479,779,1059.0531005859375,42
A,2,480,780,1073.348876953125,42
A,2,481,781,1052.7943115234375,42
A,2,482,782,1028.7781982421875,42
A,2,483,783,968.7079467773438,42
A,2,484,784,1079.6614990234375,42
A,2,485,785,1148.0303955078125,42
A,2,486,786,1006.2273559570312,42
A,2,487,787,1037.98046875,42
A,2,488,788,1006.6156005859375,42
A,2,489,789,1025.6627197265625,42
A,2,490,790,1027.3701171875,42
A,2,491,791,915.4254760742188,42
A,2,492,792,932.88037109375,42
A,2,493,793,972.8359985351562,42
A,2,494,794,957.9212036132812,42
A,2,495,795,1079.047119140625,42
A,2,496,796,1026.7440185546875,42
A,2,497,797,1093.0408935546875,42
A,2,498,798,1054.57373046875,42
A,2,499,799,1058.20654296875,42
A,2,500,800,1041.73046875,42
A,2,501,801,995.6470947265625,42
A,2,502,802,1017.0476684570312,42
A,2,503,803,1110.3494873046875,42
A,2,504,804,1067.9854736328125,42
A,2,505,805,1093.497314453125,42
A,2,506,806,1051.225341796875,42
A,2,507,807,1153.20849609375,42
A,2,508,808,1169.21484375,42
A,2,509,809,1115.20166015625,42
A,2,510,810,1123.0318603515625,42
A,2,511,811,1077.0562744140625,42
A,2,512,812,1112.102783203125,42
A,2,513,813,1090.487548828125,42
A,2,514,814,1128.6796875,42
A,2,515,815,1152.5689697265625,42
A,2,516,816,1090.833740234375,42
A,2,517,817,1090.4161376953125,42
A,2,518,818,1045.4713134765625,42
A,2,519,819,1085.505859375,42
A,2,520,820,1099.7154541015625,42
A,2,521,821,1137.694091796875,42
A,2,522,822,1043.0711669921875,42
A,2,523,823,1111.69287109375,42
A,2,524,824,1054.6058349609375,42
A,2,525,825,1109.8514404296875,42
A,2,526,826,1143.2186279296875,42
A,2,527,827,1107.71337890625,42
A,2,528,828,1081.41259765625,42
A,2,529,829,1072.7493896484375,42
A,2,530,830,1054.1756591796875,42
A,2,531,831,1097.7578125,42
A,2,532,832,1102.9609375,42
A,2,533,833,1113.104736328125,42
A,2,534,834,1003.3424682617188,42
A,2,535,835,1052.913330078125,42
A,2,536,836,1127.3133544921875,42
A,2,537,837,1099.787109375,42
A,2,538,838,1115.448974609375,42
A,2,539,839,1156.102783203125,42
A,2,540,840,1107.2894287109375,42
A,2,541,841,1069.3328857421875,42
A,2,542,842,1083.7362060546875,42
A,2,543,843,1152.560791015625,42
A,2,544,844,1068.85302734375,42
A,2,545,845,1077.4915771484375,42
A,2,546,846,1104.79345703125,42
A,2,547,847,1114.086181640625,42
A,2,548,848,1147.38525390625,42
A,2,549,849,1113.839599609375,42
A,3,549,1399,31.23504066467285,42
A,3,550,1400,90.89506530761719,42
A,3,551,1401,152.6874542236328,42
A,3,552,1402,218.9772186279297,42
A,3,553,1403,263.91363525390625,42
A,3,554,1404,320.1784973144531,42
A,3,555,1405,373.0894470214844,42
A,3,556,1406,408.5289611816406,42
A,3,557,1407,457.64031982421875,42
A,3,558,1408,526.9368286132812,42
A,3,559,1409,583.6388549804688,42
A,3,560,1410,609.564208984375,42
A,3,561,1411,590.1620483398438,42
A,3,562,1412,682.6429443359375,42
A,3,563,1413,723.5257568359375,42
A,3,564,1414,798.242919921875,42
A,3,565,1415,833.7172241210938,42
A,3,566,1416,909.0604248046875,42
A,3,567,1417,931.1748657226562,42
A,3,568,1418,1075.8397216796875,42
A,3,569,1419,1022.1343994140625,42
A,3,570,1420,1113.656494140625,42
A,3,571,1421,1009.0243530273438,42
A,3,572,1422,1008.5526123046875,42
A,3,573,1423,999.426513671875,42
A,3,574,1424,998.64599609375,42
A,3,575,1425,1010.8240356445312,42
A,3,576,1426,1090.6978759765625,42
A,3,577,1427,986.8677368164062,42
A,3,578,1428,1003.3944091796875,42
A,3,579,1429,1047.9798583984375,42
A,3,580,1430,974.9102172851562,42
A,3,581,1431,1069.0587158203125,42
A,3,582,1432,1029.340087890625,42
A,3,583,1433,1067.087890625,42
A,3,584,1434,1026.8984375,42
A,3,585,1435,1132.0369873046875,42
A,3,586,1436,984.626708984375,42
A,3,587,1437,1073.6026611328125,42
A,3,588,1438,1095.9013671875,42
A,3,589,1439,1096.0633544921875,42
A,3,590,1440,1003.6799926757812,42
A,3,591,1441,892.571044921875,42
A,3,592,1442,964.92236328125,42
A,3,593,1443,1047.1689453125,42
A,3,594,1444,1059.550048828125,42
A,3,595,1445,964.4093017578125,42
A,3,596,1446,988.1427001953125,42
A,3,597,1447,1003.3209228515625,42
A,3,598,1448,1010.4027709960938,42
A,3,599,1449,1010.2811889648438,42
A,3,600,1450,940.0873413085938,42
A,3,601,1451,1083.080078125,42
A,3,602,1452,1024.2509765625,42
A,3,603,1453,945.823974609375,42
A,3,604,1454,954.8013916015625,42
A,3,605,1455,967.2168579101562,42
A,3,606,1456,994.0472412109375,42
A,3,607,1457,1030.95947265625,42
A,3,608,1458,1011.689208984375,42
A,3,609,1459,1038.648193359375,42
A,3,610,1460,1060.605712890625,42
A,3,611,1461,935.2427368164062,42
A,3,612,1462,1058.2264404296875,42
A,3,613,1463,1037.56103515625,42
A,3,614,1464,978.4613647460938,42
A,3,615,1465,1027.365234375,42
A,3,616,1466,1072.2508544921875,42
A,3,617,1467,1024.0501708984375,42
A,3,618,1468,886.2586059570312,42
A,3,619,1469,938.9616088867188,42
A,3,620,1470,930.6152954101562,42
A,3,621,1471,1056.2947998046875,42
A,3,622,1472,1018.075439453125,42
A,3,623,1473,966.2826538085938,42
A,3,624,1474,1005.7174072265625,42
A,3,625,1475,1003.4072875976562,42
A,3,626,1476,1042.4383544921875,42
A,3,627,1477,1025.331298828125,42
A,3,628,1478,1097.88330078125,42
A,3,629,1479,1010.3246459960938,42
A,3,630,1480,999.8461303710938,42
A,3,631,1481,947.6895751953125,42
A,3,632,1482,1056.453857421875,42
A,3,633,1483,1010.340576171875,42
A,3,634,1484,1121.3511962890625,42
A,3,635,1485,1022.0493774414062,42
A,3,636,1486,1027.1710205078125,42
A,3,637,1487,1062.2215576171875,42
A,3,638,1488,1010.580322265625,42
A,3,639,1489,1025.437744140625,42
A,3,640,1490,1070.6341552734375,42
A,3,641,1491,1018.8268432617188,42
A,3,642,1492,1014.7244873046875,42
A,3,643,1493,1059.5816650390625,42
A,3,644,1494,1043.02392578125,42
A,3,645,1495,1069.842529296875,42
A,3,646,1496,1085.000244140625,42
A,3,647,1497,1013.3829956054688,42
A,3,648,1498,1168.4708251953125,42
A,3,649,1499,1106.9349365234375,42
A,3,650,1500,1127.42333984375,42
A,3,651,1501,1113.2896728515625,42
A,3,652,1502,1095.8040771484375,42
A,3,653,1503,1131.125244140625,42
A,3,654,1504,1098.8968505859375,42
A,3,655,1505,1030.1513671875,42
A,3,656,1506,1094.393310546875,42
A,3,657,1507,1083.5726318359375,42
A,3,658,1508,1074.7593994140625,42
A,3,659,1509,1085.33984375,42
A,3,660,1510,1006.06396484375,42
A,3,661,1511,1068.55029296875,42
A,3,662,1512,1078.849365234375,42
A,3,663,1513,1099.1011962890625,42
A,3,664,1514,1077.3187255859375,42
A,3,665,1515,1101.5274658203125,42
A,3,666,1516,1105.9061279296875,42
A,3,667,1517,1092.7545166015625,42
A,3,668,1518,1083.6959228515625,42
A,3,669,1519,1031.005615234375,42
A,3,670,1520,1110.573974609375,42
A,3,671,1521,1071.16796875,42
A,3,672,1522,1094.07763671875,42
A,3,673,1523,1008.8486938476562,42
A,3,674,1524,1125.0313720703125,42
A,3,675,1525,1155.2215576171875,42
A,3,676,1526,1102.14501953125,42
A,3,677,1527,1070.4656982421875,42
A,3,678,1528,1144.74755859375,42
A,3,679,1529,1079.7650146484375,42
A,3,680,1530,1054.5233154296875,42
A,3,681,1531,1091.2598876953125,42
A,3,682,1532,1169.1405029296875,42
A,3,683,1533,1087.1973876953125,42
A,3,684,1534,1128.7281494140625,42
A,3,685,1535,1105.7789306640625,42
A,3,686,1536,1043.327392578125,42
A,3,687,1537,1019.6679077148438,42
A,3,688,1538,1123.1695556640625,42
A,3,689,1539,1047.925048828125,42
A,3,690,1540,1032.36865234375,42
A,3,691,1541,929.6836547851562,42
A,3,692,1542,981.8377685546875,42
A,3,693,1543,1009.74560546875,42
A,3,694,1544,1070.7852783203125,42
A,3,695,1545,1048.1094970703125,42
A,3,696,1546,1006.5438232421875,42
A,3,697,1547,968.8641357421875,42
A,3,698,1548,938.9888305664062,42
A,3,699,1549,938.3516235351562,42
A,3,700,1550,944.626708984375,42
A,3,701,1551,923.815185546875,42
A,3,702,1552,994.56640625,42
A,3,703,1553,1060.3695068359375,42
A,3,704,1554,999.4043579101562,42
A,3,705,1555,880.2132568359375,42
A,3,706,1556,957.7062377929688,42
A,3,707,1557,1013.0223999023438,42
A,3,708,1558,1023.7824096679688,42
A,3,709,1559,1034.821533203125,42
A,3,710,1560,1019.18701171875,42
A,3,711,1561,1039.464599609375,42
A,3,712,1562,1057.26904296875,42
A,3,713,1563,1028.467529296875,42
A,3,714,1564,1041.6749267578125,42
A,3,715,1565,1062.6158447265625,42
A,3,716,1566,997.76513671875,42
A,3,717,1567,1026.4141845703125,42
A,3,718,1568,1043.222412109375,42
A,3,719,1569,979.8031005859375,42
A,3,720,1570,1108.831298828125,42
A,3,721,1571,995.4910888671875,42
A,3,722,1572,1069.62060546875,42
A,3,723,1573,1079.37109375,42
A,3,724,1574,1095.50439453125,42
A,3,725,1575,1136.43359375,42
A,3,726,1576,1085.2406005859375,42
A,3,727,1577,1143.2216796875,42
A,3,728,1578,1081.45751953125,42
A,3,729,1579,1114.4571533203125,42
A,3,730,1580,1008.562255859375,42
A,3,731,1581,1125.6312255859375,42
A,3,732,1582,1088.7630615234375,42
A,3,733,1583,1107.1904296875,42
A,3,734,1584,1147.5301513671875,42
A,3,735,1585,1085.6563720703125,42
A,3,736,1586,1109.45166015625,42
A,3,737,1587,1118.2967529296875,42
A,3,738,1588,1064.546142578125,42
A,3,739,1589,1096.120849609375,42
A,3,740,1590,1057.3927001953125,42
A,3,741,1591,1076.5491943359375,42
A,3,742,1592,1072.09912109375,42
A,3,743,1593,1083.5059814453125,42
A,3,744,1594,1081.9114990234375,42
A,3,745,1595,989.682861328125,42
A,3,746,1596,1111.1002197265625,42
A,3,747,1597,1112.6339111328125,42
A,3,748,1598,1132.1138916015625,42
A,4,675,2274,-33.564292907714844,42
A,4,676,2275,28.084383010864258,42
A,4,677,2276,85.42121887207031,42
A,4,678,2277,103.60932922363281,42
A,4,679,2278,113.36908721923828,42
A,4,680,2279,169.27854919433594,42
A,4,681,2280,164.72122192382812,42
A,4,682,2281,210.35691833496094,42
A,4,683,2282,252.98019409179688,42
A,4,684,2283,256.07073974609375,42
A,4,685,2284,322.9561462402344,42
A,4,686,2285,363.6260986328125,42
A,4,687,2286,383.3344421386719,42
A,4,688,2287,480.7658386230469,42
A,4,689,2288,497.33404541015625,42
A,4,690,2289,608.1185913085938,42
A,4,691,2290,675.7297973632812,42
A,4,692,2291,597.7921142578125,42
A,4,693,2292,633.52392578125,42
A,4,694,2293,828.8720092773438,42
A,4,695,2294,733.4573974609375,42
A,4,696,2295,862.6515502929688,42
A,4,697,2296,902.82958984375,42
A,4,698,2297,832.6080322265625,42
A,4,699,2298,759.6077270507812,42
A,4,700,2299,834.9605712890625,42
A,4,701,2300,856.1223754882812,42
A,4,702,2301,820.9659423828125,42
A,4,703,2302,912.7313232421875,42
A,4,704,2303,876.0580444335938,42
A,4,705,2304,809.2723388671875,42
A,4,706,2305,806.9251708984375,42
A,4,707,2306,863.0277709960938,42
A,4,708,2307,749.764404296875,42
A,4,709,2308,869.9181518554688,42
A,4,710,2309,916.9894409179688,42
A,4,711,2310,786.0045776367188,42
A,4,712,2311,774.3491821289062,42
A,4,713,2312,812.4378662109375,42
A,4,714,2313,771.293701171875,42
A,4,715,2314,872.179443359375,42
A,4,716,2315,707.5225219726562,42
A,4,717,2316,912.4238891601562,42
A,4,718,2317,888.9039306640625,42
A,4,719,2318,827.1265869140625,42
A,4,720,2319,799.1235961914062,42
A,4,721,2320,828.4991455078125,42
A,4,722,2321,847.409423828125,42
A,4,723,2322,885.1112060546875,42
A,4,724,2323,807.7321166992188,42
A,4,725,2324,853.0283813476562,42
A,4,726,2325,811.7880859375,42
A,4,727,2326,791.162353515625,42
A,4,728,2327,873.8990478515625,42
A,4,729,2328,837.52392578125,42
A,4,730,2329,808.4622192382812,42
A,4,731,2330,898.4266967773438,42
A,4,732,2331,859.774169921875,42
A,4,733,2332,889.9000244140625,42
A,4,734,2333,826.8411865234375,42
A,4,735,2334,771.7238159179688,42
A,4,736,2335,718.865966796875,42
A,4,737,2336,935.9954833984375,42
A,4,738,2337,889.0869750976562,42
A,4,739,2338,799.5396728515625,42
A,4,740,2339,783.5220947265625,42
A,4,741,2340,818.9579467773438,42
A,4,742,2341,817.6116333007812,42
A,4,743,2342,748.90185546875,42
A,4,744,2343,863.5965576171875,42
A,4,745,2344,775.5023193359375,42
A,4,746,2345,806.6919555664062,42
A,4,747,2346,739.1317138671875,42
A,4,748,2347,811.1068725585938,42
A,4,749,2348,813.661376953125,42
A,4,750,2349,813.677978515625,42
A,4,751,2350,760.4129638671875,42
A,4,752,2351,760.4264526367188,42
A,4,753,2352,674.7304077148438,42
A,4,754,2353,660.026123046875,42
A,4,755,2354,710.958740234375,42
A,4,756,2355,669.7588500976562,42
A,4,757,2356,764.1456298828125,42
A,4,758,2357,715.3348999023438,42
A,4,759,2358,626.8328857421875,42
A,4,760,2359,715.443359375,42
A,4,761,2360,622.94384765625,42
A,4,762,2361,675.7385864257812,42
A,4,763,2362,672.50146484375,42
A,4,764,2363,541.2514038085938,42
A,4,765,2364,789.8688354492188,42
A,4,766,2365,633.332763671875,42
A,4,767,2366,689.3084716796875,42
A,4,768,2367,805.8670654296875,42
A,4,769,2368,753.0054321289062,42
A,4,770,2369,662.6053466796875,42
A,4,771,2370,689.0106811523438,42
A,4,772,2371,658.513916015625,42
A,4,773,2372,678.3172607421875,42
A,4,774,2373,719.4718017578125,42
A,4,775,2374,753.6460571289062,42
A,4,776,2375,623.7825317382812,42
A,4,777,2376,705.3563842773438,42
A,4,778,2377,754.7142944335938,42
A,4,779,2378,719.5516967773438,42
A,4,780,2379,744.646484375,42
A,4,781,2380,625.5678100585938,42
A,4,782,2381,732.85302734375,42
A,4,783,2382,731.3713989257812,42
A,4,784,2383,713.5230712890625,42
A,4,785,2384,724.81298828125,42
A,4,786,2385,674.6963500976562,42
A,4,787,2386,757.332275390625,42
A,4,788,2387,741.4293212890625,42
A,4,789,2388,668.2920532226562,42
A,4,790,2389,758.953369140625,42
A,4,791,2390,781.2853393554688,42
A,4,792,2391,622.2387084960938,42
A,4,793,2392,704.6138305664062,42
A,4,794,2393,811.7511596679688,42
A,4,795,2394,766.7714233398438,42
A,4,796,2395,632.783447265625,42
A,4,797,2396,760.5277709960938,42
A,4,798,2397,677.029541015625,42
A,4,799,2398,741.5703735351562,42
A,4,800,2399,721.6422729492188,42
A,4,801,2400,744.545654296875,42
A,4,802,2401,652.671875,42
A,4,803,2402,809.2056884765625,42
A,4,804,2403,766.2557373046875,42
A,4,805,2404,590.0728149414062,42
A,4,806,2405,730.1031494140625,42
A,4,807,2406,665.551025390625,42
A,4,808,2407,742.5175170898438,42
A,4,809,2408,802.9107666015625,42
A,4,810,2409,695.376708984375,42
A,4,811,2410,752.9259643554688,42
A,4,812,2411,844.52685546875,42
A,4,813,2412,734.9523315429688,42
A,4,814,2413,744.4070434570312,42
A,4,815,2414,758.1278076171875,42
A,4,816,2415,790.4549560546875,42
A,4,817,2416,796.0252075195312,42
A,4,818,2417,738.0183715820312,42
A,4,819,2418,720.8351440429688,42
A,4,820,2419,844.19287109375,42
A,4,821,2420,742.4933471679688,42
A,4,822,2421,768.2549438476562,42
A,4,823,2422,880.0989379882812,42
A,4,824,2423,747.4542846679688,42
A,4,825,2424,697.4535522460938,42
A,4,826,2425,735.6382446289062,42
A,4,827,2426,761.838134765625,42
A,4,828,2427,734.8095092773438,42
A,4,829,2428,804.0021362304688,42
A,4,830,2429,779.6121215820312,42
A,4,831,2430,741.65673828125,42
A,4,832,2431,725.81494140625,42
A,4,833,2432,744.1045532226562,42
A,4,834,2433,713.7109985351562,42
A,4,835,2434,718.2857666015625,42
A,4,836,2435,702.8319702148438,42
A,4,837,2436,759.7099609375,42
A,4,838,2437,800.6876220703125,42
A,4,839,2438,724.5560913085938,42
A,4,840,2439,700.4008178710938,42
A,4,841,2440,812.7734375,42
A,4,842,2441,748.8558349609375,42
A,4,843,2442,834.5123291015625,42
A,4,844,2443,814.4937133789062,42
A,4,845,2444,828.1903076171875,42
A,4,846,2445,790.2169189453125,42
A,4,847,2446,780.4383544921875,42
A,4,848,2447,666.4921875,42
A,4,849,2448,729.3853759765625,42
A,4,850,2449,739.2119140625,42
A,4,851,2450,667.5187377929688,42
A,4,852,2451,785.9402465820312,42
A,4,853,2452,719.8759765625,42
A,4,854,2453,746.2554321289062,42
A,4,855,2454,794.5797119140625,42
A,4,856,2455,850.1692504882812,42
A,4,857,2456,779.2377319335938,42
A,4,858,2457,761.6049194335938,42
A,4,859,2458,810.0604858398438,42
A,4,860,2459,714.6785278320312,42
A,4,861,2460,879.6882934570312,42
A,4,862,2461,733.0103149414062,42
A,4,863,2462,707.9500122070312,42
A,4,864,2463,863.0287475585938,42
A,4,865,2464,799.32421875,42
A,4,866,2465,745.9662475585938,42
A,4,867,2466,793.7491455078125,42
A,4,868,2467,744.2562255859375,42
A,4,869,2468,720.4063110351562,42
A,4,870,2469,803.4817504882812,42
A,4,871,2470,832.9383544921875,42
A,4,872,2471,721.1421508789062,42
A,4,873,2472,761.67626953125,42
A,4,874,2473,820.0702514648438,42
A,4,875,2474,829.6376953125,42
A,4,876,2475,815.565673828125,42
A,4,877,2476,701.5953979492188,42
A,4,878,2477,838.3499755859375,42
A,4,879,2478,704.9129638671875,42
A,4,880,2479,837.3915405273438,42
A,4,881,2480,828.417236328125,42
A,4,882,2481,831.4822387695312,42
A,4,883,2482,857.6862182617188,42
A,4,884,2483,870.3434448242188,42
A,4,885,2484,705.9996948242188,42
A,4,886,2485,784.1318969726562,42
A,4,887,2486,769.7103271484375,42
A,4,888,2487,669.1309204101562,42
A,4,889,2488,823.9292602539062,42
A,4,890,2489,842.6574096679688,42
A,4,891,2490,849.0335083007812,42
A,4,892,2491,829.8312377929688,42
A,4,893,2492,782.7294311523438,42
A,4,894,2493,801.9468994140625,42
A,4,895,2494,733.0343627929688,42
A,4,896,2495,764.150390625,42
A,4,897,2496,686.736083984375,42
A,4,898,2497,767.9121704101562,42
A,4,899,2498,719.4461059570312,42
A,4,900,2499,722.655029296875,42
A,4,901,2500,745.4467163085938,42
A,4,902,2501,760.6039428710938,42
A,4,903,2502,752.5173950195312,42
A,4,904,2503,758.4913330078125,42
A,4,905,2504,753.0552978515625,42
A,4,906,2505,764.5990600585938,42
A,4,907,2506,808.0328369140625,42
A,4,908,2507,701.9413452148438,42
A,4,909,2508,765.96875,42
A,4,910,2509,647.8679809570312,42
A,4,911,2510,750.8013916015625,42
A,4,912,2511,777.3154296875,42
A,4,913,2512,778.330078125,42
A,4,914,2513,751.3740234375,42
A,4,915,2514,769.2846069335938,42
A,4,916,2515,715.8722534179688,42
A,4,917,2516,696.4107666015625,42
A,4,918,2517,792.0601196289062,42
A,4,919,2518,789.5565185546875,42
A,4,920,2519,793.1182250976562,42
A,4,921,2520,658.4424438476562,42
A,4,922,2521,724.0736083984375,42
A,4,923,2522,667.64794921875,42
A,4,924,2523,659.1021728515625,42
A,5,700,3224,-3.728109121322632,42
A,5,701,3225,53.59219741821289,42
A,5,702,3226,128.28097534179688,42
A,5,703,3227,137.351318359375,42
A,5,704,3228,151.5427703857422,42
A,5,705,3229,211.2104034423828,42
A,5,706,3230,248.3369903564453,42
A,5,707,3231,311.750244140625,42
A,5,708,3232,353.8658142089844,42
A,5,709,3233,378.2137756347656,42
A,5,710,3234,376.0533752441406,42
A,5,711,3235,485.48876953125,42
A,5,712,3236,475.8034973144531,42
A,5,713,3237,574.2412719726562,42
A,5,714,3238,565.5960083007812,42
A,5,715,3239,682.232177734375,42
A,5,716,3240,655.9161987304688,42
A,5,717,3241,558.3222045898438,42
A,5,718,3242,653.935546875,42
A,5,719,3243,721.3662719726562,42
A,5,720,3244,756.1535034179688,42
A,5,721,3245,853.8998413085938,42
A,5,722,3246,861.7066650390625,42
A,5,723,3247,857.3720092773438,42
A,5,724,3248,766.0330810546875,42
A,5,725,3249,876.2435913085938,42
A,5,726,3250,841.0335693359375,42
A,5,727,3251,798.8895874023438,42
A,5,728,3252,892.71923828125,42
A,5,729,3253,860.6865844726562,42
A,5,730,3254,814.8948974609375,42
A,5,731,3255,910.013916015625,42
A,5,732,3256,873.6323852539062,42
A,5,733,3257,878.3179321289062,42
A,5,734,3258,923.5223999023438,42
A,5,735,3259,743.6117553710938,42
A,5,736,3260,842.3577270507812,42
A,5,737,3261,861.4681396484375,42
A,5,738,3262,898.4948120117188,42
A,5,739,3263,805.4921264648438,42
A,5,740,3264,799.9749145507812,42
A,5,741,3265,782.6129150390625,42
A,5,742,3266,839.7754516601562,42
A,5,743,3267,835.6741333007812,42
A,5,744,3268,782.7415771484375,42
A,5,745,3269,859.1222534179688,42
A,5,746,3270,783.932373046875,42
A,5,747,3271,880.8161010742188,42
A,5,748,3272,882.7129516601562,42
A,5,749,3273,826.9094848632812,42
A,5,750,3274,865.3390502929688,42
A,5,751,3275,874.9818115234375,42
A,5,752,3276,765.2260131835938,42
A,5,753,3277,824.7648315429688,42
A,5,754,3278,838.6885375976562,42
A,5,755,3279,796.9602661132812,42
A,5,756,3280,751.3615112304688,42
A,5,757,3281,758.26513671875,42
A,5,758,3282,842.27490234375,42
A,5,759,3283,819.837890625,42
A,5,760,3284,786.8475952148438,42
A,5,761,3285,715.0611572265625,42
A,5,762,3286,798.2967529296875,42
A,5,763,3287,830.1180419921875,42
A,5,764,3288,743.2352294921875,42
A,5,765,3289,808.4468994140625,42
A,5,766,3290,828.3555908203125,42
A,5,767,3291,706.482177734375,42
A,5,768,3292,687.0347290039062,42
A,5,769,3293,798.87451171875,42
A,5,770,3294,771.8180541992188,42
A,5,771,3295,729.5770263671875,42
A,5,772,3296,841.7600708007812,42
A,5,773,3297,740.9360961914062,42
A,5,774,3298,833.8418579101562,42
A,5,775,3299,852.2603759765625,42
A,5,776,3300,785.4738159179688,42
A,5,777,3301,751.134521484375,42
A,5,778,3302,879.3318481445312,42
A,5,779,3303,817.12158203125,42
A,5,780,3304,750.032958984375,42
A,5,781,3305,725.2735595703125,42
A,5,782,3306,760.2604370117188,42
A,5,783,3307,679.6760864257812,42
A,5,784,3308,694.2459716796875,42
A,5,785,3309,779.7452392578125,42
A,5,786,3310,837.2817993164062,42
A,5,787,3311,823.9459838867188,42
A,5,788,3312,806.3570556640625,42
A,5,789,3313,796.5436401367188,42
A,5,790,3314,762.7318115234375,42
A,5,791,3315,664.7802124023438,42
A,5,792,3316,805.9630737304688,42
A,5,793,3317,762.2235717773438,42
A,5,794,3318,677.9450073242188,42
A,5,795,3319,800.4223022460938,42
A,5,796,3320,796.8030395507812,42
A,5,797,3321,815.7439575195312,42
A,5,798,3322,804.171142578125,42
A,5,799,3323,786.7278442382812,42
A,5,800,3324,787.7762451171875,42
A,5,801,3325,830.7616577148438,42
A,5,802,3326,769.3908081054688,42
A,5,803,3327,754.2391967773438,42
A,5,804,3328,786.9969482421875,42
A,5,805,3329,857.9773559570312,42
A,5,806,3330,809.298828125,42
A,5,807,3331,892.0133666992188,42
A,5,808,3332,768.6463012695312,42
A,5,809,3333,818.107666015625,42
A,5,810,3334,801.9456787109375,42
A,5,811,3335,770.4039916992188,42
A,5,812,3336,796.1400146484375,42
A,5,813,3337,814.6921997070312,42
A,5,814,3338,892.5192260742188,42
A,5,815,3339,820.1426391601562,42
A,5,816,3340,783.6671752929688,42
A,5,817,3341,794.7805786132812,42
A,5,818,3342,792.37890625,42
A,5,819,3343,720.210205078125,42
A,5,820,3344,805.3126831054688,42
A,5,821,3345,847.41259765625,42
A,5,822,3346,769.41796875,42
A,5,823,3347,840.0223999023438,42
A,5,824,3348,818.2296142578125,42
A,5,825,3349,753.6911010742188,42
A,5,826,3350,849.5206298828125,42
A,5,827,3351,796.298583984375,42
A,5,828,3352,819.0634765625,42
A,5,829,3353,803.6212768554688,42
A,5,830,3354,695.2033081054688,42
A,5,831,3355,804.8462524414062,42
A,5,832,3356,824.9884643554688,42
A,5,833,3357,831.4387817382812,42
A,5,834,3358,817.9838256835938,42
A,5,835,3359,756.21044921875,42
A,5,836,3360,872.2474975585938,42
A,5,837,3361,790.1732177734375,42
A,5,838,3362,853.7095336914062,42
A,5,839,3363,784.8898315429688,42
A,5,840,3364,777.6490478515625,42
A,5,841,3365,751.3727416992188,42
A,5,842,3366,753.9141235351562,42
A,5,843,3367,798.229248046875,42
A,5,844,3368,830.2051391601562,42
A,5,845,3369,794.021728515625,42
A,5,846,3370,768.0990600585938,42
A,5,847,3371,756.1634521484375,42
A,5,848,3372,847.6219482421875,42
A,5,849,3373,785.5663452148438,42
A,5,850,3374,743.3080444335938,42
A,5,851,3375,718.5682373046875,42
A,5,852,3376,819.840087890625,42
A,5,853,3377,825.1198120117188,42
A,5,854,3378,805.576416015625,42
A,5,855,3379,832.9078369140625,42
A,5,856,3380,785.1355590820312,42
A,5,857,3381,851.9839477539062,42
A,5,858,3382,843.7032470703125,42
A,5,859,3383,786.567626953125,42
A,5,860,3384,762.5648193359375,42
A,5,861,3385,776.1148071289062,42
A,5,862,3386,814.3642578125,42
A,5,863,3387,825.7163696289062,42
A,5,864,3388,756.6982421875,42
A,5,865,3389,811.5728759765625,42
A,5,866,3390,824.8226318359375,42
A,5,867,3391,833.8192138671875,42
A,5,868,3392,747.786865234375,42
A,5,869,3393,720.384521484375,42
A,5,870,3394,701.9761352539062,42
A,5,871,3395,845.0211181640625,42
A,5,872,3396,875.03857421875,42
A,5,873,3397,656.4631958007812,42
A,5,874,3398,695.86962890625,42
A,5,875,3399,812.6287231445312,42
A,5,876,3400,819.081298828125,42
A,5,877,3401,801.934326171875,42
A,5,878,3402,754.0449829101562,42
A,5,879,3403,795.9956665039062,42
A,5,880,3404,799.7144775390625,42
A,5,881,3405,702.1295776367188,42
A,5,882,3406,804.1793823242188,42
A,5,883,3407,795.3592529296875,42
A,5,884,3408,766.7101440429688,42
A,5,885,3409,782.39013671875,42
A,5,886,3410,740.8468017578125,42
A,5,887,3411,672.404296875,42
A,5,888,3412,752.970458984375,42
A,5,889,3413,798.1358032226562,42
A,5,890,3414,786.3145141601562,42
A,5,891,3415,784.0097045898438,42
A,5,892,3416,823.339111328125,42
A,5,893,3417,831.7739868164062,42
A,5,894,3418,730.5360107421875,42
A,5,895,3419,761.3740234375,42
A,5,896,3420,731.1215209960938,42
A,5,897,3421,710.1242065429688,42
A,5,898,3422,763.6222534179688,42
A,5,899,3423,737.10205078125,42
A,5,900,3424,707.7974243164062,42
A,5,901,3425,722.7986450195312,42
A,5,902,3426,734.6212158203125,42
A,5,903,3427,673.7168579101562,42
A,5,904,3428,738.9793090820312,42
A,5,905,3429,850.0802001953125,42
A,5,906,3430,857.1437377929688,42
A,5,907,3431,805.5354614257812,42
A,5,908,3432,783.814697265625,42
A,5,909,3433,869.1302490234375,42
A,5,910,3434,776.7972412109375,42
A,5,911,3435,746.1578979492188,42
A,5,912,3436,802.5385131835938,42
A,5,913,3437,818.298095703125,42
A,5,914,3438,756.7434692382812,42
A,5,915,3439,782.54833984375,42
A,5,916,3440,879.333251953125,42
A,5,917,3441,815.1256103515625,42
A,5,918,3442,800.030029296875,42
A,5,919,3443,844.8414306640625,42
A,5,920,3444,790.0112915039062,42
A,5,921,3445,793.6586303710938,42
A,5,922,3446,763.1217041015625,42
A,5,923,3447,732.2137451171875,42
A,5,924,3448,792.2894897460938,42
A,5,925,3449,783.5381469726562,42
A,5,926,3450,832.1752319335938,42
A,5,927,3451,745.0428466796875,42
A,5,928,3452,825.5050048828125,42
A,5,929,3453,759.0140380859375,42
A,5,930,3454,879.865478515625,42
A,5,931,3455,821.3992919921875,42
A,5,932,3456,854.219482421875,42
A,5,933,3457,785.3734741210938,42
A,5,934,3458,700.8195190429688,42
A,5,935,3459,791.3718872070312,42
A,5,936,3460,813.0772094726562,42
A,5,937,3461,802.818603515625,42
A,5,938,3462,730.1067504882812,42
A,5,939,3463,762.3893432617188,42
A,5,940,3464,834.4213256835938,42
A,5,941,3465,775.5234375,42
A,5,942,3466,815.457275390625,42
A,5,943,3467,895.620849609375,42
A,5,944,3468,823.9752807617188,42
A,5,945,3469,765.2438354492188,42
A,5,946,3470,746.8546752929688,42
A,5,947,3471,796.4436645507812,42
A,5,948,3472,685.897216796875,42
A,5,949,3473,751.8964233398438,42
A,5,950,3474,776.4918212890625,42
A,5,951,3475,827.239501953125,42
A,5,952,3476,799.3051147460938,42
A,5,953,3477,839.7955932617188,42
A,5,954,3478,698.697021484375,42
A,5,955,3479,652.6336669921875,42
A,5,956,3480,859.072265625,42
A,5,957,3481,789.1079711914062,42
A,5,958,3482,714.6515502929688,42
A,5,959,3483,789.108642578125,42
A,5,960,3484,686.60888671875,42
A,5,961,3485,746.0907592773438,42
A,5,962,3486,702.9615478515625,42
A,5,963,3487,725.2486572265625,42
A,5,964,3488,786.1502075195312,42
A,5,965,3489,782.99267578125,42
A,5,966,3490,752.2320556640625,42
A,5,967,3491,757.1862182617188,42
A,5,968,3492,761.322509765625,42
A,5,969,3493,759.6101684570312,42
A,5,970,3494,792.9562377929688,42
A,5,971,3495,708.8011474609375,42
A,5,972,3496,786.7305908203125,42
A,5,973,3497,788.7096557617188,42
A,5,974,3498,789.7593383789062,42
A,5,975,3499,777.8238525390625,42
A,5,976,3500,747.7378540039062,42
A,5,977,3501,697.0071411132812,42
A,5,978,3502,757.7997436523438,42
A,5,979,3503,738.3162841796875,42
A,5,980,3504,711.1748657226562,42
A,5,981,3505,778.807861328125,42
A,5,982,3506,753.8765258789062,42
A,5,983,3507,752.23486328125,42
A,5,984,3508,685.36376953125,42
A,5,985,3509,646.2001342773438,42
A,5,986,3510,703.6033935546875,42
A,5,987,3511,661.7871704101562,42
A,5,988,3512,782.2429809570312,42
A,5,989,3513,598.8548583984375,42
A,5,990,3514,685.1678466796875,42
A,5,991,3515,673.1181640625,42
A,5,992,3516,666.280029296875,42
A,5,993,3517,781.3871459960938,42
A,5,994,3518,745.89794921875,42
A,5,995,3519,712.5548706054688,42
A,5,996,3520,821.0132446289062,42
A,5,997,3521,799.5952758789062,42
A,5,998,3522,767.7169189453125,42
A,5,999,3523,770.192626953125,42
B,1,0,0,-98.54651641845703,42
B,1,1,1,-99.86707305908203,42
B,1,2,2,-101.06018829345703,42
B,1,3,3,-96.56317138671875,42
B,1,4,4,-96.14768981933594,42
B,1,5,5,-91.872802734375,42
B,1,6,6,-90.91400146484375,42
B,1,7,7,-88.60885620117188,42
B,1,8,8,-87.65267944335938,42
B,1,9,9,-87.57000732421875,42
B,1,10,10,-83.76927185058594,42
B,1,11,11,-86.53575897216797,42
B,1,12,12,-83.41773223876953,42
B,1,13,13,-82.86820220947266,42
B,1,14,14,-66.53713989257812,42
B,1,15,15,-71.73526763916016,42
B,1,16,16,-64.71369171142578,42
B,1,17,17,-67.02780151367188,42
B,1,18,18,-69.63089752197266,42
B,1,19,19,-85.3808822631836,42
B,1,20,20,-102.28341674804688,42
B,1,21,21,-128.2179718017578,42
B,1,22,22,-109.94656372070312,42
B,1,23,23,-110.92822265625,42
B,1,24,24,-161.74517822265625,42
B,1,25,25,-207.3154754638672,42
B,1,26,26,-186.74151611328125,42
B,1,27,27,-187.92701721191406,42
B,1,28,28,-219.65480041503906,42
B,1,29,29,-242.48255920410156,42
B,1,30,30,-219.6680450439453,42
B,1,31,31,-228.01609802246094,42
B,1,32,32,-242.79026794433594,42
B,1,33,33,-293.53875732421875,42
B,1,34,34,-312.2818603515625,42
B,1,35,35,-121.97521209716797,42
B,1,36,36,-31.03171157836914,42
B,1,37,37,27.2322998046875,42
B,1,38,38,104.74777221679688,42
B,1,39,39,-86.60760498046875,42
B,1,40,40,-17.818435668945312,42
B,1,41,41,0.27461662888526917,42
B,1,42,42,102.25727844238281,42
B,1,43,43,77.19581604003906,42
B,1,44,44,65.43954467773438,42
B,1,45,45,185.9410858154297,42
B,1,46,46,23.15652084350586,42
B,1,47,47,176.7914581298828,42
B,1,48,48,87.91783905029297,42
B,1,49,49,237.92794799804688,42
B,1,50,50,195.02687072753906,42
B,1,51,51,321.0040588378906,42
B,1,52,52,261.4493103027344,42
B,1,53,53,251.17442321777344,42
B,1,54,54,265.7674560546875,42
B,1,55,55,220.84609985351562,42
B,1,56,56,386.7572326660156,42
B,1,57,57,317.0281982421875,42
B,1,58,58,535.6165161132812,42
B,1,59,59,524.8851318359375,42
B,1,60,60,558.8232421875,42
B,1,61,61,591.3728637695312,42
B,1,62,62,582.881591796875,42
B,1,63,63,558.4264526367188,42
B,1,64,64,705.7808837890625,42
B,1,65,65,608.8074340820312,42
B,1,66,66,695.5081787109375,42
B,1,67,67,745.56982421875,42
B,1,68,68,652.13623046875,42
B,1,69,69,689.9346923828125,42
B,1,70,70,730.8138427734375,42
B,1,71,71,636.2518310546875,42
B,1,72,72,709.9755859375,42
B,1,73,73,788.3992919921875,42
B,1,74,74,844.5147705078125,42
B,1,75,75,772.2544555664062,42
B,1,76,76,747.7448120117188,42
B,1,77,77,892.162109375,42
B,1,78,78,778.9580078125,42
B,1,79,79,783.6522216796875,42
B,1,80,80,773.0477294921875,42
B,1,81,81,841.9778442382812,42
B,1,82,82,778.8524169921875,42
B,1,83,83,862.627685546875,42
B,1,84,84,909.4548950195312,42
B,1,85,85,952.454833984375,42
B,1,86,86,920.179931640625,42
B,1,87,87,868.0071411132812,42
B,1,88,88,861.4502563476562,42
B,1,89,89,814.2850341796875,42
B,1,90,90,790.1603393554688,42
B,1,91,91,872.8138427734375,42
B,1,92,92,916.2199096679688,42
B,1,93,93,922.7129516601562,42
B,1,94,94,914.3099975585938,42
B,1,95,95,879.1204223632812,42
B,1,96,96,920.3138427734375,42
B,1,97,97,956.3486328125,42
B,1,98,98,847.0366821289062,42
B,1,99,99,941.2245483398438,42
B,1,100,100,881.5535278320312,42
B,1,101,101,977.1178588867188,42
B,1,102,102,1050.661376953125,42
B,1,103,103,992.2333984375,42
B,1,104,104,937.4234619140625,42
B,1,105,105,1072.400634765625,42
B,1,106,106,923.58544921875,42
B,1,107,107,994.6492309570312,42
B,1,108,108,927.3687744140625,42
B,1,109,109,967.0836791992188,42
B,1,110,110,980.8125610351562,42
B,1,111,111,1013.2621459960938,42
B,1,112,112,1101.28369140625,42
B,1,113,113,1043.3492431640625,42
B,1,114,114,1052.485595703125,42
B,1,115,115,1019.2578735351562,42
B,1,116,116,959.1837768554688,42
B,1,117,117,932.66748046875,42
B,1,118,118,1022.9207763671875,42
B,1,119,119,1015.0784912109375,42
B,1,120,120,1047.7059326171875,42
B,1,121,121,1055.49462890625,42
B,1,122,122,1087.7073974609375,42
B,1,123,123,1043.6990966796875,42
B,1,124,124,1102.7613525390625,42
B,1,125,125,1041.737060546875,42
B,1,126,126,1038.3123779296875,42
B,1,127,127,1068.8809814453125,42
B,1,128,128,1038.05029296875,42
B,1,129,129,980.6925048828125,42
B,1,130,130,997.2212524414062,42
B,1,131,131,920.4270629882812,42
B,1,132,132,981.7776489257812,42
B,1,133,133,855.4229125976562,42
B,1,134,134,948.3729858398438,42
B,1,135,135,1056.12646484375,42
B,1,136,136,983.2608642578125,42
B,1,137,137,994.450439453125,42
B,1,138,138,1030.556396484375,42
B,1,139,139,1036.9395751953125,42
B,1,140,140,957.0215454101562,42
B,1,141,141,990.4193725585938,42
B,1,142,142,1001.7781982421875,42
B,1,143,143,1008.6430053710938,42
B,1,144,144,1097.1795654296875,42
B,1,145,145,1046.60791015625,42
B,1,146,146,1077.5343017578125,42
B,1,147,147,998.7169799804688,42
B,1,148,148,1000.8527221679688,42
B,1,149,149,1005.2227783203125,42
B,1,150,150,1018.3923950195312,42
B,1,151,151,1086.548828125,42
B,1,152,152,923.11962890625,42
B,1,153,153,1000.6909790039062,42
B,1,154,154,975.3092651367188,42
B,1,155,155,1164.71044921875,42
B,1,156,156,1142.2069091796875,42
B,1,157,157,1036.4920654296875,42
B,1,158,158,979.8452758789062,42
B,1,159,159,900.9013061523438,42
B,1,160,160,1103.7115478515625,42
B,1,161,161,1148.5933837890625,42
B,1,162,162,1076.939208984375,42
B,1,163,163,1084.2574462890625,42
B,1,164,164,1111.531005859375,42
B,1,165,165,1035.9154052734375,42
B,1,166,166,1069.920654296875,42
B,1,167,167,1041.2264404296875,42
B,1,168,168,1076.6365966796875,42
B,1,169,169,1146.1036376953125,42
B,1,170,170,1109.5592041015625,42
B,1,171,171,1072.993408203125,42
B,1,172,172,1015.8261108398438,42
B,1,173,173,1013.9989013671875,42
B,1,174,174,1040.1026611328125,42
B,1,175,175,1145.7119140625,42
B,1,176,176,979.2110595703125,42
B,1,177,177,980.9664306640625,42
B,1,178,178,1014.234130859375,42
B,1,179,179,981.1043701171875,42
B,1,180,180,873.5535888671875,42
B,1,181,181,1069.562255859375,42
B,1,182,182,1104.2027587890625,42
B,1,183,183,1012.8351440429688,42
B,1,184,184,1067.335205078125,42
B,1,185,185,1029.470947265625,42
B,1,186,186,1011.9697265625,42
B,1,187,187,1026.135498046875,42
B,1,188,188,1013.5136108398438,42
B,1,189,189,1111.805908203125,42
B,1,190,190,1125.739013671875,42
B,1,191,191,1019.906982421875,42
B,1,192,192,956.8895874023438,42
B,1,193,193,802.68359375,42
B,1,194,194,971.2911376953125,42
B,1,195,195,761.94140625,42
B,1,196,196,774.9780883789062,42
B,1,197,197,912.3871459960938,42
B,1,198,198,923.512939453125,42
B,1,199,199,904.7120361328125,42
B,1,200,200,868.7914428710938,42
B,1,201,201,908.1307373046875,42
B,1,202,202,1060.25048828125,42
B,1,203,203,952.2738647460938,42
B,1,204,204,941.0584106445312,42
B,1,205,205,1035.01220703125,42
B,1,206,206,921.92041015625,42
B,1,207,207,955.1868896484375,42
B,1,208,208,937.6755981445312,42
B,1,209,209,966.3475341796875,42
B,1,210,210,894.1580810546875,42
B,1,211,211,932.28173828125,42
B,1,212,212,904.75927734375,42
B,1,213,213,940.7103881835938,42
B,1,214,214,1048.8887939453125,42
B,1,215,215,907.830322265625,42
B,1,216,216,990.5430297851562,42
B,1,217,217,1023.7628173828125,42
B,1,218,218,1036.56396484375,42
B,1,219,219,1033.644775390625,42
B,1,220,220,1067.7060546875,42
B,1,221,221,1122.5780029296875,42
B,1,222,222,1112.5758056640625,42
B,1,223,223,1136.858642578125,42
B,1,224,224,1139.22509765625,42
B,1,225,225,1204.4254150390625,42
B,1,226,226,1261.16552734375,42
B,1,227,227,1147.74560546875,42
B,1,228,228,1126.70361328125,42
B,1,229,229,1177.880859375,42
B,1,230,230,1119.45458984375,42
B,1,231,231,1146.7640380859375,42
B,1,232,232,1090.0809326171875,42
B,1,233,233,1136.9305419921875,42
B,1,234,234,1157.5487060546875,42
B,1,235,235,1166.544189453125,42
B,1,236,236,1029.0389404296875,42
B,1,237,237,958.0358276367188,42
B,1,238,238,836.8482666015625,42
B,1,239,239,802.8501586914062,42
B,1,240,240,919.1025390625,42
B,1,241,241,550.6065063476562,42
B,1,242,242,491.67236328125,42
B,1,243,243,934.7079467773438,42
B,1,244,244,981.969482421875,42
B,1,245,245,1050.9874267578125,42
B,1,246,246,1163.896484375,42
B,1,247,247,1023.8260498046875,42
B,1,248,248,1120.2412109375,42
B,1,249,249,1045.66064453125,42
B,1,250,250,988.1184692382812,42
B,1,251,251,837.8532104492188,42
B,1,252,252,1004.980712890625,42
B,1,253,253,857.9524536132812,42
B,1,254,254,927.4036254882812,42
B,1,255,255,955.7537841796875,42
B,1,256,256,858.0887451171875,42
B,1,257,257,884.244384765625,42
B,1,258,258,1029.7529296875,42
B,1,259,259,1024.2315673828125,42
B,1,260,260,974.5424194335938,42
B,1,261,261,922.2117919921875,42
B,1,262,262,1056.9168701171875,42
B,1,263,263,1075.9617919921875,42
B,1,264,264,1075.7369384765625,42
B,1,265,265,1028.65625,42
B,1,266,266,1069.423583984375,42
B,1,267,267,967.3540649414062,42
B,1,268,268,1066.6876220703125,42
B,1,269,269,1030.515625,42
B,1,270,270,1107.104736328125,42
B,1,271,271,1074.58935546875,42
B,1,272,272,1110.13525390625,42
B,1,273,273,1008.8992919921875,42
B,1,274,274,1122.057861328125,42
B,1,275,275,1162.6595458984375,42
B,1,276,276,1137.831298828125,42
B,1,277,277,1172.3978271484375,42
B,1,278,278,1184.89599609375,42
B,1,279,279,1169.87451171875,42
B,1,280,280,1117.9324951171875,42
B,1,281,281,1144.03564453125,42
B,1,282,282,1234.85986328125,42
B,1,283,283,1240.1712646484375,42
B,1,284,284,1207.3248291015625,42
B,1,285,285,1219.090576171875,42
B,1,286,286,1258.3502197265625,42
B,1,287,287,1250.05419921875,42
B,1,288,288,1098.7877197265625,42
B,1,289,289,1110.913330078125,42
B,1,290,290,1256.1070556640625,42
B,1,291,291,1130.8089599609375,42
B,1,292,292,1159.424072265625,42
B,1,293,293,1171.4537353515625,42
B,1,294,294,1139.68701171875,42
B,1,295,295,1243.7220458984375,42
B,1,296,296,1164.169677734375,42
B,1,297,297,1085.06494140625,42
B,1,298,298,1169.7218017578125,42
B,1,299,299,1126.11376953125,42
B,2,225,525,48.89441680908203,42
B,2,226,526,104.44873046875,42
B,2,227,527,174.86326599121094,42
B,2,228,528,224.5348663330078,42
B,2,229,529,265.3871765136719,42
B,2,230,530,288.1698303222656,42
B,2,231,531,343.0110168457031,42
B,2,232,532,394.81170654296875,42
B,2,233,533,433.2667541503906,42
B,2,234,534,533.4501953125,42
B,2,235,535,557.8001708984375,42
B,2,236,536,527.9465942382812,42
B,2,237,537,609.8258666992188,42
B,2,238,538,644.374267578125,42
B,2,239,539,625.2188720703125,42
B,2,240,540,589.091064453125,42
B,2,241,541,672.0579833984375,42
B,2,242,542,876.1834716796875,42
B,2,243,543,931.7486572265625,42
B,2,244,544,1070.65185546875,42
B,2,245,545,1062.2716064453125,42
B,2,246,546,1073.569580078125,42
B,2,247,547,1046.7882080078125,42
B,2,248,548,1050.48681640625,42
B,2,249,549,1019.2958374023438,42
B,2,250,550,1127.068603515625,42
B,2,251,551,1075.6212158203125,42
B,2,252,552,1146.9605712890625,42
B,2,253,553,1098.2984619140625,42
B,2,254,554,1212.1871337890625,42
B,2,255,555,1081.0115966796875,42
B,2,256,556,1015.61083984375,42
B,2,257,557,1139.5499267578125,42
B,2,258,558,1038.1319580078125,42
B,2,259,559,1053.71875,42
B,2,260,560,1085.5045166015625,42
B,2,261,561,1007.6273193359375,42
B,2,262,562,1104.70654296875,42
B,2,263,563,1039.8385009765625,42
B,2,264,564,1104.8885498046875,42
B,2,265,565,1121.3369140625,42
B,2,266,566,1151.38671875,42
B,2,267,567,1148.8590087890625,42
B,2,268,568,1120.371337890625,42
B,2,269,569,1154.432861328125,42
B,2,270,570,1161.9033203125,42
B,2,271,571,1186.3046875,42
B,2,272,572,1122.1524658203125,42
B,2,273,573,1221.759033203125,42
B,2,274,574,1143.5283203125,42
B,2,275,575,1139.8433837890625,42
B,2,276,576,1220.030029296875,42
B,2,277,577,1207.1700439453125,42
B,2,278,578,1158.193359375,42
B,2,279,579,1156.22314453125,42
B,2,280,580,1118.2406005859375,42
B,2,281,581,1156.4952392578125,42
B,2,282,582,1127.35400390625,42
B,2,283,583,1180.7288818359375,42
B,2,284,584,1165.1988525390625,42
B,2,285,585,1008.5680541992188,42
B,2,286,586,1203.2528076171875,42
B,2,287,587,1172.4305419921875,42
B,2,288,588,1146.598388671875,42
B,2,289,589,1126.1646728515625,42
B,2,290,590,1140.3087158203125,42
B,2,291,591,1067.0450439453125,42
B,2,292,592,1153.9237060546875,42
B,2,293,593,1165.90966796875,42
B,2,294,594,1163.4508056640625,42
B,2,295,595,1157.9678955078125,42
B,2,296,596,1142.122314453125,42
B,2,297,597,1117.8824462890625,42
B,2,298,598,1142.8880615234375,42
B,2,299,599,1094.145751953125,42
B,2,300,600,1075.71044921875,42
B,2,301,601,1076.2940673828125,42
B,2,302,602,1150.3504638671875,42
B,2,303,603,1111.1114501953125,42
B,2,304,604,1108.2764892578125,42
B,2,305,605,1187.9678955078125,42
B,2,306,606,1191.7025146484375,42
B,2,307,607,1105.33203125,42
B,2,308,608,1070.6663818359375,42
B,2,309,609,1163.6065673828125,42
B,2,310,610,1092.2425537109375,42
B,2,311,611,1103.6298828125,42
B,2,312,612,1146.5394287109375,42
B,2,313,613,1078.43994140625,42
B,2,314,614,1100.65087890625,42
B,2,315,615,1079.355712890625,42
B,2,316,616,1132.303466796875,42
B,2,317,617,1105.6336669921875,42
B,2,318,618,1136.6602783203125,42
B,2,319,619,1098.236083984375,42
B,2,320,620,1151.642333984375,42
B,2,321,621,1123.290771484375,42
B,2,322,622,1108.856689453125,42
B,2,323,623,1113.610595703125,42
B,2,324,624,1131.360107421875,42
B,2,325,625,1074.6456298828125,42
B,2,326,626,937.8700561523438,42
B,2,327,627,802.3455810546875,42
B,2,328,628,835.5642700195312,42
B,2,329,629,1048.966796875,42
B,2,330,630,1119.1890869140625,42
B,2,331,631,1111.1829833984375,42
B,2,332,632,1089.3328857421875,42
B,2,333,633,1118.964599609375,42
B,2,334,634,1107.01220703125,42
B,2,335,635,1150.27734375,42
B,2,336,636,1120.953857421875,42
B,2,337,637,1121.2763671875,42
B,2,338,638,1123.406982421875,42
B,2,339,639,1123.7154541015625,42
B,2,340,640,1192.2498779296875,42
B,2,341,641,1120.946533203125,42
B,2,342,642,1110.7044677734375,42
B,2,343,643,1166.0511474609375,42
B,2,344,644,1021.7675170898438,42
B,2,345,645,1177.3541259765625,42
B,2,346,646,1069.5728759765625,42
B,2,347,647,997.2839965820312,42
B,2,348,648,1123.2255859375,42
B,2,349,649,1067.747314453125,42
B,2,350,650,1092.4249267578125,42
B,2,351,651,1148.355224609375,42
B,2,352,652,1109.191162109375,42
B,2,353,653,1084.9342041015625,42
B,2,354,654,1126.523193359375,42
B,2,355,655,1223.244384765625,42
B,2,356,656,1223.960693359375,42
B,2,357,657,1160.5325927734375,42
B,2,358,658,1169.1881103515625,42
B,2,359,659,1202.726318359375,42
B,2,360,660,1164.4110107421875,42
B,2,361,661,1186.73486328125,42
B,2,362,662,1197.0902099609375,42
B,2,363,663,1179.2586669921875,42
B,2,364,664,1215.6669921875,42
B,2,365,665,1277.98779296875,42
B,2,366,666,1193.023681640625,42
B,2,367,667,1236.7568359375,42
B,2,368,668,1171.1522216796875,42
B,2,369,669,1201.9954833984375,42
B,2,370,670,1190.7857666015625,42
B,2,371,671,1113.1351318359375,42
B,2,372,672,1166.85400390625,42
B,2,373,673,1151.83544921875,42
B,2,374,674,1155.1673583984375,42
B,2,375,675,1198.8529052734375,42
B,2,376,676,1105.51123046875,42
B,2,377,677,1115.6871337890625,42
B,2,378,678,1138.121826171875,42
B,2,379,679,1150.6053466796875,42
B,2,380,680,1117.5496826171875,42
B,2,381,681,1112.153076171875,42
B,2,382,682,1081.681396484375,42
B,2,383,683,1004.94384765625,42
B,2,384,684,1069.52294921875,42
B,2,385,685,1209.38037109375,42
B,2,386,686,1192.7952880859375,42
B,2,387,687,1130.77734375,42
B,2,388,688,1192.1279296875,42
B,2,389,689,1092.5113525390625,42
B,2,390,690,1190.103515625,42
B,2,391,691,1194.9271240234375,42
B,2,392,692,1189.3192138671875,42
B,2,393,693,1216.2705078125,42
B,2,394,694,1143.933837890625,42
B,2,395,695,1147.2271728515625,42
B,2,396,696,1070.8553466796875,42
B,2,397,697,1051.985107421875,42
B,2,398,698,1140.4984130859375,42
B,2,399,699,1178.1939697265625,42
B,2,400,700,1152.408203125,42
B,2,401,701,1110.1220703125,42
B,2,402,702,1121.1728515625,42
B,2,403,703,1165.630859375,42
B,2,404,704,1158.41259765625,42
B,2,405,705,1181.849609375,42
B,2,406,706,1267.23193359375,42
B,2,407,707,1197.47412109375,42
B,2,408,708,1196.20703125,42
B,2,409,709,1202.6517333984375,42
B,2,410,710,1214.606689453125,42
B,2,411,711,1134.9959716796875,42
B,2,412,712,1140.3922119140625,42
B,2,413,713,1204.91357421875,42
B,2,414,714,1140.0740966796875,42
B,2,415,715,1106.112548828125,42
B,2,416,716,951.7667236328125,42
B,2,417,717,1063.21484375,42
B,2,418,718,1138.209228515625,42
B,2,419,719,1220.3546142578125,42
B,2,420,720,1201.583984375,42
B,2,421,721,1213.3917236328125,42
B,2,422,722,1213.5970458984375,42
B,2,423,723,1181.60986328125,42
B,2,424,724,1256.9765625,42
B,2,425,725,1134.181884765625,42
B,2,426,726,1175.353759765625,42
B,2,427,727,1198.5435791015625,42
B,2,428,728,1237.704833984375,42
B,2,429,729,1183.30712890625,42
B,2,430,730,1174.045166015625,42
B,2,431,731,1128.2596435546875,42
B,2,432,732,1238.9967041015625,42
B,2,433,733,1143.9521484375,42
B,2,434,734,1155.5860595703125,42
B,2,435,735,1120.9559326171875,42
B,2,436,736,1166.80126953125,42
B,2,437,737,1208.492431640625,42
B,2,438,738,1171.7020263671875,42
B,2,439,739,1157.759765625,42
B,2,440,740,1197.5634765625,42
B,2,441,741,1182.32666015625,42
B,2,442,742,1255.10302734375,42
B,2,443,743,1234.6502685546875,42
B,2,444,744,1145.44140625,42
B,2,445,745,1183.875244140625,42
B,2,446,746,1160.0892333984375,42
B,2,447,747,1163.61474609375,42
B,2,448,748,1111.8690185546875,42
B,2,449,749,1150.161376953125,42
B,2,450,750,1199.7154541015625,42
B,2,451,751,1165.2838134765625,42
B,2,452,752,1230.0478515625,42
B,2,453,753,1286.16455078125,42
B,2,454,754,1209.800048828125,42
B,2,455,755,1230.95361328125,42
B,2,456,756,1171.010986328125,42
B,2,457,757,1165.683349609375,42
B,2,458,758,1208.538330078125,42
B,2,459,759,1150.4925537109375,42
B,2,460,760,1190.1533203125,42
B,2,461,761,1178.0025634765625,42
B,2,462,762,1167.761962890625,42
B,2,463,763,1216.18017578125,42
B,2,464,764,1176.558349609375,42
B,2,465,765,1176.591552734375,42
B,2,466,766,1204.6845703125,42
B,2,467,767,1257.36669921875,42
B,2,468,768,1198.8514404296875,42
B,2,469,769,1287.2132568359375,42
B,2,470,770,1220.3656005859375,42
B,2,471,771,1186.6265869140625,42
B,2,472,772,1198.7008056640625,42
B,2,473,773,1196.2315673828125,42
B,2,474,774,1227.501708984375,42
B,2,475,775,1201.983154296875,42
B,2,476,776,1185.637451171875,42
B,2,477,777,1206.4825439453125,42
B,2,478,778,1179.937744140625,42
B,2,479,779,1131.942626953125,42
B,2,480,780,1114.3543701171875,42
B,2,481,781,1186.6915283203125,42
B,2,482,782,1141.7039794921875,42
B,2,483,783,1145.0814208984375,42
B,2,484,784,1165.93896484375,42
B,2,485,785,1074.8350830078125,42
B,2,486,786,1140.07568359375,42
B,2,487,787,1199.2584228515625,42
B,2,488,788,1211.315185546875,42
B,2,489,789,1210.71142578125,42
B,2,490,790,1162.0029296875,42
B,2,491,791,1081.60107421875,42
B,2,492,792,1127.638427734375,42
B,2,493,793,1051.427978515625,42
B,2,494,794,1058.4381103515625,42
B,2,495,795,893.9127197265625,42
B,2,496,796,935.52783203125,42
B,2,497,797,1032.067626953125,42
B,2,498,798,1000.7061157226562,42
B,2,499,799,977.7630004882812,42
B,2,500,800,1083.4931640625,42
B,2,501,801,1065.20703125,42
B,2,502,802,1012.9281005859375,42
B,2,503,803,1055.5921630859375,42
B,2,504,804,1041.039306640625,42
B,2,505,805,1052.3956298828125,42
B,2,506,806,1103.2071533203125,42
B,2,507,807,1003.2123413085938,42
B,2,508,808,1054.4512939453125,42
B,2,509,809,1049.44287109375,42
B,2,510,810,1098.052978515625,42
B,2,511,811,980.6175537109375,42
B,2,512,812,948.0075073242188,42
B,2,513,813,1040.028564453125,42
B,2,514,814,1041.547607421875,42
B,2,515,815,1007.7155151367188,42
B,2,516,816,1016.539306640625,42
B,2,517,817,1015.7411499023438,42
B,2,518,818,1058.3604736328125,42
B,2,519,819,1163.4534912109375,42
B,2,520,820,1098.91162109375,42
B,2,521,821,1152.4754638671875,42
B,2,522,822,1037.2772216796875,42
B,2,523,823,1198.139404296875,42
B,2,524,824,1115.3966064453125,42
B,2,525,825,1214.0263671875,42
B,2,526,826,1258.92822265625,42
B,2,527,827,1141.81103515625,42
B,2,528,828,1175.4525146484375,42
B,2,529,829,1223.88232421875,42
B,2,530,830,1188.963134765625,42
B,2,531,831,1191.0709228515625,42
B,2,532,832,1172.0849609375,42
B,2,533,833,1116.86865234375,42
B,2,534,834,1235.316162109375,42
B,2,535,835,1226.0654296875,42
B,2,536,836,1256.936279296875,42
B,2,537,837,1199.332275390625,42
B,2,538,838,1182.246826171875,42
B,2,539,839,1217.5826416015625,42
B,2,540,840,1170.9241943359375,42
B,2,541,841,1227.7711181640625,42
B,2,542,842,1149.4766845703125,42
B,2,543,843,1168.0396728515625,42
B,2,544,844,1271.0517578125,42
B,2,545,845,1183.7091064453125,42
B,2,546,846,1181.4195556640625,42
B,2,547,847,1130.4866943359375,42
B,2,548,848,1197.3809814453125,42
B,2,549,849,1223.5367431640625,42
B,2,550,850,1223.8419189453125,42
B,2,551,851,1291.8887939453125,42
B,2,552,852,1185.286376953125,42
B,2,553,853,1177.8486328125,42
B,2,554,854,1145.23486328125,42
B,2,555,855,1192.151611328125,42
B,2,556,856,1074.9010009765625,42
B,2,557,857,919.9837036132812,42
B,2,558,858,923.1856689453125,42
B,2,559,859,995.022216796875,42
B,2,560,860,1160.4195556640625,42
B,2,561,861,1147.40185546875,42
B,2,562,862,1166.2745361328125,42
B,2,563,863,1166.37109375,42
B,2,564,864,966.7125854492188,42
B,2,565,865,738.6549072265625,42
B,2,566,866,817.9158935546875,42
B,2,567,867,1021.1610107421875,42
B,2,568,868,1107.7022705078125,42
B,2,569,869,1166.4833984375,42
B,2,570,870,1180.7667236328125,42
B,2,571,871,1182.8209228515625,42
B,2,572,872,1112.6082763671875,42
B,2,573,873,1234.5865478515625,42
B,2,574,874,1139.30908203125,42
B,3,475,1350,45.12325668334961,42
B,3,476,1351,101.38735961914062,42
B,3,477,1352,105.51748657226562,42
B,3,478,1353,129.44989013671875,42
B,3,479,1354,224.40623474121094,42
B,3,480,1355,308.7992248535156,42
B,3,481,1356,355.6866149902344,42
B,3,482,1357,408.9215393066406,42
B,3,483,1358,462.08203125,42
B,3,484,1359,496.4951171875,42
B,3,485,1360,590.198974609375,42
B,3,486,1361,643.7977294921875,42
B,3,487,1362,669.3518676757812,42
B,3,488,1363,681.5119018554688,42
B,3,489,1364,768.6213989257812,42
B,3,490,1365,811.19091796875,42
B,3,491,1366,888.0838623046875,42
B,3,492,1367,1001.4296875,42
B,3,493,1368,939.6422729492188,42
B,3,494,1369,1111.8570556640625,42
B,3,495,1370,1068.5701904296875,42
B,3,496,1371,1117.1053466796875,42
B,3,497,1372,1031.191162109375,42
B,3,498,1373,1024.7249755859375,42
B,3,499,1374,1034.8641357421875,42
B,3,500,1375,1006.45068359375,42
B,3,501,1376,1078.4625244140625,42
B,3,502,1377,1130.3426513671875,42
B,3,503,1378,1124.0762939453125,42
B,3,504,1379,997.9054565429688,42
B,3,505,1380,1040.217529296875,42
B,3,506,1381,1109.437255859375,42
B,3,507,1382,1107.4212646484375,42
B,3,508,1383,1093.4571533203125,42
B,3,509,1384,1092.9678955078125,42
B,3,510,1385,1185.430908203125,42
B,3,511,1386,1066.7745361328125,42
B,3,512,1387,1157.1160888671875,42
B,3,513,1388,1068.5059814453125,42
B,3,514,1389,1148.375,42
B,3,515,1390,1065.5257568359375,42
B,3,516,1391,1139.296875,42
B,3,517,1392,1147.84423828125,42
B,3,518,1393,1157.458251953125,42
B,3,519,1394,1118.718994140625,42
B,3,520,1395,1104.8968505859375,42
B,3,521,1396,1117.537109375,42
B,3,522,1397,1097.927490234375,42
B,3,523,1398,1104.905029296875,42
B,3,524,1399,1036.9420166015625,42
B,3,525,1400,1091.619140625,42
B,3,526,1401,1090.51025390625,42
B,3,527,1402,1157.4639892578125,42
B,3,528,1403,1128.1380615234375,42
B,3,529,1404,1164.498046875,42
B,3,530,1405,1131.950439453125,42
B,3,531,1406,1134.4813232421875,42
B,3,532,1407,1090.6790771484375,42
B,3,533,1408,1162.6029052734375,42
B,3,534,1409,1152.978759765625,42
B,3,535,1410,1159.3472900390625,42
B,3,536,1411,1133.5323486328125,42
B,3,537,1412,1190.49365234375,42
B,3,538,1413,1081.075927734375,42
B,3,539,1414,1161.9910888671875,42
B,3,540,1415,1112.2596435546875,42
B,3,541,1416,1156.475341796875,42
B,3,542,1417,1106.836669921875,42
B,3,543,1418,1152.971435546875,42
B,3,544,1419,1157.1392822265625,42
B,3,545,1420,1093.798583984375,42
B,3,546,1421,1183.6781005859375,42
B,3,547,1422,1104.9742431640625,42
B,3,548,1423,1151.539306640625,42
B,3,549,1424,1112.2467041015625,42
B,3,550,1425,1162.0181884765625,42
B,3,551,1426,1155.9263916015625,42
B,3,552,1427,1167.726806640625,42
B,3,553,1428,1174.6124267578125,42
B,3,554,1429,1193.4083251953125,42
B,3,555,1430,1194.02587890625,42
B,3,556,1431,1178.443115234375,42
B,3,557,1432,1243.042236328125,42
B,3,558,1433,1165.75634765625,42
B,3,559,1434,1137.0294189453125,42
B,3,560,1435,1115.30712890625,42
B,3,561,1436,1147.3128662109375,42
B,3,562,1437,1209.6656494140625,42
B,3,563,1438,1090.67041015625,42
B,3,564,1439,1167.2972412109375,42
B,3,565,1440,1104.4822998046875,42
B,3,566,1441,1168.108642578125,42
B,3,567,1442,1147.279296875,42
B,3,568,1443,1093.400146484375,42
B,3,569,1444,1052.518798828125,42
B,3,570,1445,1201.64990234375,42
B,3,571,1446,1167.8729248046875,42
B,3,572,1447,1181.69775390625,42
B,3,573,1448,1140.1309814453125,42
B,3,574,1449,1091.2928466796875,42
B,3,575,1450,1189.5762939453125,42
B,3,576,1451,1209.4984130859375,42
B,3,577,1452,1163.0975341796875,42
B,3,578,1453,1134.06982421875,42
B,3,579,1454,1178.7001953125,42
B,3,580,1455,1214.182373046875,42
B,3,581,1456,1125.71044921875,42
B,3,582,1457,1136.0294189453125,42
B,3,583,1458,1177.683349609375,42
B,3,584,1459,1071.7789306640625,42
B,3,585,1460,1108.2928466796875,42
B,3,586,1461,913.0001220703125,42
B,3,587,1462,1045.769775390625,42
B,3,588,1463,1082.1566162109375,42
B,3,589,1464,1028.7847900390625,42
B,3,590,1465,1037.80712890625,42
B,3,591,1466,1157.3758544921875,42
B,3,592,1467,1118.8909912109375,42
B,3,593,1468,1168.2239990234375,42
B,3,594,1469,1163.5870361328125,42
B,3,595,1470,1134.2032470703125,42
B,3,596,1471,1078.9415283203125,42
B,3,597,1472,1220.79296875,42
B,3,598,1473,1167.17626953125,42
B,3,599,1474,1130.2132568359375,42
B,3,600,1475,1148.177001953125,42
B,3,601,1476,1093.2152099609375,42
B,3,602,1477,1136.2926025390625,42
B,3,603,1478,1090.713134765625,42
B,3,604,1479,1179.460693359375,42
B,3,605,1480,1065.417724609375,42
B,3,606,1481,1145.013671875,42
B,3,607,1482,1138.2105712890625,42
B,3,608,1483,1136.022705078125,42
B,3,609,1484,1105.839111328125,42
B,3,610,1485,1223.133056640625,42
B,3,611,1486,1053.2066650390625,42
B,3,612,1487,1111.9490966796875,42
B,3,613,1488,1100.4268798828125,42
B,3,614,1489,1164.291259765625,42
B,3,615,1490,1102.844482421875,42
B,3,616,1491,1183.1121826171875,42
B,3,617,1492,1158.2197265625,42
B,3,618,1493,1079.82080078125,42
B,3,619,1494,1174.841552734375,42
B,3,620,1495,1124.94140625,42
B,3,621,1496,1119.3902587890625,42
B,3,622,1497,1179.715087890625,42
B,3,623,1498,1179.4630126953125,42
B,3,624,1499,1201.9862060546875,42
B,3,625,1500,1083.3668212890625,42
B,3,626,1501,1179.8721923828125,42
B,3,627,1502,1154.0164794921875,42
B,3,628,1503,1172.227294921875,42
B,3,629,1504,1224.970703125,42
B,3,630,1505,1185.8919677734375,42
B,3,631,1506,1216.641357421875,42
B,3,632,1507,1194.470703125,42
B,3,633,1508,1151.113525390625,42
B,3,634,1509,1195.4798583984375,42
B,3,635,1510,1114.194580078125,42
B,3,636,1511,1238.9364013671875,42
B,3,637,1512,1199.4786376953125,42
B,3,638,1513,1238.10595703125,42
B,3,639,1514,1146.3814697265625,42
B,3,640,1515,1182.9930419921875,42
B,3,641,1516,1145.9031982421875,42
B,3,642,1517,1211.260009765625,42
B,3,643,1518,1110.8525390625,42
B,3,644,1519,1165.0909423828125,42
B,3,645,1520,1191.7164306640625,42
B,3,646,1521,1051.457275390625,42
B,3,647,1522,1083.0462646484375,42
B,3,648,1523,1069.0067138671875,42
B,3,649,1524,1147.2335205078125,42
B,3,650,1525,1084.9400634765625,42
B,3,651,1526,903.2281494140625,42
B,3,652,1527,681.48974609375,42
B,3,653,1528,836.741455078125,42
B,3,654,1529,861.601806640625,42
B,3,655,1530,1009.6193237304688,42
B,3,656,1531,1096.6162109375,42
B,3,657,1532,1091.53564453125,42
B,3,658,1533,1112.587158203125,42
B,3,659,1534,1097.410400390625,42
B,3,660,1535,1136.840087890625,42
B,3,661,1536,1083.0125732421875,42
B,3,662,1537,1133.6572265625,42
B,3,663,1538,1016.4480590820312,42
B,3,664,1539,1040.807861328125,42
B,3,665,1540,1115.888427734375,42
B,3,666,1541,1007.1283569335938,42
B,3,667,1542,1044.5216064453125,42
B,3,668,1543,1073.6295166015625,42
B,3,669,1544,1057.78955078125,42
B,3,670,1545,1108.306396484375,42
B,3,671,1546,1007.0108032226562,42
B,3,672,1547,1001.03857421875,42
B,3,673,1548,1044.08203125,42
B,3,674,1549,1103.9857177734375,42
B,4,550,2100,-41.31458282470703,42
B,4,551,2101,31.90044593811035,42
B,4,552,2102,92.64571380615234,42
B,4,553,2103,96.98429870605469,42
B,4,554,2104,112.9013442993164,42
B,4,555,2105,159.045166015625,42
B,4,556,2106,254.43507385253906,42
B,4,557,2107,281.7756652832031,42
B,4,558,2108,364.515625,42
B,4,559,2109,351.4014587402344,42
B,4,560,2110,328.773193359375,42
B,4,561,2111,451.5647888183594,42
B,4,562,2112,532.1542358398438,42
B,4,563,2113,595.9129638671875,42
B,4,564,2114,579.36962890625,42
B,4,565,2115,610.0189208984375,42
B,4,566,2116,636.3317260742188,42
B,4,567,2117,595.2672729492188,42
B,4,568,2118,681.4547729492188,42
B,4,569,2119,776.6069946289062,42
B,4,570,2120,722.6578979492188,42
B,4,571,2121,807.9855346679688,42
B,4,572,2122,729.658447265625,42
B,4,573,2123,860.1887817382812,42
B,4,574,2124,817.4308471679688,42
B,4,575,2125,858.3598022460938,42
B,4,576,2126,860.5838012695312,42
B,4,577,2127,851.42236328125,42
B,4,578,2128,793.7213134765625,42
B,4,579,2129,745.2713012695312,42
B,4,580,2130,763.1250610351562,42
B,4,581,2131,846.7160034179688,42
B,4,582,2132,869.312255859375,42
B,4,583,2133,737.5706787109375,42
B,4,584,2134,847.4906005859375,42
B,4,585,2135,917.3377075195312,42
B,4,586,2136,746.960205078125,42
B,4,587,2137,804.0595092773438,42
B,4,588,2138,888.4424438476562,42
B,4,589,2139,861.7211303710938,42
B,4,590,2140,860.1160888671875,42
B,4,591,2141,743.3870849609375,42
B,4,592,2142,785.5595092773438,42
B,4,593,2143,879.15869140625,42
B,4,594,2144,850.891357421875,42
B,4,595,2145,921.6248168945312,42
B,4,596,2146,773.6220092773438,42
B,4,597,2147,902.687255859375,42
B,4,598,2148,760.2041015625,42
B,4,599,2149,740.6155395507812,42
B,4,600,2150,809.1170043945312,42
B,4,601,2151,708.945556640625,42
B,4,602,2152,685.823974609375,42
B,4,603,2153,896.7904663085938,42
B,4,604,2154,811.605224609375,42
B,4,605,2155,766.1654663085938,42
B,4,606,2156,780.4964599609375,42
B,4,607,2157,800.3063354492188,42
B,4,608,2158,709.446533203125,42
B,4,609,2159,875.2418823242188,42
B,4,610,2160,849.5791625976562,42
B,4,611,2161,746.9478759765625,42
B,4,612,2162,818.1315307617188,42
B,4,613,2163,794.4615478515625,42
B,4,614,2164,910.7398681640625,42
B,4,615,2165,814.137939453125,42
B,4,616,2166,807.9844970703125,42
B,4,617,2167,773.465576171875,42
B,4,618,2168,862.9816284179688,42
B,4,619,2169,764.8877563476562,42
B,4,620,2170,778.5320434570312,42
B,4,621,2171,871.2244873046875,42
B,4,622,2172,914.6223754882812,42
B,4,623,2173,737.2658081054688,42
B,4,624,2174,743.2756958007812,42
B,4,625,2175,666.585205078125,42
B,4,626,2176,807.2587280273438,42
B,4,627,2177,785.8226928710938,42
B,4,628,2178,793.5792846679688,42
B,4,629,2179,814.7978515625,42
B,4,630,2180,917.8975830078125,42
B,4,631,2181,773.7681274414062,42
B,4,632,2182,805.6978759765625,42
B,4,633,2183,839.3450927734375,42
B,4,634,2184,865.6557006835938,42
B,4,635,2185,786.0030517578125,42
B,4,636,2186,842.5244750976562,42
B,4,637,2187,853.0682983398438,42
B,4,638,2188,795.546142578125,42
B,4,639,2189,794.015625,42
B,4,640,2190,771.7131958007812,42
B,4,641,2191,821.7433471679688,42
B,4,642,2192,747.775634765625,42
B,4,643,2193,812.9827270507812,42
B,4,644,2194,742.8049926757812,42
B,4,645,2195,802.6055297851562,42
B,4,646,2196,724.1161499023438,42
B,4,647,2197,739.1094360351562,42
B,4,648,2198,751.7053833007812,42
B,4,649,2199,662.34521484375,42
B,4,650,2200,814.5272216796875,42
B,4,651,2201,754.58837890625,42
B,4,652,2202,841.9091796875,42
B,4,653,2203,635.4970092773438,42
B,4,654,2204,850.2730712890625,42
B,4,655,2205,782.66845703125,42
B,4,656,2206,825.3942260742188,42
B,4,657,2207,725.2449340820312,42
B,4,658,2208,785.6954345703125,42
B,4,659,2209,747.1358642578125,42
B,4,660,2210,793.8640747070312,42
B,4,661,2211,821.139404296875,42
B,4,662,2212,762.3447875976562,42
B,4,663,2213,723.0533447265625,42
B,4,664,2214,805.7649536132812,42
B,4,665,2215,728.1509399414062,42
B,4,666,2216,662.0758056640625,42
B,4,667,2217,868.8276977539062,42
B,4,668,2218,750.6405029296875,42
B,4,669,2219,795.5794067382812,42
B,4,670,2220,793.072509765625,42
B,4,671,2221,909.700927734375,42
B,4,672,2222,925.0590209960938,42
B,4,673,2223,817.6257934570312,42
B,4,674,2224,802.2192993164062,42
B,4,675,2225,784.12890625,42
B,4,676,2226,858.3637084960938,42
B,4,677,2227,816.2338256835938,42
B,4,678,2228,908.157470703125,42
B,4,679,2229,832.9876098632812,42
B,4,680,2230,757.7962646484375,42
B,4,681,2231,816.7841796875,42
B,4,682,2232,816.47705078125,42
B,4,683,2233,704.9037475585938,42
B,4,684,2234,765.164306640625,42
B,4,685,2235,918.4661254882812,42
B,4,686,2236,933.53369140625,42
B,4,687,2237,789.5771484375,42
B,4,688,2238,854.9821166992188,42
B,4,689,2239,794.0772094726562,42
B,4,690,2240,784.3665161132812,42
B,4,691,2241,753.9761352539062,42
B,4,692,2242,813.7774658203125,42
B,4,693,2243,897.08544921875,42
B,4,694,2244,828.2318115234375,42
B,4,695,2245,875.2504272460938,42
B,4,696,2246,888.4437866210938,42
B,4,697,2247,817.0667724609375,42
B,4,698,2248,716.6595458984375,42
B,4,699,2249,785.075439453125,42
B,4,700,2250,832.6837768554688,42
B,4,701,2251,822.5733642578125,42
B,4,702,2252,783.0274658203125,42
B,4,703,2253,813.3805541992188,42
B,4,704,2254,850.9353637695312,42
B,4,705,2255,779.1356201171875,42
B,4,706,2256,927.0263671875,42
B,4,707,2257,745.9237060546875,42
B,4,708,2258,774.3421630859375,42
B,4,709,2259,771.8243408203125,42
B,4,710,2260,728.0514526367188,42
B,4,711,2261,808.8453979492188,42
B,4,712,2262,757.0006103515625,42
B,4,713,2263,709.5802001953125,42
B,4,714,2264,700.5623779296875,42
B,4,715,2265,818.765380859375,42
B,4,716,2266,791.9791870117188,42
B,4,717,2267,858.2496948242188,42
B,4,718,2268,752.2825317382812,42
B,4,719,2269,705.5033569335938,42
B,4,720,2270,807.0906372070312,42
B,4,721,2271,768.6338500976562,42
B,4,722,2272,796.3453979492188,42
B,4,723,2273,801.9999389648438,42
B,4,724,2274,735.599609375,42
B,4,725,2275,727.2587890625,42
B,4,726,2276,767.5640869140625,42
B,4,727,2277,791.3273315429688,42
B,4,728,2278,759.5210571289062,42
B,4,729,2279,884.7109375,42
B,4,730,2280,699.750244140625,42
B,4,731,2281,761.6246948242188,42
B,4,732,2282,769.0328369140625,42
B,4,733,2283,736.7918090820312,42
B,4,734,2284,826.2192993164062,42
B,4,735,2285,741.76708984375,42
B,4,736,2286,740.559326171875,42
B,4,737,2287,651.4667358398438,42
B,4,738,2288,864.638671875,42
B,4,739,2289,839.9617919921875,42
B,4,740,2290,706.3319091796875,42
B,4,741,2291,828.4003295898438,42
B,4,742,2292,709.7172241210938,42
B,4,743,2293,687.0504150390625,42
B,4,744,2294,784.7501831054688,42
B,4,745,2295,834.5555419921875,42
B,4,746,2296,744.4946899414062,42
B,4,747,2297,877.7835693359375,42
B,4,748,2298,782.710205078125,42
B,4,749,2299,793.2830200195312,42
B,4,750,2300,646.3573608398438,42
B,4,751,2301,800.53759765625,42
B,4,752,2302,717.4269409179688,42
B,4,753,2303,712.927978515625,42
B,4,754,2304,751.742431640625,42
B,4,755,2305,805.28955078125,42
B,4,756,2306,721.744384765625,42
B,4,757,2307,849.585205078125,42
B,4,758,2308,825.09375,42
B,4,759,2309,754.3951416015625,42
B,4,760,2310,808.8563232421875,42
B,4,761,2311,960.3423461914062,42
B,4,762,2312,924.0103759765625,42
B,4,763,2313,794.3338623046875,42
B,4,764,2314,791.5806884765625,42
B,4,765,2315,797.1129150390625,42
B,4,766,2316,885.1220092773438,42
B,4,767,2317,788.5590209960938,42
B,4,768,2318,763.62353515625,42
B,4,769,2319,834.6588745117188,42
B,4,770,2320,895.8033447265625,42
B,4,771,2321,780.4783935546875,42
B,4,772,2322,891.0756225585938,42
B,4,773,2323,756.446044921875,42
B,4,774,2324,726.3323974609375,42
B,4,775,2325,708.6657104492188,42
B,4,776,2326,902.4070434570312,42
B,4,777,2327,813.052490234375,42
B,4,778,2328,753.7403564453125,42
B,4,779,2329,795.5048828125,42
B,4,780,2330,739.0614624023438,42
B,4,781,2331,822.1730346679688,42
B,4,782,2332,787.1328125,42
B,4,783,2333,830.7648315429688,42
B,4,784,2334,704.8938598632812,42
B,4,785,2335,735.2554931640625,42
B,4,786,2336,693.8782958984375,42
B,4,787,2337,664.1480712890625,42
B,4,788,2338,787.768310546875,42
B,4,789,2339,830.7509155273438,42
B,4,790,2340,740.87890625,42
B,4,791,2341,739.0057373046875,42
B,4,792,2342,712.5364379882812,42
B,4,793,2343,708.6703491210938,42
B,4,794,2344,729.2032470703125,42
B,4,795,2345,770.5462036132812,42
B,4,796,2346,816.068603515625,42
B,4,797,2347,869.1906127929688,42
B,4,798,2348,850.547119140625,42
B,4,799,2349,844.751708984375,42
B,5,700,3050,-0.8316278457641602,42
B,5,701,3051,40.950199127197266,42
B,5,702,3052,122.28224182128906,42
B,5,703,3053,148.17605590820312,42
B,5,704,3054,183.65626525878906,42
B,5,705,3055,222.45880126953125,42
B,5,706,3056,253.1697235107422,42
B,5,707,3057,266.1614685058594,42
B,5,708,3058,335.2163391113281,42
B,5,709,3059,361.871826171875,42
B,5,710,3060,332.6204833984375,42
B,5,711,3061,419.7806091308594,42
B,5,712,3062,489.3921203613281,42
B,5,713,3063,516.704833984375,42
B,5,714,3064,547.00146484375,42
B,5,715,3065,602.64794921875,42
B,5,716,3066,602.0728149414062,42
B,5,717,3067,700.7426147460938,42
B,5,718,3068,623.4703979492188,42
B,5,719,3069,756.5318603515625,42
B,5,720,3070,693.6993408203125,42
B,5,721,3071,762.6636352539062,42
B,5,722,3072,830.2542114257812,42
B,5,723,3073,752.59423828125,42
B,5,724,3074,721.4855346679688,42
B,5,725,3075,812.4664306640625,42
B,5,726,3076,838.169921875,42
B,5,727,3077,796.0958251953125,42
B,5,728,3078,755.0294189453125,42
B,5,729,3079,758.1715698242188,42
B,5,730,3080,753.1349487304688,42
B,5,731,3081,782.2803955078125,42
B,5,732,3082,720.54833984375,42
B,5,733,3083,806.5009155273438,42
B,5,734,3084,854.0794067382812,42
B,5,735,3085,875.7281494140625,42
B,5,736,3086,805.0517578125,42
B,5,737,3087,793.9884033203125,42
B,5,738,3088,836.5152587890625,42
B,5,739,3089,930.8982543945312,42
B,5,740,3090,891.4437255859375,42
B,5,741,3091,842.37109375,42
B,5,742,3092,852.9302368164062,42
B,5,743,3093,866.496337890625,42
B,5,744,3094,774.206298828125,42
B,5,745,3095,872.0916137695312,42
B,5,746,3096,916.0527954101562,42
B,5,747,3097,873.9242553710938,42
B,5,748,3098,883.382080078125,42
B,5,749,3099,825.1477661132812,42
B,5,750,3100,764.179443359375,42
B,5,751,3101,811.6265869140625,42
B,5,752,3102,824.4658203125,42
B,5,753,3103,852.0913696289062,42
B,5,754,3104,921.6148071289062,42
B,5,755,3105,761.2211303710938,42
B,5,756,3106,820.4988403320312,42
B,5,757,3107,994.7978515625,42
B,5,758,3108,881.1396484375,42
B,5,759,3109,824.9996948242188,42
B,5,760,3110,937.7315673828125,42
B,5,761,3111,868.140625,42
B,5,762,3112,833.6476440429688,42
B,5,763,3113,762.3567504882812,42
B,5,764,3114,874.1943969726562,42
B,5,765,3115,807.5639038085938,42
B,5,766,3116,842.8342895507812,42
B,5,767,3117,877.798828125,42
B,5,768,3118,795.2131958007812,42
B,5,769,3119,892.8729248046875,42
B,5,770,3120,849.903564453125,42
B,5,771,3121,827.8405151367188,42
B,5,772,3122,789.321533203125,42
B,5,773,3123,797.7592163085938,42
B,5,774,3124,806.8703002929688,42
B,5,775,3125,736.5333251953125,42
B,5,776,3126,707.9781494140625,42
B,5,777,3127,628.166259765625,42
B,5,778,3128,597.3052978515625,42
B,5,779,3129,536.7904663085938,42
B,5,780,3130,533.8882446289062,42
B,5,781,3131,570.0616455078125,42
B,5,782,3132,615.6040649414062,42
B,5,783,3133,618.37744140625,42
B,5,784,3134,835.4515991210938,42
B,5,785,3135,783.084228515625,42
B,5,786,3136,602.7596435546875,42
B,5,787,3137,753.3507080078125,42
B,5,788,3138,648.6775512695312,42
B,5,789,3139,762.2567138671875,42
B,5,790,3140,782.2921142578125,42
B,5,791,3141,761.5158081054688,42
B,5,792,3142,804.7817993164062,42
B,5,793,3143,750.353759765625,42
B,5,794,3144,760.52490234375,42
B,5,795,3145,774.2615966796875,42
B,5,796,3146,781.5244140625,42
B,5,797,3147,856.0358276367188,42
B,5,798,3148,811.52978515625,42
B,5,799,3149,826.8892211914062,42
B,5,800,3150,742.1204833984375,42
B,5,801,3151,895.7880249023438,42
B,5,802,3152,676.9026489257812,42
B,5,803,3153,777.3908081054688,42
B,5,804,3154,871.4928588867188,42
B,5,805,3155,850.7474365234375,42
B,5,806,3156,748.6348266601562,42
B,5,807,3157,746.4082641601562,42
B,5,808,3158,880.2442626953125,42
B,5,809,3159,808.637939453125,42
B,5,810,3160,786.9371337890625,42
B,5,811,3161,826.6862182617188,42
B,5,812,3162,786.0737915039062,42
B,5,813,3163,876.3965454101562,42
B,5,814,3164,850.3214111328125,42
B,5,815,3165,960.1444091796875,42
B,5,816,3166,786.4561767578125,42
B,5,817,3167,678.703857421875,42
B,5,818,3168,841.41943359375,42
B,5,819,3169,763.0914306640625,42
B,5,820,3170,863.8998413085938,42
B,5,821,3171,833.6865844726562,42
B,5,822,3172,723.625732421875,42
B,5,823,3173,824.5563354492188,42
B,5,824,3174,808.8756103515625,42
B,5,825,3175,906.3924560546875,42
B,5,826,3176,875.3964233398438,42
B,5,827,3177,915.507080078125,42
B,5,828,3178,831.4111938476562,42
B,5,829,3179,853.1680908203125,42
B,5,830,3180,845.6729736328125,42
B,5,831,3181,836.5857543945312,42
B,5,832,3182,929.9912719726562,42
B,5,833,3183,858.7704467773438,42
B,5,834,3184,826.2156982421875,42
B,5,835,3185,832.2368774414062,42
B,5,836,3186,778.0185546875,42
B,5,837,3187,873.8976440429688,42
B,5,838,3188,895.4325561523438,42
B,5,839,3189,703.0808715820312,42
B,5,840,3190,856.686767578125,42
B,5,841,3191,824.7919921875,42
B,5,842,3192,833.8318481445312,42
B,5,843,3193,870.3272094726562,42
B,5,844,3194,711.2479858398438,42
B,5,845,3195,790.7628784179688,42
B,5,846,3196,794.349853515625,42
B,5,847,3197,757.8322143554688,42
B,5,848,3198,891.5689086914062,42
B,5,849,3199,701.9266357421875,42
B,5,850,3200,770.4976806640625,42
B,5,851,3201,814.2479858398438,42
B,5,852,3202,743.2916870117188,42
B,5,853,3203,659.1690063476562,42
B,5,854,3204,792.5654907226562,42
B,5,855,3205,763.5669555664062,42
B,5,856,3206,756.4520263671875,42
B,5,857,3207,822.0215454101562,42
B,5,858,3208,815.7327270507812,42
B,5,859,3209,810.17431640625,42
B,5,860,3210,785.3439331054688,42
B,5,861,3211,819.4109497070312,42
B,5,862,3212,730.6100463867188,42
B,5,863,3213,912.8030395507812,42
B,5,864,3214,818.125,42
B,5,865,3215,853.80224609375,42
B,5,866,3216,799.9560546875,42
B,5,867,3217,885.9674682617188,42
B,5,868,3218,906.2361450195312,42
B,5,869,3219,795.6439208984375,42
B,5,870,3220,881.4740600585938,42
B,5,871,3221,783.491943359375,42
B,5,872,3222,851.5657958984375,42
B,5,873,3223,779.2703857421875,42
B,5,874,3224,738.2489624023438,42
B,5,875,3225,832.4461669921875,42
B,5,876,3226,831.6748046875,42
B,5,877,3227,812.7158813476562,42
B,5,878,3228,847.7870483398438,42
B,5,879,3229,858.5994873046875,42
B,5,880,3230,847.5934448242188,42
B,5,881,3231,797.0501708984375,42
B,5,882,3232,823.5191040039062,42
B,5,883,3233,886.242919921875,42
B,5,884,3234,779.09375,42
B,5,885,3235,939.1504516601562,42
B,5,886,3236,907.154541015625,42
B,5,887,3237,941.9191284179688,42
B,5,888,3238,696.0082397460938,42
B,5,889,3239,766.3196411132812,42
B,5,890,3240,868.6283569335938,42
B,5,891,3241,942.1842041015625,42
B,5,892,3242,780.4155883789062,42
B,5,893,3243,776.5794677734375,42
B,5,894,3244,714.4846801757812,42
B,5,895,3245,710.8053588867188,42
B,5,896,3246,788.336669921875,42
B,5,897,3247,868.1535034179688,42
B,5,898,3248,650.4251708984375,42
B,5,899,3249,743.6098022460938,42
B,5,900,3250,905.5064086914062,42
B,5,901,3251,841.8455200195312,42
B,5,902,3252,833.4844970703125,42
B,5,903,3253,690.7487182617188,42
B,5,904,3254,922.9851684570312,42
B,5,905,3255,824.8936157226562,42
B,5,906,3256,878.5067138671875,42
B,5,907,3257,810.3734130859375,42
B,5,908,3258,813.1098022460938,42
B,5,909,3259,781.5584716796875,42
B,5,910,3260,851.1874389648438,42
B,5,911,3261,736.0404663085938,42
B,5,912,3262,883.8267211914062,42
B,5,913,3263,764.7323608398438,42
B,5,914,3264,796.5884399414062,42
B,5,915,3265,704.5968627929688,42
B,5,916,3266,712.200439453125,42
B,5,917,3267,764.6013793945312,42
B,5,918,3268,746.1463623046875,42
B,5,919,3269,848.06640625,42
B,5,920,3270,802.2091674804688,42
B,5,921,3271,807.0116577148438,42
B,5,922,3272,847.6397705078125,42
B,5,923,3273,789.016357421875,42
B,5,924,3274,830.495361328125,42
B,5,925,3275,844.989501953125,42
B,5,926,3276,879.0504760742188,42
B,5,927,3277,826.2394409179688,42
B,5,928,3278,797.4429931640625,42
B,5,929,3279,705.8702392578125,42
B,5,930,3280,743.7442016601562,42
B,5,931,3281,832.93701171875,42
B,5,932,3282,729.768310546875,42
B,5,933,3283,807.5408325195312,42
B,5,934,3284,705.096435546875,42
B,5,935,3285,771.3170166015625,42
B,5,936,3286,796.926025390625,42
B,5,937,3287,716.6531372070312,42
B,5,938,3288,786.5935668945312,42
B,5,939,3289,736.6876220703125,42
B,5,940,3290,650.032958984375,42
B,5,941,3291,560.6780395507812,42
B,5,942,3292,620.8966064453125,42
B,5,943,3293,695.8702392578125,42
B,5,944,3294,678.7608642578125,42
B,5,945,3295,739.1201171875,42
B,5,946,3296,717.6439208984375,42
B,5,947,3297,683.1486206054688,42
B,5,948,3298,802.501708984375,42
B,5,949,3299,773.2183227539062,42
B,5,950,3300,701.1900634765625,42
B,5,951,3301,652.8216552734375,42
B,5,952,3302,765.2131958007812,42
B,5,953,3303,772.3679809570312,42
B,5,954,3304,630.6785278320312,42
B,5,955,3305,680.3357543945312,42
B,5,956,3306,682.5103759765625,42
B,5,957,3307,717.953857421875,42
B,5,958,3308,721.971923828125,42
B,5,959,3309,842.9374389648438,42
B,5,960,3310,866.5977783203125,42
B,5,961,3311,834.77294921875,42
B,5,962,3312,744.6101684570312,42
B,5,963,3313,823.6777954101562,42
B,5,964,3314,819.4622192382812,42
B,5,965,3315,753.7537231445312,42
B,5,966,3316,847.34765625,42
B,5,967,3317,821.3218994140625,42
B,5,968,3318,832.3903198242188,42
B,5,969,3319,896.4178466796875,42
B,5,970,3320,793.505126953125,42
B,5,971,3321,665.1172485351562,42
B,5,972,3322,841.4428100585938,42
B,5,973,3323,709.5872192382812,42
B,5,974,3324,771.1472778320312,42
B,5,975,3325,650.4730224609375,42
B,5,976,3326,746.6226196289062,42
B,5,977,3327,664.275146484375,42
B,5,978,3328,715.4713745117188,42
B,5,979,3329,763.4257202148438,42
B,5,980,3330,665.3565673828125,42
B,5,981,3331,827.46142578125,42
B,5,982,3332,854.56591796875,42
B,5,983,3333,878.8187255859375,42
B,5,984,3334,834.2965087890625,42
B,5,985,3335,735.1697387695312,42
B,5,986,3336,906.4303588867188,42
B,5,987,3337,693.4631958007812,42
B,5,988,3338,876.6171875,42
B,5,989,3339,873.4151000976562,42
B,5,990,3340,841.8291015625,42
B,5,991,3341,913.58251953125,42
B,5,992,3342,721.6903076171875,42
B,5,993,3343,877.362060546875,42
B,5,994,3344,824.9074096679688,42
B,5,995,3345,710.7476196289062,42
B,5,996,3346,824.626953125,42
B,5,997,3347,783.5040893554688,42
B,5,998,3348,755.2838134765625,42
B,5,999,3349,772.5040893554688,42
C,1,0,0,-100.27408599853516,42
C,1,1,1,-98.80831909179688,42
C,1,2,2,-97.20999145507812,42
C,1,3,3,-96.76591491699219,42
C,1,4,4,-93.81803894042969,42
C,1,5,5,-95.48906707763672,42
C,1,6,6,-91.09774780273438,42
C,1,7,7,-91.6899642944336,42
C,1,8,8,-91.1817398071289,42
C,1,9,9,-88.45987701416016,42
C,1,10,10,-86.98737335205078,42
C,1,11,11,-86.05372619628906,42
C,1,12,12,-84.11054229736328,42
C,1,13,13,-81.34485626220703,42
C,1,14,14,-82.63685607910156,42
C,1,15,15,-84.0268325805664,42
C,1,16,16,-76.8968276977539,42
C,1,17,17,-76.88507080078125,42
C,1,18,18,-79.6783218383789,42
C,1,19,19,-72.90399932861328,42
C,1,20,20,-72.11825561523438,42
C,1,21,21,-86.45643615722656,42
C,1,22,22,-63.501304626464844,42
C,1,23,23,-89.93521881103516,42
C,1,24,24,-99.8139877319336,42
C,1,25,25,-110.36881256103516,42
C,1,26,26,-147.70526123046875,42
C,1,27,27,-131.03811645507812,42
C,1,28,28,-142.38153076171875,42
C,1,29,29,-143.0552520751953,42
C,1,30,30,-155.7642822265625,42
C,1,31,31,-152.97531127929688,42
C,1,32,32,-150.05987548828125,42
C,1,33,33,-164.03652954101562,42
C,1,34,34,-151.3047637939453,42
C,1,35,35,-150.15524291992188,42
C,1,36,36,-172.14224243164062,42
C,1,37,37,-220.2211456298828,42
C,1,38,38,-308.4161376953125,42
C,1,39,39,-126.33355712890625,42
C,1,40,40,-7.434966087341309,42
C,1,41,41,58.806968688964844,42
C,1,42,42,169.43792724609375,42
C,1,43,43,192.53872680664062,42
C,1,44,44,248.94947814941406,42
C,1,45,45,440.6946105957031,42
C,1,46,46,325.96478271484375,42
C,1,47,47,428.0409240722656,42
C,1,48,48,501.4097900390625,42
C,1,49,49,507.88372802734375,42
C,1,50,50,520.1708374023438,42
C,1,51,51,515.9842529296875,42
C,1,52,52,512.594970703125,42
C,1,53,53,526.4523315429688,42
C,1,54,54,527.7633056640625,42
C,1,55,55,549.8051147460938,42
C,1,56,56,544.4966430664062,42
C,1,57,57,560.6546020507812,42
C,1,58,58,615.9506225585938,42
C,1,59,59,793.63232421875,42
C,1,60,60,873.4208984375,42
C,1,61,61,874.7869262695312,42
C,1,62,62,868.0496826171875,42
C,1,63,63,913.8350830078125,42
C,1,64,64,922.4737548828125,42
C,1,65,65,919.693603515625,42
C,1,66,66,1008.6444091796875,42
C,1,67,67,991.614990234375,42
C,1,68,68,1026.05615234375,42
C,1,69,69,1051.905029296875,42
C,1,70,70,1050.258056640625,42
C,1,71,71,1006.869140625,42
C,1,72,72,1002.5239868164062,42
C,1,73,73,1000.3782958984375,42
C,1,74,74,959.6672973632812,42
C,1,75,75,935.9625854492188,42
C,1,76,76,932.175048828125,42
C,1,77,77,930.6549682617188,42
C,1,78,78,920.6439208984375,42
C,1,79,79,865.0853271484375,42
C,1,80,80,1170.766357421875,42
C,1,81,81,1118.0142822265625,42
C,1,82,82,1127.92431640625,42
C,1,83,83,1142.009033203125,42
C,1,84,84,1119.6724853515625,42
C,1,85,85,1199.3240966796875,42
C,1,86,86,1141.10546875,42
C,1,87,87,1208.92138671875,42
C,1,88,88,1193.56640625,42
C,1,89,89,1231.2838134765625,42
C,1,90,90,1144.842041015625,42
C,1,91,91,1116.926025390625,42
C,1,92,92,1096.45556640625,42
C,1,93,93,1107.1763916015625,42
C,1,94,94,1098.1033935546875,42
C,1,95,95,1057.219970703125,42
C,1,96,96,1061.1427001953125,42
C,1,97,97,1057.662841796875,42
C,1,98,98,1087.781494140625,42
C,1,99,99,1072.445556640625,42
C,1,100,100,1078.64892578125,42
C,1,101,101,1178.6563720703125,42
C,1,102,102,1232.3587646484375,42
C,1,103,103,1209.592041015625,42
C,1,104,104,1144.1494140625,42
C,1,105,105,1224.7872314453125,42
C,1,106,106,1292.466796875,42
C,1,107,107,1217.008056640625,42
C,1,108,108,1157.717529296875,42
C,1,109,109,1161.0838623046875,42
C,1,110,110,1193.5711669921875,42
C,1,111,111,1216.576416015625,42
C,1,112,112,1216.6549072265625,42
C,1,113,113,1196.797607421875,42
C,1,114,114,1151.43017578125,42
C,1,115,115,1100.98095703125,42
C,1,116,116,1066.7333984375,42
C,1,117,117,1052.9337158203125,42
C,1,118,118,1046.8992919921875,42
C,1,119,119,1027.6090087890625,42
C,1,120,120,1052.27734375,42
C,1,121,121,1172.06689453125,42
C,1,122,122,1199.0447998046875,42
C,1,123,123,1223.1553955078125,42
C,1,124,124,1280.6038818359375,42
C,1,125,125,1240.308349609375,42
C,1,126,126,1289.4481201171875,42
C,1,127,127,1188.2635498046875,42
C,1,128,128,1283.1177978515625,42
C,1,129,129,1311.244384765625,42
C,1,130,130,1363.024169921875,42
C,1,131,131,1295.320556640625,42
C,1,132,132,1238.605712890625,42
C,1,133,133,1282.831787109375,42
C,1,134,134,1256.2886962890625,42
C,1,135,135,1254.14306640625,42
C,1,136,136,1260.5692138671875,42
C,1,137,137,1247.009033203125,42
C,1,138,138,1226.24365234375,42
C,1,139,139,1224.99072265625,42
C,1,140,140,1252.4248046875,42
C,1,141,141,1242.12353515625,42
C,1,142,142,1230.658447265625,42
C,1,143,143,1319.322998046875,42
C,1,144,144,1333.8634033203125,42
C,1,145,145,1311.3311767578125,42
C,1,146,146,1356.8916015625,42
C,1,147,147,1339.178466796875,42
C,1,148,148,1402.1055908203125,42
C,1,149,149,1381.64111328125,42
C,1,150,150,1339.5693359375,42
C,1,151,151,1305.6976318359375,42
C,1,152,152,1303.535888671875,42
C,1,153,153,1325.167236328125,42
C,1,154,154,1323.269775390625,42
C,1,155,155,1327.138671875,42
C,1,156,156,1327.2354736328125,42
C,1,157,157,1313.6373291015625,42
C,1,158,158,1316.4342041015625,42
C,1,159,159,1272.2218017578125,42
C,1,160,160,1282.0511474609375,42
C,1,161,161,1288.1002197265625,42
C,1,162,162,1280.4283447265625,42
C,1,163,163,1225.4708251953125,42
C,1,164,164,1151.937744140625,42
C,1,165,165,1334.957275390625,42
C,1,166,166,1299.406005859375,42
C,1,167,167,1302.206787109375,42
C,1,168,168,1226.680908203125,42
C,1,169,169,1337.79296875,42
C,1,170,170,1360.05224609375,42
C,1,171,171,1380.385498046875,42
C,1,172,172,1366.455078125,42
C,1,173,173,1372.35546875,42
C,1,174,174,1326.1524658203125,42
C,1,175,175,1244.5325927734375,42
C,1,176,176,1210.1578369140625,42
C,1,177,177,1171.348876953125,42
C,1,178,178,1167.6859130859375,42
C,1,179,179,1137.6790771484375,42
C,1,180,180,1136.4664306640625,42
C,1,181,181,1136.294921875,42
C,1,182,182,1248.12060546875,42
C,1,183,183,1312.864990234375,42
C,1,184,184,1272.361328125,42
C,1,185,185,1284.4005126953125,42
C,1,186,186,1354.0762939453125,42
C,1,187,187,1389.6036376953125,42
C,1,188,188,1359.5390625,42
C,1,189,189,1301.5145263671875,42
C,1,190,190,1295.7032470703125,42
C,1,191,191,1340.4693603515625,42
C,1,192,192,1316.3223876953125,42
C,1,193,193,1312.574951171875,42
C,1,194,194,1250.660400390625,42
C,1,195,195,1202.99658203125,42
C,1,196,196,1187.7330322265625,42
C,1,197,197,1205.71484375,42
C,1,198,198,1193.597412109375,42
C,1,199,199,1169.2174072265625,42
C,1,200,200,1139.9853515625,42
C,1,201,201,1126.394287109375,42
C,1,202,202,1130.991455078125,42
C,1,203,203,1125.935546875,42
C,1,204,204,1172.649169921875,42
C,1,205,205,1186.181884765625,42
C,1,206,206,1161.384033203125,42
C,1,207,207,1226.5440673828125,42
C,1,208,208,1256.281982421875,42
C,1,209,209,1248.063232421875,42
C,1,210,210,1266.6053466796875,42
C,1,211,211,1275.75439453125,42
C,1,212,212,1222.8333740234375,42
C,1,213,213,1156.91015625,42
C,1,214,214,1241.81494140625,42
C,1,215,215,1176.2672119140625,42
C,1,216,216,1179.2347412109375,42
C,1,217,217,1139.7779541015625,42
C,1,218,218,1142.3179931640625,42
C,1,219,219,1120.5479736328125,42
C,1,220,220,1102.86474609375,42
C,1,221,221,1101.8951416015625,42
C,1,222,222,1137.5179443359375,42
C,1,223,223,1145.0533447265625,42
C,1,224,224,1256.466796875,42
C,1,225,225,1235.0015869140625,42
C,1,226,226,1075.335693359375,42
C,1,227,227,1275.5521240234375,42
C,1,228,228,1251.4437255859375,42
C,1,229,229,1199.8148193359375,42
C,1,230,230,1241.5643310546875,42
C,1,231,231,1236.5181884765625,42
C,1,232,232,1315.1839599609375,42
C,1,233,233,1267.864013671875,42
C,1,234,234,1185.6727294921875,42
C,1,235,235,1109.236328125,42
C,1,236,236,1087.0186767578125,42
C,1,237,237,1029.4140625,42
C,1,238,238,993.1497192382812,42
C,1,239,239,981.2853393554688,42
C,1,240,240,999.7459106445312,42
C,1,241,241,1045.2496337890625,42
C,1,242,242,1049.0086669921875,42
C,1,243,243,1044.226806640625,42
C,1,244,244,1027.380615234375,42
C,1,245,245,1059.73291015625,42
C,1,246,246,1006.9866333007812,42
C,1,247,247,1078.2301025390625,42
C,1,248,248,1153.4669189453125,42
C,1,249,249,1097.5714111328125,42
C,1,250,250,1168.5531005859375,42
C,1,251,251,1175.548095703125,42
C,1,252,252,1102.02490234375,42
C,1,253,253,1205.0430908203125,42
C,1,254,254,1231.7373046875,42
C,1,255,255,1220.203369140625,42
C,1,256,256,1209.4476318359375,42
C,1,257,257,1198.3944091796875,42
C,1,258,258,1163.5361328125,42
C,1,259,259,1149.8511962890625,42
C,1,260,260,1024.83935546875,42
C,1,261,261,966.0849609375,42
C,1,262,262,934.2429809570312,42
C,1,263,263,940.7483520507812,42
C,1,264,264,986.6954345703125,42
C,1,265,265,1046.2213134765625,42
C,1,266,266,1175.3482666015625,42
C,1,267,267,1318.3743896484375,42
C,1,268,268,1203.634033203125,42
C,1,269,269,1301.353515625,42
C,1,270,270,1303.6201171875,42
C,1,271,271,1276.046875,42
C,1,272,272,1210.5380859375,42
C,1,273,273,1196.99853515625,42
C,1,274,274,1153.04296875,42
C,1,275,275,1206.672119140625,42
C,1,276,276,1161.718017578125,42
C,1,277,277,1159.185791015625,42
C,1,278,278,1159.826904296875,42
C,1,279,279,1098.987060546875,42
C,1,280,280,1125.67041015625,42
C,1,281,281,1080.98095703125,42
C,1,282,282,934.32666015625,42
C,1,283,283,895.1714477539062,42
C,1,284,284,917.8222045898438,42
C,1,285,285,959.7846069335938,42
C,1,286,286,1069.1195068359375,42
C,1,287,287,1176.121826171875,42
C,1,288,288,1365.10693359375,42
C,1,289,289,1279.027099609375,42
C,1,290,290,1302.738037109375,42
C,1,291,291,1265.59130859375,42
C,1,292,292,1323.308349609375,42
C,1,293,293,1295.8990478515625,42
C,1,294,294,1326.2938232421875,42
C,1,295,295,1301.2113037109375,42
C,1,296,296,1249.8671875,42
C,1,297,297,895.7130737304688,42
C,1,298,298,439.11785888671875,42
C,1,299,299,418.8862609863281,42
C,2,175,475,48.79661178588867,42
C,2,176,476,102.74737548828125,42
C,2,177,477,182.90858459472656,42
C,2,178,478,252.0024871826172,42
C,2,179,479,304.43341064453125,42
C,2,180,480,355.9920654296875,42
C,2,181,481,428.2335205078125,42
C,2,182,482,493.8993225097656,42
C,2,183,483,538.799560546875,42
C,2,184,484,621.8344116210938,42
C,2,185,485,691.5639038085938,42
C,2,186,486,685.534912109375,42
C,2,187,487,798.0792846679688,42
C,2,188,488,817.0093383789062,42
C,2,189,489,908.4043579101562,42
C,2,190,490,968.04443359375,42
C,2,191,491,984.39990234375,42
C,2,192,492,1069.2825927734375,42
C,2,193,493,1112.3304443359375,42
C,2,194,494,1191.1732177734375,42
C,2,195,495,1199.277099609375,42
C,2,196,496,1235.9427490234375,42
C,2,197,497,1240.5703125,42
C,2,198,498,1299.4365234375,42
C,2,199,499,1269.2060546875,42
C,2,200,500,1280.68798828125,42
C,2,201,501,1213.17431640625,42
C,2,202,502,1282.518310546875,42
C,2,203,503,1252.627197265625,42
C,2,204,504,1235.089111328125,42
C,2,205,505,1258.281005859375,42
C,2,206,506,1283.80419921875,42
C,2,207,507,1255.6875,42
C,2,208,508,1290.2608642578125,42
C,2,209,509,1259.1890869140625,42
C,2,210,510,1287.8115234375,42
C,2,211,511,1295.3587646484375,42
C,2,212,512,1265.888671875,42
C,2,213,513,1333.609619140625,42
C,2,214,514,1330.2608642578125,42
C,2,215,515,1297.2379150390625,42
C,2,216,516,1309.1461181640625,42
C,2,217,517,1256.666748046875,42
C,2,218,518,1305.934814453125,42
C,2,219,519,1183.1787109375,42
C,2,220,520,1206.3048095703125,42
C,2,221,521,1240.153076171875,42
C,2,222,522,1262.7078857421875,42
C,2,223,523,1202.0440673828125,42
C,2,224,524,1177.2188720703125,42
C,2,225,525,1184.791748046875,42
C,2,226,526,1136.261474609375,42
C,2,227,527,1084.467041015625,42
C,2,228,528,1072.9212646484375,42
C,2,229,529,1113.635009765625,42
C,2,230,530,1084.572509765625,42
C,2,231,531,1065.4771728515625,42
C,2,232,532,1025.0042724609375,42
C,2,233,533,1024.236083984375,42
C,2,234,534,987.54541015625,42
C,2,235,535,1035.224853515625,42
C,2,236,536,1138.012451171875,42
C,2,237,537,1038.3087158203125,42
C,2,238,538,1118.07666015625,42
C,2,239,539,1054.9052734375,42
C,2,240,540,1013.1557006835938,42
C,2,241,541,1039.9630126953125,42
C,2,242,542,972.4112548828125,42
C,2,243,543,1119.5633544921875,42
C,2,244,544,1240.225341796875,42
C,2,245,545,1190.3133544921875,42
C,2,246,546,1253.25439453125,42
C,2,247,547,1127.63671875,42
C,2,248,548,1155.9246826171875,42
C,2,249,549,1215.1629638671875,42
C,2,250,550,1251.203857421875,42
C,2,251,551,1190.2225341796875,42
C,2,252,552,1145.5361328125,42
C,2,253,553,1149.265380859375,42
C,2,254,554,1122.865234375,42
C,2,255,555,1154.03076171875,42
C,2,256,556,1221.818603515625,42
C,2,257,557,1142.1348876953125,42
C,2,258,558,1119.8450927734375,42
C,2,259,559,1143.433837890625,42
C,2,260,560,1059.03662109375,42
C,2,261,561,1130.0023193359375,42
C,2,262,562,1140.0987548828125,42
C,2,263,563,1049.6953125,42
C,2,264,564,1043.351806640625,42
C,2,265,565,1029.37744140625,42
C,2,266,566,1142.88671875,42
C,2,267,567,1156.11328125,42
C,2,268,568,1146.623046875,42
C,2,269,569,1116.12841796875,42
C,2,270,570,1092.5552978515625,42
C,2,271,571,1068.7794189453125,42
C,2,272,572,1091.8404541015625,42
C,2,273,573,1102.3824462890625,42
C,2,274,574,1043.261962890625,42
C,2,275,575,1111.0130615234375,42
C,2,276,576,1165.4359130859375,42
C,2,277,577,1147.3145751953125,42
C,2,278,578,1027.6224365234375,42
C,2,279,579,1167.149169921875,42
C,2,280,580,1140.9864501953125,42
C,2,281,581,1137.3751220703125,42
C,2,282,582,1139.4512939453125,42
C,2,283,583,1144.341064453125,42
C,2,284,584,1059.376220703125,42
C,2,285,585,1147.811767578125,42
C,2,286,586,1108.8543701171875,42
C,2,287,587,1132.698974609375,42
C,2,288,588,1126.3355712890625,42
C,2,289,589,1136.3934326171875,42
C,2,290,590,1137.9923095703125,42
C,2,291,591,1201.1810302734375,42
C,2,292,592,1131.9178466796875,42
C,2,293,593,1160.6072998046875,42
C,2,294,594,1227.958984375,42
C,2,295,595,1273.8094482421875,42
C,2,296,596,1220.845703125,42
C,2,297,597,1230.6900634765625,42
C,2,298,598,1236.3837890625,42
C,2,299,599,1303.4375,42
C,2,300,600,1313.588134765625,42
C,2,301,601,1315.2786865234375,42
C,2,302,602,1309.678955078125,42
C,2,303,603,1333.4088134765625,42
C,2,304,604,1250.0018310546875,42
C,2,305,605,1267.4923095703125,42
C,2,306,606,1255.650146484375,42
C,2,307,607,1275.473876953125,42
C,2,308,608,1243.4482421875,42
C,2,309,609,1241.3612060546875,42
C,2,310,610,1271.614013671875,42
C,2,311,611,1306.2891845703125,42
C,2,312,612,1265.15185546875,42
C,2,313,613,1324.583251953125,42
C,2,314,614,1293.0111083984375,42
C,2,315,615,1280.6898193359375,42
C,2,316,616,1223.322021484375,42
C,2,317,617,1295.0267333984375,42
C,2,318,618,1266.194091796875,42
C,2,319,619,1299.021728515625,42
C,2,320,620,1277.191650390625,42
C,2,321,621,1262.7249755859375,42
C,2,322,622,1290.338623046875,42
C,2,323,623,1298.868896484375,42
C,2,324,624,1299.47607421875,42
C,2,325,625,1340.337158203125,42
C,2,326,626,1274.5316162109375,42
C,2,327,627,1277.1417236328125,42
C,2,328,628,1268.178466796875,42
C,2,329,629,1304.4327392578125,42
C,2,330,630,1274.1378173828125,42
C,2,331,631,1257.611328125,42
C,2,332,632,1274.213134765625,42
C,2,333,633,1222.1375732421875,42
C,2,334,634,1280.90380859375,42
C,2,335,635,1267.74072265625,42
C,2,336,636,1244.02392578125,42
C,2,337,637,1291.4090576171875,42
C,2,338,638,1270.3397216796875,42
C,2,339,639,1307.59521484375,42
C,2,340,640,1319.556640625,42
C,2,341,641,1281.966064453125,42
C,2,342,642,1267.5068359375,42
C,2,343,643,1306.7642822265625,42
C,2,344,644,1296.0205078125,42
C,2,345,645,1321.8173828125,42
C,2,346,646,1281.7435302734375,42
C,2,347,647,1234.797119140625,42
C,2,348,648,1274.4356689453125,42
C,2,349,649,1325.4444580078125,42
C,2,350,650,1343.077880859375,42
C,2,351,651,1379.9080810546875,42
C,2,352,652,1319.0848388671875,42
C,2,353,653,1391.9791259765625,42
C,2,354,654,1328.167724609375,42
C,2,355,655,1298.7047119140625,42
C,2,356,656,1281.49609375,42
C,2,357,657,1261.1414794921875,42
C,2,358,658,1229.8333740234375,42
C,2,359,659,1337.5091552734375,42
C,2,360,660,1328.4718017578125,42
C,2,361,661,1388.4822998046875,42
C,2,362,662,1253.7183837890625,42
C,2,363,663,1376.7152099609375,42
C,2,364,664,1319.36328125,42
C,2,365,665,1382.0552978515625,42
C,2,366,666,1256.217529296875,42
C,2,367,667,1302.5379638671875,42
C,2,368,668,1352.839111328125,42
C,2,369,669,1333.3153076171875,42
C,2,370,670,1312.8642578125,42
C,2,371,671,1314.047119140625,42
C,2,372,672,1307.29345703125,42
C,2,373,673,1294.3275146484375,42
C,2,374,674,1226.0615234375,42
C,2,375,675,1288.259521484375,42
C,2,376,676,1272.4298095703125,42
C,2,377,677,1318.6669921875,42
C,2,378,678,1395.853271484375,42
C,2,379,679,1284.9833984375,42
C,2,380,680,1343.45947265625,42
C,2,381,681,1330.936767578125,42
C,2,382,682,1283.9320068359375,42
C,2,383,683,1364.156494140625,42
C,2,384,684,1314.7392578125,42
C,2,385,685,1319.3489990234375,42
C,2,386,686,1340.9261474609375,42
C,2,387,687,1326.0599365234375,42
C,2,388,688,1391.586669921875,42
C,2,389,689,1278.1087646484375,42
C,2,390,690,1306.3404541015625,42
C,2,391,691,1345.341064453125,42
C,2,392,692,1335.98681640625,42
C,2,393,693,1338.572265625,42
C,2,394,694,1337.547119140625,42
C,2,395,695,1287.749267578125,42
C,2,396,696,1310.705078125,42
C,2,397,697,1283.345703125,42
C,2,398,698,1302.9490966796875,42
C,2,399,699,1286.6087646484375,42
C,2,400,700,1308.5748291015625,42
C,2,401,701,1304.820068359375,42
C,2,402,702,1228.847412109375,42
C,2,403,703,1287.693359375,42
C,2,404,704,1297.9847412109375,42
C,2,405,705,1199.498046875,42
C,2,406,706,1253.994384765625,42
C,2,407,707,1298.4029541015625,42
C,2,408,708,1257.4246826171875,42
C,2,409,709,1217.6507568359375,42
C,2,410,710,1233.0123291015625,42
C,2,411,711,1171.2200927734375,42
C,2,412,712,1247.4349365234375,42
C,2,413,713,1211.1563720703125,42
C,2,414,714,1203.3212890625,42
C,2,415,715,1225.2410888671875,42
C,2,416,716,1203.08740234375,42
C,2,417,717,1177.0906982421875,42
C,2,418,718,1247.3292236328125,42
C,2,419,719,1236.389892578125,42
C,2,420,720,1212.5867919921875,42
C,2,421,721,1206.687744140625,42
C,2,422,722,1191.2574462890625,42
C,2,423,723,1156.5333251953125,42
C,2,424,724,1244.149658203125,42
C,2,425,725,1149.2635498046875,42
C,2,426,726,1136.3822021484375,42
C,2,427,727,1184.1600341796875,42
C,2,428,728,1242.7496337890625,42
C,2,429,729,1175.7723388671875,42
C,2,430,730,1220.10009765625,42
C,2,431,731,1226.73779296875,42
C,2,432,732,1276.5526123046875,42
C,2,433,733,1267.9365234375,42
C,2,434,734,1313.5546875,42
C,2,435,735,1367.1959228515625,42
C,2,436,736,1329.1934814453125,42
C,2,437,737,1373.539306640625,42
C,2,438,738,1318.22802734375,42
C,2,439,739,1328.471923828125,42
C,2,440,740,1437.1441650390625,42
C,2,441,741,1369.50830078125,42
C,2,442,742,1361.194580078125,42
C,2,443,743,1314.15087890625,42
C,2,444,744,1391.9791259765625,42
C,2,445,745,1286.8931884765625,42
C,2,446,746,1412.0947265625,42
C,2,447,747,1383.8172607421875,42
C,2,448,748,1366.377197265625,42
C,2,449,749,1393.272705078125,42
C,2,450,750,1325.9893798828125,42
C,2,451,751,1357.8221435546875,42
C,2,452,752,1359.5531005859375,42
C,2,453,753,1297.4117431640625,42
C,2,454,754,1334.3111572265625,42
C,2,455,755,1351.714599609375,42
C,2,456,756,1299.7906494140625,42
C,2,457,757,1326.6282958984375,42
C,2,458,758,1312.6942138671875,42
C,2,459,759,1320.3673095703125,42
C,2,460,760,1279.8670654296875,42
C,2,461,761,1345.1976318359375,42
C,2,462,762,1348.9503173828125,42
C,2,463,763,1371.3262939453125,42
C,2,464,764,1325.698974609375,42
C,2,465,765,1309.6016845703125,42
C,2,466,766,1269.7784423828125,42
C,2,467,767,1263.692138671875,42
C,2,468,768,1363.4962158203125,42
C,2,469,769,1279.74365234375,42
C,2,470,770,1335.57666015625,42
C,2,471,771,1288.431640625,42
C,2,472,772,1307.6072998046875,42
C,2,473,773,1277.362060546875,42
C,2,474,774,1226.117431640625,42
C,2,475,775,1294.59765625,42
C,2,476,776,1261.669921875,42
C,2,477,777,1282.68603515625,42
C,2,478,778,1224.18701171875,42
C,2,479,779,1255.7410888671875,42
C,2,480,780,1230.147705078125,42
C,2,481,781,1266.479248046875,42
C,2,482,782,1208.00732421875,42
C,2,483,783,1268.6795654296875,42
C,2,484,784,1322.9613037109375,42
C,2,485,785,1313.04736328125,42
C,2,486,786,1331.66455078125,42
C,2,487,787,1298.002197265625,42
C,2,488,788,1327.460205078125,42
C,2,489,789,1335.2825927734375,42
C,2,490,790,1350.2254638671875,42
C,2,491,791,1359.03564453125,42
C,2,492,792,1318.741455078125,42
C,2,493,793,1338.37890625,42
C,2,494,794,1394.2467041015625,42
C,2,495,795,1349.48486328125,42
C,2,496,796,1289.082275390625,42
C,2,497,797,1370.229736328125,42
C,2,498,798,1320.2147216796875,42
C,2,499,799,1330.923583984375,42
C,2,500,800,1332.321533203125,42
C,2,501,801,1365.0694580078125,42
C,2,502,802,1356.8331298828125,42
C,2,503,803,1295.11669921875,42
C,2,504,804,1318.4639892578125,42
C,2,505,805,1261.509521484375,42
C,2,506,806,1359.4361572265625,42
C,2,507,807,1346.0330810546875,42
C,2,508,808,1309.895751953125,42
C,2,509,809,1371.42138671875,42
C,2,510,810,1284.791748046875,42
C,2,511,811,1344.9027099609375,42
C,2,512,812,1341.3621826171875,42
C,2,513,813,1364.00048828125,42
C,2,514,814,1387.914794921875,42
C,2,515,815,1370.654296875,42
C,2,516,816,1310.189453125,42
C,2,517,817,1319.141357421875,42
C,2,518,818,1313.234375,42
C,2,519,819,1332.0771484375,42
C,2,520,820,1295.1824951171875,42
C,2,521,821,1382.3118896484375,42
C,2,522,822,1329.0447998046875,42
C,2,523,823,1331.553466796875,42
C,2,524,824,1358.9166259765625,42
C,3,350,1175,39.537330627441406,42
C,3,351,1176,130.89544677734375,42
C,3,352,1177,196.22659301757812,42
C,3,353,1178,252.4802703857422,42
C,3,354,1179,308.5279541015625,42
C,3,355,1180,381.2126770019531,42
C,3,356,1181,442.6125793457031,42
C,3,357,1182,499.6197509765625,42
C,3,358,1183,543.474609375,42
C,3,359,1184,629.0422973632812,42
C,3,360,1185,667.8794555664062,42
C,3,361,1186,748.69140625,42
C,3,362,1187,793.09912109375,42
C,3,363,1188,833.2801513671875,42
C,3,364,1189,937.2406005859375,42
C,3,365,1190,995.8505859375,42
C,3,366,1191,1037.0010986328125,42
C,3,367,1192,1008.044189453125,42
C,3,368,1193,977.3943481445312,42
C,3,369,1194,1003.747802734375,42
C,3,370,1195,1178.35498046875,42
C,3,371,1196,1241.0064697265625,42
C,3,372,1197,1274.611083984375,42
C,3,373,1198,1211.47509765625,42
C,3,374,1199,1179.8787841796875,42
C,3,375,1200,1263.7601318359375,42
C,3,376,1201,1195.244384765625,42
C,3,377,1202,1282.74609375,42
C,3,378,1203,1219.95654296875,42
C,3,379,1204,1237.9188232421875,42
C,3,380,1205,1249.2235107421875,42
C,3,381,1206,1224.8128662109375,42
C,3,382,1207,1297.415283203125,42
C,3,383,1208,1260.586181640625,42
C,3,384,1209,1273.6124267578125,42
C,3,385,1210,1291.9918212890625,42
C,3,386,1211,1229.369873046875,42
C,3,387,1212,1236.2091064453125,42
C,3,388,1213,1273.8466796875,42
C,3,389,1214,1238.620361328125,42
C,3,390,1215,1215.0609130859375,42
C,3,391,1216,1268.295166015625,42
C,3,392,1217,1345.5550537109375,42
C,3,393,1218,1271.768310546875,42
C,3,394,1219,1256.1778564453125,42
C,3,395,1220,1221.3433837890625,42
C,3,396,1221,1215.5888671875,42
C,3,397,1222,1338.7354736328125,42
C,3,398,1223,1223.158447265625,42
C,3,399,1224,1301.5343017578125,42
C,3,400,1225,1335.6905517578125,42
C,3,401,1226,1272.159423828125,42
C,3,402,1227,1267.189208984375,42
C,3,403,1228,1283.9267578125,42
C,3,404,1229,1253.375732421875,42
C,3,405,1230,1247.9451904296875,42
C,3,406,1231,1265.8641357421875,42
C,3,407,1232,1290.861328125,42
C,3,408,1233,1290.1279296875,42
C,3,409,1234,1224.8157958984375,42
C,3,410,1235,1158.200439453125,42
C,3,411,1236,1279.4315185546875,42
C,3,412,1237,1276.338623046875,42
C,3,413,1238,1304.76806640625,42
C,3,414,1239,1290.800537109375,42
C,3,415,1240,1230.3251953125,42
C,3,416,1241,1233.305908203125,42
C,3,417,1242,1241.9632568359375,42
C,3,418,1243,1270.6434326171875,42
C,3,419,1244,1242.28271484375,42
C,3,420,1245,1247.3502197265625,42
C,3,421,1246,1196.491943359375,42
C,3,422,1247,1181.844970703125,42
C,3,423,1248,1136.195556640625,42
C,3,424,1249,1155.8084716796875,42
C,3,425,1250,1306.081787109375,42
C,3,426,1251,1191.8238525390625,42
C,3,427,1252,1268.4617919921875,42
C,3,428,1253,1250.7509765625,42
C,3,429,1254,1300.798828125,42
C,3,430,1255,1269.744140625,42
C,3,431,1256,1194.300048828125,42
C,3,432,1257,1193.96484375,42
C,3,433,1258,1235.9287109375,42
C,3,434,1259,1209.4464111328125,42
C,3,435,1260,1176.810546875,42
C,3,436,1261,1186.099365234375,42
C,3,437,1262,1229.197509765625,42
C,3,438,1263,1185.5006103515625,42
C,3,439,1264,1191.947021484375,42
C,3,440,1265,1186.6873779296875,42
C,3,441,1266,1236.6456298828125,42
C,3,442,1267,1244.7987060546875,42
C,3,443,1268,1202.40625,42
C,3,444,1269,1323.228271484375,42
C,3,445,1270,1246.2392578125,42
C,3,446,1271,1293.530517578125,42
C,3,447,1272,1282.773193359375,42
C,3,448,1273,1279.47216796875,42
C,3,449,1274,1260.1806640625,42
C,3,450,1275,1234.235107421875,42
C,3,451,1276,1306.9971923828125,42
C,3,452,1277,1277.1612548828125,42
C,3,453,1278,1276.0126953125,42
C,3,454,1279,1246.2596435546875,42
C,3,455,1280,1308.207763671875,42
C,3,456,1281,1266.3487548828125,42
C,3,457,1282,1204.1568603515625,42
C,3,458,1283,1335.2288818359375,42
C,3,459,1284,1280.946533203125,42
C,3,460,1285,1225.97802734375,42
C,3,461,1286,1251.2191162109375,42
C,3,462,1287,1224.39111328125,42
C,3,463,1288,1258.4046630859375,42
C,3,464,1289,1223.1053466796875,42
C,3,465,1290,1216.6483154296875,42
C,3,466,1291,1210.0123291015625,42
C,3,467,1292,1197.0316162109375,42
C,3,468,1293,1199.20654296875,42
C,3,469,1294,1252.5799560546875,42
C,3,470,1295,1213.66259765625,42
C,3,471,1296,1194.6607666015625,42
C,3,472,1297,1155.88134765625,42
C,3,473,1298,1229.9376220703125,42
C,3,474,1299,1171.953369140625,42
C,3,475,1300,1285.8431396484375,42
C,3,476,1301,1248.429443359375,42
C,3,477,1302,1297.4705810546875,42
C,3,478,1303,1226.2193603515625,42
C,3,479,1304,1237.072021484375,42
C,3,480,1305,1214.9571533203125,42
C,3,481,1306,1267.1663818359375,42
C,3,482,1307,1289.8863525390625,42
C,3,483,1308,1312.7059326171875,42
C,3,484,1309,1234.1341552734375,42
C,3,485,1310,1265.783935546875,42
C,3,486,1311,1334.81298828125,42
C,3,487,1312,1344.1595458984375,42
C,3,488,1313,1236.6312255859375,42
C,3,489,1314,1255.30810546875,42
C,3,490,1315,1278.75390625,42
C,3,491,1316,1317.661376953125,42
C,3,492,1317,1301.98779296875,42
C,3,493,1318,1337.643798828125,42
C,3,494,1319,1266.298095703125,42
C,3,495,1320,1304.1502685546875,42
C,3,496,1321,1338.0399169921875,42
C,3,497,1322,1183.0933837890625,42
C,3,498,1323,1296.0819091796875,42
C,3,499,1324,1273.445556640625,42
C,3,500,1325,1310.6156005859375,42
C,3,501,1326,1248.3441162109375,42
C,3,502,1327,1303.2060546875,42
C,3,503,1328,1301.1561279296875,42
C,3,504,1329,1226.07763671875,42
C,3,505,1330,1246.9058837890625,42
C,3,506,1331,1282.5181884765625,42
C,3,507,1332,1330.2725830078125,42
C,3,508,1333,1344.7449951171875,42
C,3,509,1334,1266.7127685546875,42
C,3,510,1335,1287.364501953125,42
C,3,511,1336,1255.30078125,42
C,3,512,1337,1262.5126953125,42
C,3,513,1338,1304.0081787109375,42
C,3,514,1339,1300.373291015625,42
C,3,515,1340,1305.7969970703125,42
C,3,516,1341,1297.168212890625,42
C,3,517,1342,1293.79150390625,42
C,3,518,1343,1274.57861328125,42
C,3,519,1344,1232.976318359375,42
C,3,520,1345,1244.642333984375,42
C,3,521,1346,1282.112548828125,42
C,3,522,1347,1250.864990234375,42
C,3,523,1348,1311.736328125,42
C,3,524,1349,1280.665283203125,42
C,3,525,1350,1242.748046875,42
C,3,526,1351,1291.7945556640625,42
C,3,527,1352,1274.5469970703125,42
C,3,528,1353,1247.2086181640625,42
C,3,529,1354,1267.327880859375,42
C,3,530,1355,1304.285888671875,42
C,3,531,1356,1229.3074951171875,42
C,3,532,1357,1244.194580078125,42
C,3,533,1358,1276.5531005859375,42
C,3,534,1359,1326.4586181640625,42
C,3,535,1360,1291.9027099609375,42
C,3,536,1361,1251.8385009765625,42
C,3,537,1362,1281.6317138671875,42
C,3,538,1363,1248.9344482421875,42
C,3,539,1364,1279.012939453125,42
C,3,540,1365,1275.1280517578125,42
C,3,541,1366,1233.09033203125,42
C,3,542,1367,1211.9791259765625,42
C,3,543,1368,1234.1783447265625,42
C,3,544,1369,1236.7584228515625,42
C,3,545,1370,1181.9259033203125,42
C,3,546,1371,1290.687255859375,42
C,3,547,1372,1245.2340087890625,42
C,3,548,1373,1271.115234375,42
C,3,549,1374,1249.3099365234375,42
C,4,549,1924,-7.516375541687012,42
C,4,550,1925,87.51295471191406,42
C,4,551,1926,161.54025268554688,42
C,4,552,1927,185.55081176757812,42
C,4,553,1928,238.94537353515625,42
C,4,554,1929,308.4569396972656,42
C,4,555,1930,387.1600341796875,42
C,4,556,1931,413.9598083496094,42
C,4,557,1932,461.46466064453125,42
C,4,558,1933,523.8896484375,42
C,4,559,1934,583.314697265625,42
C,4,560,1935,689.0557861328125,42
C,4,561,1936,691.0858764648438,42
C,4,562,1937,788.0589599609375,42
C,4,563,1938,808.5768432617188,42
C,4,564,1939,838.0684204101562,42
C,4,565,1940,943.9977416992188,42
C,4,566,1941,986.4830932617188,42
C,4,567,1942,1068.224365234375,42
C,4,568,1943,1099.5443115234375,42
C,4,569,1944,1045.7994384765625,42
C,4,570,1945,1098.8875732421875,42
C,4,571,1946,1157.4600830078125,42
C,4,572,1947,1128.92919921875,42
C,4,573,1948,1193.7366943359375,42
C,4,574,1949,1192.3583984375,42
C,4,575,1950,1166.6627197265625,42
C,4,576,1951,1204.922607421875,42
C,4,577,1952,1189.09814453125,42
C,4,578,1953,1202.846435546875,42
C,4,579,1954,1175.2149658203125,42
C,4,580,1955,1081.240234375,42
C,4,581,1956,1130.8204345703125,42
C,4,582,1957,1120.536865234375,42
C,4,583,1958,1104.9964599609375,42
C,4,584,1959,1136.12158203125,42
C,4,585,1960,1140.5185546875,42
C,4,586,1961,1073.23779296875,42
C,4,587,1962,1125.9586181640625,42
C,4,588,1963,1134.4273681640625,42
C,4,589,1964,1079.104736328125,42
C,4,590,1965,1104.2967529296875,42
C,4,591,1966,1193.9105224609375,42
C,4,592,1967,1133.8638916015625,42
C,4,593,1968,1138.7581787109375,42
C,4,594,1969,1138.2330322265625,42
C,4,595,1970,1086.044189453125,42
C,4,596,1971,1132.2896728515625,42
C,4,597,1972,1150.399169921875,42
C,4,598,1973,1055.8463134765625,42
C,4,599,1974,1158.6864013671875,42
C,4,600,1975,1076.4141845703125,42
C,4,601,1976,1138.5147705078125,42
C,4,602,1977,1079.0443115234375,42
C,4,603,1978,1131.74853515625,42
C,4,604,1979,1138.7811279296875,42
C,4,605,1980,1193.150390625,42
C,4,606,1981,1099.450927734375,42
C,4,607,1982,1156.5367431640625,42
C,4,608,1983,1195.83203125,42
C,4,609,1984,1210.7156982421875,42
C,4,610,1985,1098.293701171875,42
C,4,611,1986,1186.8360595703125,42
C,4,612,1987,1187.8115234375,42
C,4,613,1988,1169.8612060546875,42
C,4,614,1989,1199.17919921875,42
C,4,615,1990,1205.7724609375,42
C,4,616,1991,1117.5162353515625,42
C,4,617,1992,1045.090087890625,42
C,4,618,1993,1135.561767578125,42
C,4,619,1994,1156.2955322265625,42
C,4,620,1995,1126.180908203125,42
C,4,621,1996,1068.796875,42
C,4,622,1997,1079.2808837890625,42
C,4,623,1998,1178.6895751953125,42
C,4,624,1999,1109.5015869140625,42
C,4,625,2000,1133.609375,42
C,4,626,2001,1194.1558837890625,42
C,4,627,2002,1173.237060546875,42
C,4,628,2003,1169.971923828125,42
C,4,629,2004,1117.913818359375,42
C,4,630,2005,1154.40869140625,42
C,4,631,2006,1140.650146484375,42
C,4,632,2007,1176.9879150390625,42
C,4,633,2008,1053.3441162109375,42
C,4,634,2009,1053.747314453125,42
C,4,635,2010,1210.3870849609375,42
C,4,636,2011,1116.1529541015625,42
C,4,637,2012,1151.1202392578125,42
C,4,638,2013,1138.0244140625,42
C,4,639,2014,1158.6693115234375,42
C,4,640,2015,1108.9967041015625,42
C,4,641,2016,1114.3072509765625,42
C,4,642,2017,1194.3326416015625,42
C,4,643,2018,1172.840087890625,42
C,4,644,2019,1189.732421875,42
C,4,645,2020,1127.6866455078125,42
C,4,646,2021,1151.25927734375,42
C,4,647,2022,1152.1314697265625,42
C,4,648,2023,1126.6434326171875,42
C,4,649,2024,1188.77001953125,42
C,4,650,2025,1175.1812744140625,42
C,4,651,2026,1104.23974609375,42
C,4,652,2027,1174.3543701171875,42
C,4,653,2028,1166.0068359375,42
C,4,654,2029,1176.129638671875,42
C,4,655,2030,1171.54541015625,42
C,4,656,2031,1175.6007080078125,42
C,4,657,2032,1152.4317626953125,42
C,4,658,2033,1217.8333740234375,42
C,4,659,2034,1140.9107666015625,42
C,4,660,2035,1118.9085693359375,42
C,4,661,2036,1139.6541748046875,42
C,4,662,2037,1130.3145751953125,42
C,4,663,2038,1075.2279052734375,42
C,4,664,2039,1156.727783203125,42
C,4,665,2040,1118.4923095703125,42
C,4,666,2041,1207.0294189453125,42
C,4,667,2042,1152.3338623046875,42
C,4,668,2043,1176.4735107421875,42
C,4,669,2044,1169.5059814453125,42
C,4,670,2045,1192.85205078125,42
C,4,671,2046,1160.80078125,42
C,4,672,2047,1160.4659423828125,42
C,4,673,2048,1145.0682373046875,42
C,4,674,2049,1099.19384765625,42
C,4,675,2050,1178.518310546875,42
C,4,676,2051,1138.78125,42
C,4,677,2052,1165.29345703125,42
C,4,678,2053,1148.3707275390625,42
C,4,679,2054,1156.6563720703125,42
C,4,680,2055,1102.72802734375,42
C,4,681,2056,1156.72021484375,42
C,4,682,2057,1024.289794921875,42
C,4,683,2058,1103.504638671875,42
C,4,684,2059,1163.7611083984375,42
C,4,685,2060,1083.14697265625,42
C,4,686,2061,1099.3958740234375,42
C,4,687,2062,1098.0079345703125,42
C,4,688,2063,1038.839599609375,42
C,4,689,2064,1133.9344482421875,42
C,4,690,2065,1076.0430908203125,42
C,4,691,2066,1095.0333251953125,42
C,4,692,2067,1063.346435546875,42
C,4,693,2068,1090.868408203125,42
C,4,694,2069,1106.7796630859375,42
C,4,695,2070,1077.6319580078125,42
C,4,696,2071,1016.9462890625,42
C,4,697,2072,1022.0110473632812,42
C,4,698,2073,1135.03857421875,42
C,4,699,2074,1132.6737060546875,42
C,4,700,2075,1046.865478515625,42
C,4,701,2076,1056.50244140625,42
C,4,702,2077,1037.685791015625,42
C,4,703,2078,1104.6513671875,42
C,4,704,2079,1004.4104614257812,42
C,4,705,2080,1092.047119140625,42
C,4,706,2081,1055.72119140625,42
C,4,707,2082,1140.6873779296875,42
C,4,708,2083,1133.3876953125,42
C,4,709,2084,1159.485107421875,42
C,4,710,2085,1129.5616455078125,42
C,4,711,2086,1096.8970947265625,42
C,4,712,2087,1108.206298828125,42
C,4,713,2088,1158.8050537109375,42
C,4,714,2089,1190.6278076171875,42
C,4,715,2090,1074.2625732421875,42
C,4,716,2091,1175.52880859375,42
C,4,717,2092,1087.2662353515625,42
C,4,718,2093,1202.5673828125,42
C,4,719,2094,1146.108642578125,42
C,4,720,2095,1129.9749755859375,42
C,4,721,2096,1167.3963623046875,42
C,4,722,2097,1246.736572265625,42
C,4,723,2098,1177.0504150390625,42
C,4,724,2099,1183.5703125,42
C,4,725,2100,1094.469970703125,42
C,4,726,2101,1179.7017822265625,42
C,4,727,2102,1157.3424072265625,42
C,4,728,2103,1152.4676513671875,42
C,4,729,2104,1146.1546630859375,42
C,4,730,2105,1139.1502685546875,42
C,4,731,2106,1138.2978515625,42
C,4,732,2107,1111.8931884765625,42
C,4,733,2108,1116.3292236328125,42
C,4,734,2109,1113.091064453125,42
C,4,735,2110,1107.0067138671875,42
C,4,736,2111,1086.96630859375,42
C,4,737,2112,1159.825927734375,42
C,4,738,2113,1084.5079345703125,42
C,4,739,2114,1132.91650390625,42
C,4,740,2115,1104.8856201171875,42
C,4,741,2116,1084.592529296875,42
C,4,742,2117,1131.20556640625,42
C,4,743,2118,1216.5279541015625,42
C,4,744,2119,1134.8857421875,42
C,4,745,2120,1162.075927734375,42
C,4,746,2121,1148.2548828125,42
C,4,747,2122,1094.3419189453125,42
C,4,748,2123,1274.9854736328125,42
C,4,749,2124,1108.16650390625,42
C,4,750,2125,1164.05029296875,42
C,4,751,2126,1126.111328125,42
C,4,752,2127,1095.9466552734375,42
C,4,753,2128,1103.9249267578125,42
C,4,754,2129,1119.1431884765625,42
C,4,755,2130,1186.807373046875,42
C,4,756,2131,1084.2413330078125,42
C,4,757,2132,1095.84521484375,42
C,4,758,2133,1166.9718017578125,42
C,4,759,2134,1095.5260009765625,42
C,4,760,2135,1198.76220703125,42
C,4,761,2136,1114.314453125,42
C,4,762,2137,1061.9605712890625,42
C,4,763,2138,1083.1234130859375,42
C,4,764,2139,1046.768310546875,42
C,4,765,2140,1114.7442626953125,42
C,4,766,2141,1052.3536376953125,42
C,4,767,2142,1068.3326416015625,42
C,4,768,2143,1119.713134765625,42
C,4,769,2144,1111.9764404296875,42
C,4,770,2145,1170.0955810546875,42
C,4,771,2146,1155.93798828125,42
C,4,772,2147,1164.1053466796875,42
C,4,773,2148,1216.6905517578125,42
C,4,774,2149,1183.7236328125,42
C,4,775,2150,1088.653564453125,42
C,4,776,2151,1108.5123291015625,42
C,4,777,2152,1169.546630859375,42
C,4,778,2153,1147.004150390625,42
C,4,779,2154,1175.3814697265625,42
C,4,780,2155,1080.8441162109375,42
C,4,781,2156,1180.9464111328125,42
C,4,782,2157,1212.3424072265625,42
C,4,783,2158,1221.937255859375,42
C,4,784,2159,1111.8988037109375,42
C,4,785,2160,1247.111083984375,42
C,4,786,2161,1204.5482177734375,42
C,4,787,2162,1216.0477294921875,42
C,4,788,2163,1132.51611328125,42
C,4,789,2164,1226.3138427734375,42
C,4,790,2165,1168.62548828125,42
C,4,791,2166,1177.9132080078125,42
C,4,792,2167,1168.9781494140625,42
C,4,793,2168,1190.399169921875,42
C,4,794,2169,1142.1058349609375,42
C,4,795,2170,1103.4222412109375,42
C,4,796,2171,1164.3753662109375,42
C,4,797,2172,1230.115234375,42
C,4,798,2173,1233.295654296875,42
C,5,675,2849,27.375043869018555,42
C,5,676,2850,98.25922393798828,42
C,5,677,2851,161.82176208496094,42
C,5,678,2852,190.868896484375,42
C,5,679,2853,265.597412109375,42
C,5,680,2854,320.7689208984375,42
C,5,681,2855,393.9944763183594,42
C,5,682,2856,401.417724609375,42
C,5,683,2857,475.0623779296875,42
C,5,684,2858,501.2235412597656,42
C,5,685,2859,525.8154296875,42
C,5,686,2860,642.5821533203125,42
C,5,687,2861,632.6987915039062,42
C,5,688,2862,742.0700073242188,42
C,5,689,2863,745.6619262695312,42
C,5,690,2864,811.8493041992188,42
C,5,691,2865,901.302001953125,42
C,5,692,2866,956.2300415039062,42
C,5,693,2867,936.5543212890625,42
C,5,694,2868,1068.8243408203125,42
C,5,695,2869,1056.465576171875,42
C,5,696,2870,1121.5665283203125,42
C,5,697,2871,1051.3026123046875,42
C,5,698,2872,1127.494384765625,42
C,5,699,2873,1146.7503662109375,42
C,5,700,2874,1065.3612060546875,42
C,5,701,2875,1109.8822021484375,42
C,5,702,2876,1162.60205078125,42
C,5,703,2877,1172.3231201171875,42
C,5,704,2878,1125.3939208984375,42
C,5,705,2879,1200.3114013671875,42
C,5,706,2880,1187.1854248046875,42
C,5,707,2881,1089.7244873046875,42
C,5,708,2882,1263.843505859375,42
C,5,709,2883,1130.1656494140625,42
C,5,710,2884,1170.1707763671875,42
C,5,711,2885,1129.69091796875,42
C,5,712,2886,1195.0670166015625,42
C,5,713,2887,1124.5589599609375,42
C,5,714,2888,1169.5792236328125,42
C,5,715,2889,1164.6748046875,42
C,5,716,2890,1179.8751220703125,42
C,5,717,2891,1244.39501953125,42
C,5,718,2892,1207.9749755859375,42
C,5,719,2893,1178.562255859375,42
C,5,720,2894,1207.088134765625,42
C,5,721,2895,1146.792236328125,42
C,5,722,2896,1219.0799560546875,42
C,5,723,2897,1147.9940185546875,42
C,5,724,2898,1124.662109375,42
C,5,725,2899,1128.4725341796875,42
C,5,726,2900,1113.56103515625,42
C,5,727,2901,1119.46484375,42
C,5,728,2902,1121.8634033203125,42
C,5,729,2903,1154.1595458984375,42
C,5,730,2904,1099.568603515625,42
C,5,731,2905,1077.7271728515625,42
C,5,732,2906,1025.5185546875,42
C,5,733,2907,1044.9891357421875,42
C,5,734,2908,1134.3326416015625,42
C,5,735,2909,910.2398681640625,42
C,5,736,2910,1021.1325073242188,42
C,5,737,2911,1047.5679931640625,42
C,5,738,2912,1102.977294921875,42
C,5,739,2913,1102.8720703125,42
C,5,740,2914,996.02734375,42
C,5,741,2915,1027.047607421875,42
C,5,742,2916,1072.7830810546875,42
C,5,743,2917,1020.2386474609375,42
C,5,744,2918,1085.2247314453125,42
C,5,745,2919,1009.0477905273438,42
C,5,746,2920,1106.5635986328125,42
C,5,747,2921,1061.5684814453125,42
C,5,748,2922,1117.8751220703125,42
C,5,749,2923,1044.197265625,42
C,5,750,2924,1006.4231567382812,42
C,5,751,2925,1052.997314453125,42
C,5,752,2926,940.59326171875,42
C,5,753,2927,1022.9088745117188,42
C,5,754,2928,1062.10205078125,42
C,5,755,2929,1006.72412109375,42
C,5,756,2930,1046.92529296875,42
C,5,757,2931,1007.5325317382812,42
C,5,758,2932,1019.11865234375,42
C,5,759,2933,1015.3114624023438,42
C,5,760,2934,1000.55712890625,42
C,5,761,2935,979.2239379882812,42
C,5,762,2936,983.4019165039062,42
C,5,763,2937,1023.8099365234375,42
C,5,764,2938,1077.41162109375,42
C,5,765,2939,1020.91943359375,42
C,5,766,2940,948.8355712890625,42
C,5,767,2941,1029.0816650390625,42
C,5,768,2942,1012.5686645507812,42
C,5,769,2943,1118.5203857421875,42
C,5,770,2944,1084.92724609375,42
C,5,771,2945,1107.4500732421875,42
C,5,772,2946,1068.0548095703125,42
C,5,773,2947,1056.5084228515625,42
C,5,774,2948,1085.7391357421875,42
C,5,775,2949,1137.0479736328125,42
C,5,776,2950,1066.7423095703125,42
C,5,777,2951,1052.77099609375,42
C,5,778,2952,1076.7664794921875,42
C,5,779,2953,1133.3287353515625,42
C,5,780,2954,1087.839599609375,42
C,5,781,2955,1090.8570556640625,42
C,5,782,2956,1099.2757568359375,42
C,5,783,2957,1133.081298828125,42
C,5,784,2958,1134.23974609375,42
C,5,785,2959,1138.587646484375,42
C,5,786,2960,942.9435424804688,42
C,5,787,2961,822.5905151367188,42
C,5,788,2962,816.5997314453125,42
C,5,789,2963,801.7398071289062,42
C,5,790,2964,896.8495483398438,42
C,5,791,2965,973.533203125,42
C,5,792,2966,851.4508666992188,42
C,5,793,2967,899.9346923828125,42
C,5,794,2968,719.66064453125,42
C,5,795,2969,848.5252075195312,42
C,5,796,2970,914.4790649414062,42
C,5,797,2971,965.853515625,42
C,5,798,2972,876.4109497070312,42
C,5,799,2973,910.2686157226562,42
C,5,800,2974,924.566650390625,42
C,5,801,2975,830.68798828125,42
C,5,802,2976,781.6300659179688,42
C,5,803,2977,961.1912231445312,42
C,5,804,2978,922.5584106445312,42
C,5,805,2979,997.3683471679688,42
C,5,806,2980,972.4197387695312,42
C,5,807,2981,1032.9407958984375,42
C,5,808,2982,1155.9215087890625,42
C,5,809,2983,1166.5374755859375,42
C,5,810,2984,1076.2333984375,42
C,5,811,2985,1101.38427734375,42
C,5,812,2986,1048.144775390625,42
C,5,813,2987,1132.0203857421875,42
C,5,814,2988,1219.3035888671875,42
C,5,815,2989,1190.9033203125,42
C,5,816,2990,1197.06005859375,42
C,5,817,2991,1162.195068359375,42
C,5,818,2992,1044.2410888671875,42
C,5,819,2993,1107.4697265625,42
C,5,820,2994,1107.4862060546875,42
C,5,821,2995,1097.255615234375,42
C,5,822,2996,1064.8931884765625,42
C,5,823,2997,1014.2863159179688,42
C,5,824,2998,1047.8013916015625,42
C,5,825,2999,1102.7886962890625,42
C,5,826,3000,1084.60205078125,42
C,5,827,3001,1092.2271728515625,42
C,5,828,3002,1078.1005859375,42
C,5,829,3003,1079.30419921875,42
C,5,830,3004,1116.3076171875,42
C,5,831,3005,1021.0357666015625,42
C,5,832,3006,1073.3192138671875,42
C,5,833,3007,1219.2030029296875,42
C,5,834,3008,1112.28857421875,42
C,5,835,3009,1091.9012451171875,42
C,5,836,3010,1130.2801513671875,42
C,5,837,3011,1091.583740234375,42
C,5,838,3012,1072.6346435546875,42
C,5,839,3013,1018.758544921875,42
C,5,840,3014,1197.374755859375,42
C,5,841,3015,1178.061767578125,42
C,5,842,3016,1169.81982421875,42
C,5,843,3017,1108.6015625,42
C,5,844,3018,1203.090576171875,42
C,5,845,3019,1176.6998291015625,42
C,5,846,3020,1053.382568359375,42
C,5,847,3021,1112.812744140625,42
C,5,848,3022,1118.572265625,42
C,5,849,3023,1181.3765869140625,42
C,5,850,3024,1101.9967041015625,42
C,5,851,3025,1142.164794921875,42
C,5,852,3026,1018.7799072265625,42
C,5,853,3027,845.1198120117188,42
C,5,854,3028,949.8685302734375,42
C,5,855,3029,1017.053955078125,42
C,5,856,3030,1102.6673583984375,42
C,5,857,3031,1156.4398193359375,42
C,5,858,3032,1043.7490234375,42
C,5,859,3033,1027.3175048828125,42
C,5,860,3034,1072.710205078125,42
C,5,861,3035,1027.421875,42
C,5,862,3036,1023.4920043945312,42
C,5,863,3037,951.1077880859375,42
C,5,864,3038,975.0921630859375,42
C,5,865,3039,964.0106201171875,42
C,5,866,3040,1033.888427734375,42
C,5,867,3041,1016.6838989257812,42
C,5,868,3042,936.5302734375,42
C,5,869,3043,1030.8695068359375,42
C,5,870,3044,921.7217407226562,42
C,5,871,3045,850.8306274414062,42
C,5,872,3046,934.5845336914062,42
C,5,873,3047,1004.5748291015625,42
C,5,874,3048,1004.9757080078125,42
C,5,875,3049,1037.3756103515625,42
C,5,876,3050,1068.0865478515625,42
C,5,877,3051,1043.8077392578125,42
C,5,878,3052,1038.8931884765625,42
C,5,879,3053,983.8540649414062,42
C,5,880,3054,1031.9119873046875,42
C,5,881,3055,1091.8306884765625,42
C,5,882,3056,1107.6986083984375,42
C,5,883,3057,1004.6058349609375,42
C,5,884,3058,1079.99462890625,42
C,5,885,3059,1163.1903076171875,42
C,5,886,3060,1175.7110595703125,42
C,5,887,3061,1053.4837646484375,42
C,5,888,3062,976.6074829101562,42
C,5,889,3063,1137.7938232421875,42
C,5,890,3064,1101.0576171875,42
C,5,891,3065,1015.1420288085938,42
C,5,892,3066,1060.817138671875,42
C,5,893,3067,1025.0836181640625,42
C,5,894,3068,1090.10546875,42
C,5,895,3069,1089.655029296875,42
C,5,896,3070,1004.72119140625,42
C,5,897,3071,1115.534912109375,42
C,5,898,3072,1070.7197265625,42
C,5,899,3073,1130.047607421875,42
C,5,900,3074,1064.74267578125,42
C,5,901,3075,1128.305419921875,42
C,5,902,3076,1095.2177734375,42
C,5,903,3077,1183.448486328125,42
C,5,904,3078,1098.93115234375,42
C,5,905,3079,1114.9573974609375,42
C,5,906,3080,1201.802001953125,42
C,5,907,3081,1103.3829345703125,42
C,5,908,3082,1102.868896484375,42
C,5,909,3083,1022.767578125,42
C,5,910,3084,1114.046630859375,42
C,5,911,3085,1172.10009765625,42
C,5,912,3086,1155.8311767578125,42
C,5,913,3087,1210.5601806640625,42
C,5,914,3088,1132.8421630859375,42
C,5,915,3089,1130.910400390625,42
C,5,916,3090,1068.4117431640625,42
C,5,917,3091,1168.3720703125,42
C,5,918,3092,1135.265380859375,42
C,5,919,3093,1073.5191650390625,42
C,5,920,3094,961.2021484375,42
C,5,921,3095,1105.1217041015625,42
C,5,922,3096,1111.5040283203125,42
C,5,923,3097,1139.55078125,42
C,5,924,3098,1129.2630615234375,42
C,5,925,3099,1112.37255859375,42
C,5,926,3100,1051.8236083984375,42
C,5,927,3101,1055.9039306640625,42
C,5,928,3102,1034.82373046875,42
C,5,929,3103,1080.2071533203125,42
C,5,930,3104,1112.4285888671875,42
C,5,931,3105,1115.3580322265625,42
C,5,932,3106,1205.3829345703125,42
C,5,933,3107,1129.96533203125,42
C,5,934,3108,1161.7340087890625,42
C,5,935,3109,1162.9324951171875,42
C,5,936,3110,1161.8095703125,42
C,5,937,3111,1129.9613037109375,42
C,5,938,3112,1126.5679931640625,42
C,5,939,3113,1062.2757568359375,42
C,5,940,3114,1089.015625,42
C,5,941,3115,1166.393310546875,42
C,5,942,3116,1131.51708984375,42
C,5,943,3117,1212.314208984375,42
C,5,944,3118,1111.2889404296875,42
C,5,945,3119,1183.587646484375,42
C,5,946,3120,1146.669189453125,42
C,5,947,3121,1176.7567138671875,42
C,5,948,3122,1135.4114990234375,42
C,5,949,3123,1149.9443359375,42
C,5,950,3124,1114.9444580078125,42
C,5,951,3125,1186.3214111328125,42
C,5,952,3126,1119.4771728515625,42
C,5,953,3127,1140.514404296875,42
C,5,954,3128,1126.01904296875,42
C,5,955,3129,1159.6126708984375,42
C,5,956,3130,1161.9796142578125,42
C,5,957,3131,1144.3843994140625,42
C,5,958,3132,1084.40625,42
C,5,959,3133,1153.103271484375,42
C,5,960,3134,1130.4022216796875,42
C,5,961,3135,1094.4287109375,42
C,5,962,3136,1112.0479736328125,42
C,5,963,3137,1119.513427734375,42
C,5,964,3138,1122.12255859375,42
C,5,965,3139,1168.2843017578125,42
C,5,966,3140,1108.689208984375,42
C,5,967,3141,1090.148193359375,42
C,5,968,3142,1200.122802734375,42
C,5,969,3143,1156.07568359375,42
C,5,970,3144,1141.095947265625,42
C,5,971,3145,1159.966064453125,42
C,5,972,3146,1182.836181640625,42
C,5,973,3147,1181.92626953125,42
C,5,974,3148,1133.2154541015625,42
A,1,0,0,-85.2068099975586,43
A,1,1,1,-81.9230728149414,43
A,1,2,2,-93.88489532470703,43
A,1,3,3,-92.05277252197266,43
A,1,4,4,-86.60731506347656,43
A,1,5,5,-82.9273681640625,43
A,1,6,6,-76.9643325805664,43
A,1,7,7,-75.21471405029297,43
A,1,8,8,-77.05561828613281,43
A,1,9,9,-73.14688873291016,43
A,1,10,10,-70.33335876464844,43
A,1,11,11,-74.3789291381836,43
A,1,12,12,-81.70562744140625,43
A,1,13,13,-73.46148681640625,43
A,1,14,14,-89.08172607421875,43
A,1,15,15,-88.93435668945312,43
A,1,16,16,-83.63093566894531,43
A,1,17,17,-98.05786895751953,43
A,1,18,18,-119.73867797851562,43
A,1,19,19,-127.7849349975586,43
A,1,20,20,-137.09140014648438,43
A,1,21,21,-155.5725555419922,43
A,1,22,22,-158.62973022460938,43
A,1,23,23,-188.86016845703125,43
A,1,24,24,-169.49658203125,43
A,1,25,25,-199.28758239746094,43
A,1,26,26,-205.7443084716797,43
A,1,27,27,-222.00050354003906,43
A,1,28,28,-234.54635620117188,43
A,1,29,29,-245.4401397705078,43
A,1,30,30,-269.3262939453125,43
A,1,31,31,-252.6702423095703,43
A,1,32,32,-289.69268798828125,43
A,1,33,33,-316.10540771484375,43
A,1,34,34,-294.8803405761719,43
A,1,35,35,-310.5074157714844,43
A,1,36,36,-352.0898132324219,43
A,1,37,37,-226.19564819335938,43
A,1,38,38,-333.5249938964844,43
A,1,39,39,-243.10833740234375,43
A,1,40,40,-223.97840881347656,43
A,1,41,41,-279.38330078125,43
A,1,42,42,-185.06259155273438,43
A,1,43,43,-167.4830322265625,43
A,1,44,44,-185.49652099609375,43
A,1,45,45,-172.19261169433594,43
A,1,46,46,-149.63087463378906,43
A,1,47,47,-205.79830932617188,43
A,1,48,48,-46.88511657714844,43
A,1,49,49,-137.07269287109375,43
A,1,50,50,-143.5491180419922,43
A,1,51,51,-107.53926086425781,43
A,1,52,52,30.0508975982666,43
A,1,53,53,28.0992488861084,43
A,1,54,54,-14.74689769744873,43
A,1,55,55,24.703641891479492,43
A,1,56,56,137.80264282226562,43
A,1,57,57,136.831787109375,43
A,1,58,58,157.34742736816406,43
A,1,59,59,254.47972106933594,43
A,1,60,60,321.1762390136719,43
A,1,61,61,321.2434387207031,43
A,1,62,62,348.1746826171875,43
A,1,63,63,384.3166198730469,43
A,1,64,64,333.97381591796875,43
A,1,65,65,378.036376953125,43
A,1,66,66,425.8893127441406,43
A,1,67,67,466.88775634765625,43
A,1,68,68,613.0418701171875,43
A,1,69,69,575.4544677734375,43
A,1,70,70,631.2155151367188,43
A,1,71,71,522.2581787109375,43
A,1,72,72,645.2039184570312,43
A,1,73,73,680.971435546875,43
A,1,74,74,732.6997680664062,43
A,1,75,75,753.2509155273438,43
A,1,76,76,809.7726440429688,43
A,1,77,77,741.0460815429688,43
A,1,78,78,719.7350463867188,43
A,1,79,79,862.578857421875,43
A,1,80,80,785.0714111328125,43
A,1,81,81,847.7042236328125,43
A,1,82,82,813.1067504882812,43
A,1,83,83,953.58935546875,43
A,1,84,84,999.4635620117188,43
A,1,85,85,1033.3299560546875,43
A,1,86,86,1013.1868896484375,43
A,1,87,87,1087.69970703125,43
A,1,88,88,1031.9688720703125,43
A,1,89,89,1024.2091064453125,43
A,1,90,90,1076.8828125,43
A,1,91,91,1065.8385009765625,43
A,1,92,92,1057.99560546875,43
A,1,93,93,1037.6131591796875,43
A,1,94,94,1106.37255859375,43
A,1,95,95,1158.6424560546875,43
A,1,96,96,1058.2198486328125,43
A,1,97,97,1056.3328857421875,43
A,1,98,98,1090.580810546875,43
A,1,99,99,1022.6975708007812,43
A,1,100,100,1021.0142211914062,43
A,1,101,101,1085.7984619140625,43
A,1,102,102,1000.479248046875,43
A,1,103,103,954.3775634765625,43
A,1,104,104,921.2775268554688,43
A,1,105,105,1054.076904296875,43
A,1,106,106,1000.3525390625,43
A,1,107,107,910.8472900390625,43
A,1,108,108,969.8372802734375,43
A,1,109,109,981.0612182617188,43
A,1,110,110,907.3429565429688,43
A,1,111,111,891.7700805664062,43
A,1,112,112,896.0389404296875,43
A,1,113,113,998.5247802734375,43
A,1,114,114,916.2636108398438,43
A,1,115,115,1069.1429443359375,43
A,1,116,116,1084.9688720703125,43
A,1,117,117,1081.958740234375,43
A,1,118,118,1133.2117919921875,43
A,1,119,119,1052.113525390625,43
A,1,120,120,1138.2630615234375,43
A,1,121,121,1089.5870361328125,43
A,1,122,122,1119.161376953125,43
A,1,123,123,1198.589599609375,43
A,1,124,124,1108.958251953125,43
A,1,125,125,1143.7183837890625,43
A,1,126,126,1147.3138427734375,43
A,1,127,127,1111.2041015625,43
A,1,128,128,1150.126220703125,43
A,1,129,129,1182.0841064453125,43
A,1,130,130,1175.7275390625,43
A,1,131,131,1127.2076416015625,43
A,1,132,132,1142.9927978515625,43
A,1,133,133,1173.669677734375,43
A,1,134,134,1213.026123046875,43
A,1,135,135,1143.8876953125,43
A,1,136,136,1186.6820068359375,43
A,1,137,137,1150.8216552734375,43
A,1,138,138,1164.1512451171875,43
A,1,139,139,1128.0479736328125,43
A,1,140,140,1153.01220703125,43
A,1,141,141,1198.4512939453125,43
A,1,142,142,1166.4947509765625,43
A,1,143,143,1264.4898681640625,43
A,1,144,144,1241.1473388671875,43
A,1,145,145,1153.7255859375,43
A,1,146,146,1257.0267333984375,43
A,1,147,147,1184.2322998046875,43
A,1,148,148,1234.106689453125,43
A,1,149,149,1178.8092041015625,43
A,1,150,150,1204.07470703125,43
A,1,151,151,1235.8106689453125,43
A,1,152,152,1180.7781982421875,43
A,1,153,153,1166.2611083984375,43
A,1,154,154,1152.764404296875,43
A,1,155,155,1145.4217529296875,43
A,1,156,156,1187.7017822265625,43
A,1,157,157,1151.876708984375,43
A,1,158,158,1150.0743408203125,43
A,1,159,159,1166.418212890625,43
A,1,160,160,1180.7149658203125,43
A,1,161,161,1271.5067138671875,43
A,1,162,162,1207.314453125,43
A,1,163,163,1204.212890625,43
A,1,164,164,1197.061767578125,43
A,1,165,165,1316.4365234375,43
A,1,166,166,1229.54638671875,43
A,1,167,167,1185.52783203125,43
A,1,168,168,1148.1871337890625,43
A,1,169,169,1242.115478515625,43
A,1,170,170,1188.734619140625,43
A,1,171,171,1200.1766357421875,43
A,1,172,172,1165.734619140625,43
A,1,173,173,1253.9498291015625,43
A,1,174,174,1151.357421875,43
A,1,175,175,1197.7767333984375,43
A,1,176,176,1300.721435546875,43
A,1,177,177,1109.39892578125,43
A,1,178,178,1151.3870849609375,43
A,1,179,179,1205.267333984375,43
A,1,180,180,951.3712158203125,43
A,1,181,181,665.1695556640625,43
A,1,182,182,687.6353759765625,43
A,1,183,183,825.5575561523438,43
A,1,184,184,890.4156494140625,43
A,1,185,185,915.4080200195312,43
A,1,186,186,1049.906982421875,43
A,1,187,187,1089.3187255859375,43
A,1,188,188,1230.5076904296875,43
A,1,189,189,1206.57373046875,43
A,1,190,190,1277.0933837890625,43
A,1,191,191,1306.712158203125,43
A,1,192,192,1235.6102294921875,43
A,1,193,193,1262.3966064453125,43
A,1,194,194,1204.5238037109375,43
A,1,195,195,1318.0810546875,43
A,1,196,196,1330.343505859375,43
A,1,197,197,1343.889404296875,43
A,1,198,198,1236.1246337890625,43
A,1,199,199,1248.7503662109375,43
A,1,200,200,1262.8140869140625,43
A,1,201,201,1277.2757568359375,43
A,1,202,202,1206.482421875,43
A,1,203,203,1274.44921875,43
A,1,204,204,1262.903076171875,43
A,1,205,205,1185.6143798828125,43
A,1,206,206,1222.078857421875,43
A,1,207,207,1176.54638671875,43
A,1,208,208,1268.3707275390625,43
A,1,209,209,1226.1318359375,43
A,1,210,210,1234.11962890625,43
A,1,211,211,1204.6005859375,43
A,1,212,212,1200.8450927734375,43
A,1,213,213,1150.051513671875,43
A,1,214,214,1237.8994140625,43
A,1,215,215,1253.3056640625,43
A,1,216,216,1223.4683837890625,43
A,1,217,217,1235.447509765625,43
A,1,218,218,1153.0595703125,43
A,1,219,219,1215.41748046875,43
A,1,220,220,1180.0574951171875,43
A,1,221,221,1141.2449951171875,43
A,1,222,222,1273.160888671875,43
A,1,223,223,1275.2550048828125,43
A,1,224,224,1183.8203125,43
A,1,225,225,1186.2064208984375,43
A,1,226,226,1181.753173828125,43
A,1,227,227,1171.307861328125,43
A,1,228,228,1173.955322265625,43
A,1,229,229,1151.37109375,43
A,1,230,230,1264.277099609375,43
A,1,231,231,1256.747802734375,43
A,1,232,232,1203.2369384765625,43
A,1,233,233,1229.5703125,43
A,1,234,234,1231.2242431640625,43
A,1,235,235,1196.748779296875,43
A,1,236,236,1138.8612060546875,43
A,1,237,237,1270.880615234375,43
A,1,238,238,1119.7825927734375,43
A,1,239,239,1213.0255126953125,43
A,1,240,240,1168.42626953125,43
A,1,241,241,1168.2381591796875,43
A,1,242,242,1152.25,43
A,1,243,243,1206.50830078125,43
A,1,244,244,1195.2294921875,43
A,1,245,245,1205.2357177734375,43
A,1,246,246,1171.7593994140625,43
A,1,247,247,1132.084228515625,43
A,1,248,248,1183.871826171875,43
A,1,249,249,1146.9781494140625,43
A,1,250,250,1196.5947265625,43
A,1,251,251,1243.560546875,43
A,1,252,252,1252.2120361328125,43
A,1,253,253,1256.335205078125,43
A,1,254,254,1210.2152099609375,43
A,1,255,255,1183.4412841796875,43
A,1,256,256,1250.7686767578125,43
A,1,257,257,1152.1636962890625,43
A,1,258,258,1260.6285400390625,43
A,1,259,259,1184.570556640625,43
A,1,260,260,1204.41650390625,43
A,1,261,261,1267.8607177734375,43
A,1,262,262,1295.4141845703125,43
A,1,263,263,1261.2891845703125,43
A,1,264,264,1325.2215576171875,43
A,1,265,265,1208.3929443359375,43
A,1,266,266,1194.8990478515625,43
A,1,267,267,1181.4256591796875,43
A,1,268,268,1257.5072021484375,43
A,1,269,269,1293.076416015625,43
A,1,270,270,1318.341796875,43
A,1,271,271,1209.0867919921875,43
A,1,272,272,1218.883544921875,43
A,1,273,273,1278.5679931640625,43
A,1,274,274,1274.66748046875,43
A,1,275,275,1170.6927490234375,43
A,1,276,276,1240.740966796875,43
A,1,277,277,1195.256591796875,43
A,1,278,278,1256.484619140625,43
A,1,279,279,1125.4097900390625,43
A,1,280,280,1143.478515625,43
A,1,281,281,1239.181640625,43
A,1,282,282,1168.512939453125,43
A,1,283,283,1082.784912109375,43
A,1,284,284,1144.0823974609375,43
A,1,285,285,1255.10498046875,43
A,1,286,286,1172.9925537109375,43
A,1,287,287,1278.5599365234375,43
A,1,288,288,1286.4375,43
A,1,289,289,1296.8173828125,43
A,1,290,290,1310.109619140625,43
A,1,291,291,1226.501953125,43
A,1,292,292,1329.928466796875,43
A,1,293,293,1297.1085205078125,43
A,1,294,294,1220.131103515625,43
A,1,295,295,1302.48193359375,43
A,1,296,296,1263.1728515625,43
A,1,297,297,1325.0596923828125,43
A,1,298,298,1314.2454833984375,43
A,1,299,299,1268.8128662109375,43
A,2,200,500,42.296077728271484,43
A,2,201,501,113.88775634765625,43
A,2,202,502,178.82310485839844,43
A,2,203,503,249.2658233642578,43
A,2,204,504,310.2967224121094,43
A,2,205,505,373.3534851074219,43
A,2,206,506,412.54998779296875,43
A,2,207,507,470.72784423828125,43
A,2,208,508,529.2754516601562,43
A,2,209,509,585.5145874023438,43
A,2,210,510,596.10107421875,43
A,2,211,511,659.6624755859375,43
A,2,212,512,665.0706176757812,43
A,2,213,513,793.2838134765625,43
A,2,214,514,816.7809448242188,43
A,2,215,515,886.4452514648438,43
A,2,216,516,898.8125610351562,43
A,2,217,517,985.0152587890625,43
A,2,218,518,994.052490234375,43
A,2,219,519,1080.8447265625,43
A,2,220,520,1133.142578125,43
A,2,221,521,1040.3013916015625,43
A,2,222,522,1126.760009765625,43
A,2,223,523,1156.021484375,43
A,2,224,524,1141.0948486328125,43
A,2,225,525,1102.5469970703125,43
A,2,226,526,1130.142822265625,43
A,2,227,527,1128.9080810546875,43
A,2,228,528,1101.7462158203125,43
A,2,229,529,1152.6650390625,43
A,2,230,530,1150.34033203125,43
A,2,231,531,1197.028564453125,43
A,2,232,532,1170.9444580078125,43
A,2,233,533,1193.9757080078125,43
A,2,234,534,1231.453857421875,43
A,2,235,535,1207.9444580078125,43
A,2,236,536,1180.751220703125,43
A,2,237,537,1150.232421875,43
A,2,238,538,1211.23388671875,43
A,2,239,539,1222.6207275390625,43
A,2,240,540,1196.298828125,43
A,2,241,541,1179.08740234375,43
A,2,242,542,1209.6116943359375,43
A,2,243,543,1217.4515380859375,43
A,2,244,544,1242.09521484375,43
A,2,245,545,1206.8797607421875,43
A,2,246,546,1169.0589599609375,43
A,2,247,547,1264.8111572265625,43
A,2,248,548,1149.3544921875,43
A,2,249,549,1158.48876953125,43
A,2,250,550,1264.59912109375,43
A,2,251,551,1195.9971923828125,43
A,2,252,552,1215.1153564453125,43
A,2,253,553,1235.947998046875,43
A,2,254,554,1241.041748046875,43
A,2,255,555,1153.169921875,43
A,2,256,556,1183.6170654296875,43
A,2,257,557,1159.33935546875,43
A,2,258,558,1197.5445556640625,43
A,2,259,559,1243.103271484375,43
A,2,260,560,1206.3643798828125,43
A,2,261,561,1136.3319091796875,43
A,2,262,562,1115.6090087890625,43
A,2,263,563,999.0702514648438,43
A,2,264,564,1095.8966064453125,43
A,2,265,565,1211.149169921875,43
A,2,266,566,1236.5655517578125,43
A,2,267,567,1167.4935302734375,43
A,2,268,568,1163.8680419921875,43
A,2,269,569,1160.0513916015625,43
A,2,270,570,1081.0830078125,43
A,2,271,571,1053.223876953125,43
A,2,272,572,1233.64697265625,43
A,2,273,573,1075.3123779296875,43
A,2,274,574,1116.4874267578125,43
A,2,275,575,1111.8834228515625,43
A,2,276,576,1161.316650390625,43
A,2,277,577,1084.3287353515625,43
A,2,278,578,1062.0433349609375,43
A,2,279,579,1069.7449951171875,43
A,2,280,580,1181.495849609375,43
A,2,281,581,1157.99462890625,43
A,2,282,582,1181.3726806640625,43
A,2,283,583,1175.77490234375,43
A,2,284,584,1109.8314208984375,43
A,2,285,585,1180.631591796875,43
A,2,286,586,1225.4202880859375,43
A,2,287,587,1178.515380859375,43
A,2,288,588,1221.546875,43
A,2,289,589,1180.228515625,43
A,2,290,590,1234.6806640625,43
A,2,291,591,1253.5721435546875,43
A,2,292,592,1261.308349609375,43
A,2,293,593,1278.580078125,43
A,2,294,594,1199.0546875,43
A,2,295,595,1234.9998779296875,43
A,2,296,596,1204.355224609375,43
A,2,297,597,1136.7376708984375,43
A,2,298,598,1202.3157958984375,43
A,2,299,599,1210.5570068359375,43
A,2,300,600,1208.1431884765625,43
A,2,301,601,1231.4273681640625,43
A,2,302,602,1192.0531005859375,43
A,2,303,603,1213.8519287109375,43
A,2,304,604,1245.7646484375,43
A,2,305,605,1199.5625,43
A,2,306,606,1246.4586181640625,43
A,2,307,607,1249.14453125,43
A,2,308,608,1124.6578369140625,43
A,2,309,609,1211.7958984375,43
A,2,310,610,1199.876953125,43
A,2,311,611,1225.0408935546875,43
A,2,312,612,1286.9644775390625,43
A,2,313,613,1187.391357421875,43
A,2,314,614,1189.349365234375,43
A,2,315,615,1141.8704833984375,43
A,2,316,616,1218.1212158203125,43
A,2,317,617,1292.921630859375,43
A,2,318,618,1136.5562744140625,43
A,2,319,619,1157.4605712890625,43
A,2,320,620,1114.2752685546875,43
A,2,321,621,1251.975830078125,43
A,2,322,622,1240.992431640625,43
A,2,323,623,1206.1749267578125,43
A,2,324,624,1227.643798828125,43
A,2,325,625,1246.61376953125,43
A,2,326,626,1190.953369140625,43
A,2,327,627,1317.902587890625,43
A,2,328,628,1249.0224609375,43
A,2,329,629,1275.631103515625,43
A,2,330,630,1230.2982177734375,43
A,2,331,631,1192.4622802734375,43
A,2,332,632,1217.5301513671875,43
A,2,333,633,1190.96044921875,43
A,2,334,634,1212.140869140625,43
A,2,335,635,1159.8072509765625,43
A,2,336,636,1268.365966796875,43
A,2,337,637,1147.686279296875,43
A,2,338,638,1025.8780517578125,43
A,2,339,639,1063.3831787109375,43
A,2,340,640,1166.330322265625,43
A,2,341,641,1183.758056640625,43
A,2,342,642,1153.5665283203125,43
A,2,343,643,1023.5658569335938,43
A,2,344,644,1099.802734375,43
A,2,345,645,1110.1097412109375,43
A,2,346,646,1121.0565185546875,43
A,2,347,647,1164.410400390625,43
A,2,348,648,1123.794189453125,43
A,2,349,649,1151.8477783203125,43
A,2,350,650,1089.7420654296875,43
A,2,351,651,1135.945068359375,43
A,2,352,652,1104.2626953125,43
A,2,353,653,1150.2105712890625,43
A,2,354,654,1117.18603515625,43
A,2,355,655,1092.253662109375,43
A,2,356,656,1038.015380859375,43
A,2,357,657,1071.8621826171875,43
A,2,358,658,1060.1319580078125,43
A,2,359,659,968.0222778320312,43
A,2,360,660,1115.177734375,43
A,2,361,661,963.1978759765625,43
A,2,362,662,1051.0994873046875,43
A,2,363,663,1084.4688720703125,43
A,2,364,664,1049.0396728515625,43
A,2,365,665,1107.1966552734375,43
A,2,366,666,1082.3323974609375,43
A,2,367,667,1044.531494140625,43
A,2,368,668,1046.2667236328125,43
A,2,369,669,1149.49609375,43
A,2,370,670,1187.337158203125,43
A,2,371,671,1184.9222412109375,43
A,2,372,672,1229.444580078125,43
A,2,373,673,1155.6492919921875,43
A,2,374,674,1200.52880859375,43
A,2,375,675,1109.7021484375,43
A,2,376,676,1199.348388671875,43
A,2,377,677,1140.771728515625,43
A,2,378,678,1203.8963623046875,43
A,2,379,679,1205.7647705078125,43
A,2,380,680,1191.8868408203125,43
A,2,381,681,1177.13916015625,43
A,2,382,682,1209.473876953125,43
A,2,383,683,1190.0970458984375,43
A,2,384,684,1251.8677978515625,43
A,2,385,685,1196.884033203125,43
A,2,386,686,1264.0443115234375,43
A,2,387,687,1210.336669921875,43
A,2,388,688,1180.6527099609375,43
A,2,389,689,1183.2017822265625,43
A,2,390,690,1209.330322265625,43
A,2,391,691,1165.656982421875,43
A,2,392,692,1207.6798095703125,43
A,2,393,693,1268.887451171875,43
A,2,394,694,1209.492431640625,43
A,2,395,695,1224.592041015625,43
A,2,396,696,1283.8289794921875,43
A,2,397,697,1158.791259765625,43
A,2,398,698,1274.6392822265625,43
A,2,399,699,1239.309814453125,43
A,2,400,700,1197.8204345703125,43
A,2,401,701,1139.720947265625,43
A,2,402,702,1179.06884765625,43
A,2,403,703,1171.103759765625,43
A,2,404,704,1129.05908203125,43
A,2,405,705,1136.4091796875,43
A,2,406,706,1024.2752685546875,43
A,2,407,707,1217.107666015625,43
A,2,408,708,1181.16064453125,43
A,2,409,709,1169.7388916015625,43
A,2,410,710,1065.873779296875,43
A,2,411,711,996.2765502929688,43
A,2,412,712,1163.8841552734375,43
A,2,413,713,1193.65771484375,43
A,2,414,714,1127.3853759765625,43
A,2,415,715,1260.99267578125,43
A,2,416,716,1303.7412109375,43
A,2,417,717,1162.489501953125,43
A,2,418,718,1170.7552490234375,43
A,2,419,719,1219.438232421875,43
A,2,420,720,1194.73583984375,43
A,2,421,721,1122.7655029296875,43
A,2,422,722,1217.1165771484375,43
A,2,423,723,1156.14599609375,43
A,2,424,724,1254.8087158203125,43
A,2,425,725,1257.0140380859375,43
A,2,426,726,1116.9581298828125,43
A,2,427,727,1193.1622314453125,43
A,2,428,728,1162.4461669921875,43
A,2,429,729,1078.564697265625,43
A,2,430,730,1154.64208984375,43
A,2,431,731,1145.068603515625,43
A,2,432,732,1182.6339111328125,43
A,2,433,733,1125.3363037109375,43
A,2,434,734,1190.927001953125,43
A,2,435,735,1170.6431884765625,43
A,2,436,736,1135.72119140625,43
A,2,437,737,1197.3863525390625,43
A,2,438,738,1154.3509521484375,43
A,2,439,739,1171.5181884765625,43
A,2,440,740,1229.5087890625,43
A,2,441,741,1195.691650390625,43
A,2,442,742,1135.4080810546875,43
A,2,443,743,1220.883056640625,43
A,2,444,744,1221.354248046875,43
A,2,445,745,1223.43408203125,43
A,2,446,746,1232.0169677734375,43
A,2,447,747,1314.0010986328125,43
A,2,448,748,1177.0201416015625,43
A,2,449,749,1225.2047119140625,43
A,2,450,750,1243.082275390625,43
A,2,451,751,1302.6500244140625,43
A,2,452,752,1259.8551025390625,43
A,2,453,753,1264.757080078125,43
A,2,454,754,1211.601806640625,43
A,2,455,755,1220.640625,43
A,2,456,756,1199.80419921875,43
A,2,457,757,1227.036865234375,43
A,2,458,758,1188.160400390625,43
A,2,459,759,1231.642822265625,43
A,2,460,760,1204.3966064453125,43
A,2,461,761,1158.800048828125,43
A,2,462,762,1212.1341552734375,43
A,2,463,763,1167.0107421875,43
A,2,464,764,1218.7615966796875,43
A,2,465,765,1145.079833984375,43
A,2,466,766,1238.302734375,43
A,2,467,767,1150.3580322265625,43
A,2,468,768,1199.3385009765625,43
A,2,469,769,1194.2821044921875,43
A,2,470,770,1234.269775390625,43
A,2,471,771,1283.7630615234375,43
A,2,472,772,1246.337890625,43
A,2,473,773,1291.9970703125,43
A,2,474,774,1246.6580810546875,43
A,2,475,775,1208.4010009765625,43
A,2,476,776,1216.90966796875,43
A,2,477,777,1278.9959716796875,43
A,2,478,778,1234.1199951171875,43
A,2,479,779,1227.1298828125,43
A,2,480,780,1223.090576171875,43
A,2,481,781,1253.16162109375,43
A,2,482,782,1202.8258056640625,43
A,2,483,783,1205.0582275390625,43
A,2,484,784,1199.7193603515625,43
A,2,485,785,1174.1676025390625,43
A,2,486,786,1205.175048828125,43
A,2,487,787,1309.893798828125,43
A,2,488,788,1147.8975830078125,43
A,2,489,789,1195.0819091796875,43
A,2,490,790,1246.001953125,43
A,2,491,791,1251.74462890625,43
A,2,492,792,1210.4591064453125,43
A,2,493,793,1096.6279296875,43
A,2,494,794,1216.6884765625,43
A,2,495,795,1173.225341796875,43
A,2,496,796,1144.8712158203125,43
A,2,497,797,1238.34423828125,43
A,2,498,798,1118.117431640625,43
A,2,499,799,1133.6873779296875,43
A,2,500,800,1233.987060546875,43
A,2,501,801,1144.337890625,43
A,2,502,802,1175.377197265625,43
A,2,503,803,1213.8170166015625,43
A,2,504,804,1253.9468994140625,43
A,2,505,805,1236.2525634765625,43
A,2,506,806,1142.125,43
A,2,507,807,1175.5606689453125,43
A,2,508,808,1153.856689453125,43
A,2,509,809,1160.5772705078125,43
A,2,510,810,1084.669189453125,43
A,2,511,811,1102.483642578125,43
A,2,512,812,1117.1617431640625,43
A,2,513,813,1089.1993408203125,43
A,2,514,814,1146.9580078125,43
A,2,515,815,1085.771728515625,43
A,2,516,816,1133.215087890625,43
A,2,517,817,1140.4803466796875,43
A,2,518,818,1141.8402099609375,43
A,2,519,819,1093.719970703125,43
A,2,520,820,1069.7685546875,43
A,2,521,821,1121.2677001953125,43
A,2,522,822,1130.5313720703125,43
A,2,523,823,1167.760009765625,43
A,2,524,824,1140.8902587890625,43
A,2,525,825,1177.0274658203125,43
A,2,526,826,1167.4688720703125,43
A,2,527,827,1142.721435546875,43
A,2,528,828,1222.01220703125,43
A,2,529,829,1176.4737548828125,43
A,2,530,830,1143.8726806640625,43
A,2,531,831,1183.7799072265625,43
A,2,532,832,1127.8253173828125,43
A,2,533,833,1198.2603759765625,43
A,2,534,834,1201.09814453125,43
A,2,535,835,1147.28759765625,43
A,2,536,836,1188.2852783203125,43
A,2,537,837,1205.40673828125,43
A,2,538,838,1201.5028076171875,43
A,2,539,839,1155.4415283203125,43
A,2,540,840,1181.124755859375,43
A,2,541,841,1297.824951171875,43
A,2,542,842,1236.8121337890625,43
A,2,543,843,1262.4381103515625,43
A,2,544,844,1215.686767578125,43
A,2,545,845,1238.3504638671875,43
A,2,546,846,1179.2034912109375,43
A,2,547,847,1116.611083984375,43
A,2,548,848,1137.9298095703125,43
A,2,549,849,1204.6710205078125,43
A,3,325,1175,48.41645812988281,43
A,3,326,1176,108.67435455322266,43
A,3,327,1177,187.8426513671875,43
A,3,328,1178,233.83824157714844,43
A,3,329,1179,291.8352355957031,43
A,3,330,1180,354.3049011230469,43
A,3,331,1181,425.8528747558594,43
A,3,332,1182,454.2547302246094,43
A,3,333,1183,536.3880004882812,43
A,3,334,1184,577.5601196289062,43
A,3,335,1185,565.1929321289062,43
A,3,336,1186,615.4580078125,43
A,3,337,1187,715.4472045898438,43
A,3,338,1188,772.6724853515625,43
A,3,339,1189,827.01806640625,43
A,3,340,1190,837.7806396484375,43
A,3,341,1191,841.0552978515625,43
A,3,342,1192,713.1361694335938,43
A,3,343,1193,714.6475830078125,43
A,3,344,1194,676.7150268554688,43
A,3,345,1195,992.9326171875,43
A,3,346,1196,1035.3572998046875,43
A,3,347,1197,1127.7510986328125,43
A,3,348,1198,1086.4429931640625,43
A,3,349,1199,1229.5001220703125,43
A,3,350,1200,1114.569091796875,43
A,3,351,1201,1202.480224609375,43
A,3,352,1202,1114.718505859375,43
A,3,353,1203,1206.0172119140625,43
A,3,354,1204,1115.8499755859375,43
A,3,355,1205,1096.08056640625,43
A,3,356,1206,1124.3970947265625,43
A,3,357,1207,1113.779296875,43
A,3,358,1208,1090.3958740234375,43
A,3,359,1209,1068.076904296875,43
A,3,360,1210,1184.7869873046875,43
A,3,361,1211,1068.6849365234375,43
A,3,362,1212,1112.2752685546875,43
A,3,363,1213,1135.940185546875,43
A,3,364,1214,1194.414306640625,43
A,3,365,1215,1170.179931640625,43
A,3,366,1216,1175.0400390625,43
A,3,367,1217,1167.2213134765625,43
A,3,368,1218,1133.870361328125,43
A,3,369,1219,1128.8575439453125,43
A,3,370,1220,1151.3582763671875,43
A,3,371,1221,1177.70361328125,43
A,3,372,1222,1224.723876953125,43
A,3,373,1223,1202.8865966796875,43
A,3,374,1224,1136.58642578125,43
A,3,375,1225,1110.45556640625,43
A,3,376,1226,1153.16552734375,43
A,3,377,1227,1166.4210205078125,43
A,3,378,1228,1181.1036376953125,43
A,3,379,1229,1139.26220703125,43
A,3,380,1230,1233.8966064453125,43
A,3,381,1231,1156.074462890625,43
A,3,382,1232,1168.499267578125,43
A,3,383,1233,1225.61669921875,43
A,3,384,1234,1176.1563720703125,43
A,3,385,1235,1200.9674072265625,43
A,3,386,1236,1228.495361328125,43
A,3,387,1237,1153.1544189453125,43
A,3,388,1238,1132.59326171875,43
A,3,389,1239,1126.2930908203125,43
A,3,390,1240,1224.7294921875,43
A,3,391,1241,1130.6705322265625,43
A,3,392,1242,1052.5638427734375,43
A,3,393,1243,1001.9020385742188,43
A,3,394,1244,910.822021484375,43
A,3,395,1245,1040.23681640625,43
A,3,396,1246,925.4991455078125,43
A,3,397,1247,1102.913330078125,43
A,3,398,1248,1079.328857421875,43
A,3,399,1249,1141.922607421875,43
A,3,400,1250,1141.9564208984375,43
A,3,401,1251,1085.101806640625,43
A,3,402,1252,1173.1888427734375,43
A,3,403,1253,1157.4642333984375,43
A,3,404,1254,1097.33935546875,43
A,3,405,1255,1139.35302734375,43
A,3,406,1256,1067.1014404296875,43
A,3,407,1257,1124.6414794921875,43
A,3,408,1258,1045.851318359375,43
A,3,409,1259,1077.2269287109375,43
A,3,410,1260,1117.6566162109375,43
A,3,411,1261,1122.7890625,43
A,3,412,1262,1162.0435791015625,43
A,3,413,1263,1161.828369140625,43
A,3,414,1264,1184.8896484375,43
A,3,415,1265,1113.166259765625,43
A,3,416,1266,1191.0394287109375,43
A,3,417,1267,1173.791748046875,43
A,3,418,1268,1185.517578125,43
A,3,419,1269,1146.85009765625,43
A,3,420,1270,1192.4534912109375,43
A,3,421,1271,1244.015869140625,43
A,3,422,1272,1167.392578125,43
A,3,423,1273,1177.5396728515625,43
A,3,424,1274,1185.475830078125,43
A,3,425,1275,1076.2830810546875,43
A,3,426,1276,1138.8885498046875,43
A,3,427,1277,1171.333740234375,43
A,3,428,1278,1197.03369140625,43
A,3,429,1279,1165.828125,43
A,3,430,1280,1185.2855224609375,43
A,3,431,1281,1147.941650390625,43
A,3,432,1282,1196.478515625,43
A,3,433,1283,1092.27392578125,43
A,3,434,1284,1142.839599609375,43
A,3,435,1285,1230.8209228515625,43
A,3,436,1286,1153.3779296875,43
A,3,437,1287,1182.7542724609375,43
A,3,438,1288,1084.257080078125,43
A,3,439,1289,1188.5107421875,43
A,3,440,1290,1105.8477783203125,43
A,3,441,1291,954.5101928710938,43
A,3,442,1292,1072.939208984375,43
A,3,443,1293,1080.062744140625,43
A,3,444,1294,1189.7982177734375,43
A,3,445,1295,1235.7513427734375,43
A,3,446,1296,1122.08984375,43
A,3,447,1297,1125.2880859375,43
A,3,448,1298,1129.4344482421875,43
A,3,449,1299,1129.8829345703125,43
A,3,450,1300,1224.0540771484375,43
A,3,451,1301,1112.5440673828125,43
A,3,452,1302,1108.2998046875,43
A,3,453,1303,1108.8465576171875,43
A,3,454,1304,1121.372802734375,43
A,3,455,1305,1185.1279296875,43
A,3,456,1306,1139.1038818359375,43
A,3,457,1307,1119.3607177734375,43
A,3,458,1308,1093.36083984375,43
A,3,459,1309,1115.18017578125,43
A,3,460,1310,1117.484130859375,43
A,3,461,1311,1074.247314453125,43
A,3,462,1312,1161.6771240234375,43
A,3,463,1313,1091.957275390625,43
A,3,464,1314,1131.4356689453125,43
A,3,465,1315,1034.2139892578125,43
A,3,466,1316,1081.65966796875,43
A,3,467,1317,1076.279541015625,43
A,3,468,1318,1115.1827392578125,43
A,3,469,1319,1094.8134765625,43
A,3,470,1320,1212.173828125,43
A,3,471,1321,1198.8756103515625,43
A,3,472,1322,1105.94580078125,43
A,3,473,1323,1115.267822265625,43
A,3,474,1324,1207.115234375,43
A,3,475,1325,1146.70556640625,43
A,3,476,1326,1093.147216796875,43
A,3,477,1327,1115.62255859375,43
A,3,478,1328,1122.9921875,43
A,3,479,1329,1102.0557861328125,43
A,3,480,1330,1162.387939453125,43
A,3,481,1331,1155.0299072265625,43
A,3,482,1332,1084.5579833984375,43
A,3,483,1333,1144.777099609375,43
A,3,484,1334,1112.4761962890625,43
A,3,485,1335,1274.5108642578125,43
A,3,486,1336,1138.9317626953125,43
A,3,487,1337,1077.5670166015625,43
A,3,488,1338,1224.1339111328125,43
A,3,489,1339,1183.4241943359375,43
A,3,490,1340,1160.461669921875,43
A,3,491,1341,1146.236572265625,43
A,3,492,1342,1172.7078857421875,43
A,3,493,1343,1160.108642578125,43
A,3,494,1344,1160.36083984375,43
A,3,495,1345,1259.794677734375,43
A,3,496,1346,1163.537353515625,43
A,3,497,1347,1160.352783203125,43
A,3,498,1348,1177.130859375,43
A,3,499,1349,1204.812744140625,43
A,3,500,1350,1235.4134521484375,43
A,3,501,1351,1203.668701171875,43
A,3,502,1352,1193.0025634765625,43
A,3,503,1353,1187.1610107421875,43
A,3,504,1354,1170.2376708984375,43
A,3,505,1355,1198.5157470703125,43
A,3,506,1356,1201.1907958984375,43
A,3,507,1357,1282.580078125,43
A,3,508,1358,1184.9942626953125,43
A,3,509,1359,1122.8577880859375,43
A,3,510,1360,1242.02099609375,43
A,3,511,1361,1215.294921875,43
A,3,512,1362,1238.8033447265625,43
A,3,513,1363,1318.0225830078125,43
A,3,514,1364,1194.2835693359375,43
A,3,515,1365,1226.421875,43
A,3,516,1366,1267.1461181640625,43
A,3,517,1367,1215.2659912109375,43
A,3,518,1368,1175.5484619140625,43
A,3,519,1369,1191.94677734375,43
A,3,520,1370,1260.4134521484375,43
A,3,521,1371,1184.2991943359375,43
A,3,522,1372,1264.4774169921875,43
A,3,523,1373,1187.0814208984375,43
A,3,524,1374,1154.359619140625,43
A,4,500,1875,-47.422996520996094,43
A,4,501,1876,16.98291778564453,43
A,4,502,1877,91.52407836914062,43
A,4,503,1878,155.58663940429688,43
A,4,504,1879,182.95407104492188,43
A,4,505,1880,262.3984680175781,43
A,4,506,1881,329.3112487792969,43
A,4,507,1882,318.4195251464844,43
A,4,508,1883,383.03167724609375,43
A,4,509,1884,425.30841064453125,43
A,4,510,1885,460.10870361328125,43
A,4,511,1886,545.7737426757812,43
A,4,512,1887,536.345703125,43
A,4,513,1888,533.978759765625,43
A,4,514,1889,698.7433471679688,43
A,4,515,1890,581.6207275390625,43
A,4,516,1891,724.6116333007812,43
A,4,517,1892,843.264892578125,43
A,4,518,1893,760.5826416015625,43
A,4,519,1894,859.2385864257812,43
A,4,520,1895,992.50830078125,43
A,4,521,1896,921.5345458984375,43
A,4,522,1897,972.5367431640625,43
A,4,523,1898,885.1058349609375,43
A,4,524,1899,921.9698486328125,43
A,4,525,1900,984.639404296875,43
A,4,526,1901,940.4427490234375,43
A,4,527,1902,824.4239501953125,43
A,4,528,1903,894.8793334960938,43
A,4,529,1904,853.0477294921875,43
A,4,530,1905,989.9813232421875,43
A,4,531,1906,870.58642578125,43
A,4,532,1907,976.0956420898438,43
A,4,533,1908,919.3319702148438,43
A,4,534,1909,943.283935546875,43
A,4,535,1910,975.6943969726562,43
A,4,536,1911,903.1746826171875,43
A,4,537,1912,903.3900756835938,43
A,4,538,1913,1047.2130126953125,43
A,4,539,1914,918.1015014648438,43
A,4,540,1915,905.9367065429688,43
A,4,541,1916,896.4439697265625,43
A,4,542,1917,872.1987915039062,43
A,4,543,1918,1020.6958618164062,43
A,4,544,1919,990.4375610351562,43
A,4,545,1920,992.5875854492188,43
A,4,546,1921,1007.8762817382812,43
A,4,547,1922,967.169189453125,43
A,4,548,1923,890.9923095703125,43
A,4,549,1924,816.2963256835938,43
A,4,550,1925,917.9081420898438,43
A,4,551,1926,888.3194580078125,43
A,4,552,1927,1043.5303955078125,43
A,4,553,1928,924.8790893554688,43
A,4,554,1929,993.7371826171875,43
A,4,555,1930,999.9323120117188,43
A,4,556,1931,921.989990234375,43
A,4,557,1932,1042.8427734375,43
A,4,558,1933,971.6881713867188,43
A,4,559,1934,924.6257934570312,43
A,4,560,1935,993.3950805664062,43
A,4,561,1936,974.1947631835938,43
A,4,562,1937,982.7510986328125,43
A,4,563,1938,1067.291259765625,43
A,4,564,1939,975.8326416015625,43
A,4,565,1940,973.4522705078125,43
A,4,566,1941,1024.2330322265625,43
A,4,567,1942,831.48779296875,43
A,4,568,1943,1012.7167358398438,43
A,4,569,1944,901.7651977539062,43
A,4,570,1945,1053.3406982421875,43
A,4,571,1946,940.1744995117188,43
A,4,572,1947,975.8411254882812,43
A,4,573,1948,937.9406127929688,43
A,4,574,1949,909.3252563476562,43
A,4,575,1950,1007.982177734375,43
A,4,576,1951,877.3561401367188,43
A,4,577,1952,900.05517578125,43
A,4,578,1953,955.6202392578125,43
A,4,579,1954,970.3174438476562,43
A,4,580,1955,943.6972045898438,43
A,4,581,1956,952.3695068359375,43
A,4,582,1957,891.0029907226562,43
A,4,583,1958,883.3349609375,43
A,4,584,1959,1027.5699462890625,43
A,4,585,1960,1017.1707153320312,43
A,4,586,1961,981.8322143554688,43
A,4,587,1962,986.0040283203125,43
A,4,588,1963,898.7006225585938,43
A,4,589,1964,1029.1263427734375,43
A,4,590,1965,998.4948120117188,43
A,4,591,1966,966.403564453125,43
A,4,592,1967,972.1551513671875,43
A,4,593,1968,974.5908813476562,43
A,4,594,1969,969.98291015625,43
A,4,595,1970,930.6085815429688,43
A,4,596,1971,971.898681640625,43
A,4,597,1972,1020.5181884765625,43
A,4,598,1973,905.4224853515625,43
A,4,599,1974,990.295166015625,43
A,4,600,1975,986.7884521484375,43
A,4,601,1976,924.2968139648438,43
A,4,602,1977,974.78955078125,43
A,4,603,1978,1030.0216064453125,43
A,4,604,1979,1006.2916259765625,43
A,4,605,1980,1093.3302001953125,43
A,4,606,1981,991.4536743164062,43
A,4,607,1982,1024.9947509765625,43
A,4,608,1983,900.3760986328125,43
A,4,609,1984,920.0572509765625,43
A,4,610,1985,1014.9993896484375,43
A,4,611,1986,942.6539306640625,43
A,4,612,1987,1038.0343017578125,43
A,4,613,1988,1021.4197387695312,43
A,4,614,1989,928.1318969726562,43
A,4,615,1990,1009.1535034179688,43
A,4,616,1991,966.328857421875,43
A,4,617,1992,988.1062622070312,43
A,4,618,1993,1000.7506103515625,43
A,4,619,1994,869.0744018554688,43
A,4,620,1995,1012.1177368164062,43
A,4,621,1996,958.4344482421875,43
A,4,622,1997,974.9675903320312,43
A,4,623,1998,958.7791748046875,43
A,4,624,1999,979.3522338867188,43
A,4,625,2000,985.427001953125,43
A,4,626,2001,976.430419921875,43
A,4,627,2002,1046.3699951171875,43
A,4,628,2003,1019.8158569335938,43
A,4,629,2004,989.8230590820312,43
A,4,630,2005,907.2734375,43
A,4,631,2006,991.63671875,43
A,4,632,2007,993.8994140625,43
A,4,633,2008,1051.1927490234375,43
A,4,634,2009,948.845458984375,43
A,4,635,2010,925.1021728515625,43
A,4,636,2011,937.6503295898438,43
A,4,637,2012,914.3972778320312,43
A,4,638,2013,915.740478515625,43
A,4,639,2014,954.8182983398438,43
A,4,640,2015,984.7553100585938,43
A,4,641,2016,882.9717407226562,43
A,4,642,2017,996.6464233398438,43
A,4,643,2018,982.1713256835938,43
A,4,644,2019,954.5442504882812,43
A,4,645,2020,954.8180541992188,43
A,4,646,2021,982.668212890625,43
A,4,647,2022,1012.5037841796875,43
A,4,648,2023,1020.6480102539062,43
A,4,649,2024,935.970703125,43
A,4,650,2025,924.27490234375,43
A,4,651,2026,983.5003662109375,43
A,4,652,2027,892.7792358398438,43
A,4,653,2028,978.2596435546875,43
A,4,654,2029,934.2487182617188,43
A,4,655,2030,939.7984008789062,43
A,4,656,2031,1023.8184814453125,43
A,4,657,2032,1031.8804931640625,43
A,4,658,2033,937.9053955078125,43
A,4,659,2034,900.8300170898438,43
A,4,660,2035,929.116943359375,43
A,4,661,2036,1100.131103515625,43
A,4,662,2037,1033.5384521484375,43
A,4,663,2038,921.0798950195312,43
A,4,664,2039,980.8079833984375,43
A,4,665,2040,1015.2922973632812,43
A,4,666,2041,1038.4656982421875,43
A,4,667,2042,1012.25244140625,43
A,4,668,2043,971.4542846679688,43
A,4,669,2044,971.8307495117188,43
A,4,670,2045,947.380126953125,43
A,4,671,2046,946.9246215820312,43
A,4,672,2047,1023.1026611328125,43
A,4,673,2048,1101.3505859375,43
A,4,674,2049,955.8143310546875,43
A,4,675,2050,993.3152465820312,43
A,4,676,2051,958.4036865234375,43
A,4,677,2052,955.0927734375,43
A,4,678,2053,964.9627685546875,43
A,4,679,2054,1047.3931884765625,43
A,4,680,2055,886.4684448242188,43
A,4,681,2056,1018.3914184570312,43
A,4,682,2057,1025.365234375,43
A,4,683,2058,941.0648193359375,43
A,4,684,2059,977.453369140625,43
A,4,685,2060,916.5751953125,43
A,4,686,2061,899.0801391601562,43
A,4,687,2062,987.581298828125,43
A,4,688,2063,1069.625,43
A,4,689,2064,1096.8651123046875,43
A,4,690,2065,967.3709106445312,43
A,4,691,2066,1035.2005615234375,43
A,4,692,2067,988.90478515625,43
A,4,693,2068,910.1151733398438,43
A,4,694,2069,1012.261474609375,43
A,4,695,2070,1000.7371826171875,43
A,4,696,2071,974.7442626953125,43
A,4,697,2072,1018.5611572265625,43
A,4,698,2073,909.2120971679688,43
A,4,699,2074,989.31298828125,43
A,4,700,2075,903.6566772460938,43
A,4,701,2076,982.6381225585938,43
A,4,702,2077,1063.8465576171875,43
A,4,703,2078,948.7805786132812,43
A,4,704,2079,928.32373046875,43
A,4,705,2080,1029.2623291015625,43
A,4,706,2081,936.4618530273438,43
A,4,707,2082,1022.113037109375,43
A,4,708,2083,1118.442626953125,43
A,4,709,2084,1033.6083984375,43
A,4,710,2085,838.2216796875,43
A,4,711,2086,959.4998779296875,43
A,4,712,2087,1037.5621337890625,43
A,4,713,2088,979.1621704101562,43
A,4,714,2089,1007.3479614257812,43
A,4,715,2090,966.68115234375,43
A,4,716,2091,987.5040283203125,43
A,4,717,2092,1052.0185546875,43
A,4,718,2093,983.07080078125,43
A,4,719,2094,957.6578369140625,43
A,4,720,2095,1020.8018798828125,43
A,4,721,2096,1002.9174194335938,43
A,4,722,2097,929.5490112304688,43
A,4,723,2098,972.3888549804688,43
A,4,724,2099,1069.046875,43
A,4,725,2100,1005.3682250976562,43
A,4,726,2101,971.112060546875,43
A,4,727,2102,976.9725952148438,43
A,4,728,2103,917.4010009765625,43
A,4,729,2104,1062.020263671875,43
A,4,730,2105,954.9765625,43
A,4,731,2106,1049.83251953125,43
A,4,732,2107,1003.2327880859375,43
A,4,733,2108,981.586669921875,43
A,4,734,2109,1050.397216796875,43
A,4,735,2110,1064.17138671875,43
A,4,736,2111,976.2136840820312,43
A,4,737,2112,973.4790649414062,43
A,4,738,2113,996.1983642578125,43
A,4,739,2114,1092.1419677734375,43
A,4,740,2115,1031.421630859375,43
A,4,741,2116,974.1694946289062,43
A,4,742,2117,1036.098876953125,43
A,4,743,2118,990.8154907226562,43
A,4,744,2119,978.4185791015625,43
A,4,745,2120,940.9426879882812,43
A,4,746,2121,988.7513427734375,43
A,4,747,2122,1043.6510009765625,43
A,4,748,2123,944.90869140625,43
A,4,749,2124,886.185302734375,43
A,5,575,2700,21.49193000793457,43
A,5,576,2701,58.94493103027344,43
A,5,577,2702,129.75067138671875,43
A,5,578,2703,192.8009796142578,43
A,5,579,2704,251.1576385498047,43
A,5,580,2705,303.56744384765625,43
A,5,581,2706,333.2521667480469,43
A,5,582,2707,395.659912109375,43
A,5,583,2708,428.9548645019531,43
A,5,584,2709,501.55169677734375,43
A,5,585,2710,488.01885986328125,43
A,5,586,2711,526.255126953125,43
A,5,587,2712,628.4674682617188,43
A,5,588,2713,598.9126586914062,43
A,5,589,2714,734.5138549804688,43
A,5,590,2715,736.2077026367188,43
A,5,591,2716,790.0712890625,43
A,5,592,2717,876.7657470703125,43
A,5,593,2718,845.5150756835938,43
A,5,594,2719,901.1778564453125,43
A,5,595,2720,1037.1170654296875,43
A,5,596,2721,1112.514892578125,43
A,5,597,2722,1001.5696411132812,43
A,5,598,2723,989.6637573242188,43
A,5,599,2724,1009.5394897460938,43
A,5,600,2725,1011.0000610351562,43
A,5,601,2726,958.7979736328125,43
A,5,602,2727,993.3073120117188,43
A,5,603,2728,1014.2701416015625,43
A,5,604,2729,926.4615478515625,43
A,5,605,2730,1101.8800048828125,43
A,5,606,2731,991.9778442382812,43
A,5,607,2732,1036.990478515625,43
A,5,608,2733,1024.7156982421875,43
A,5,609,2734,979.0095825195312,43
A,5,610,2735,986.6823120117188,43
A,5,611,2736,1041.4473876953125,43
A,5,612,2737,1027.3070068359375,43
A,5,613,2738,1010.6446533203125,43
A,5,614,2739,1017.7232666015625,43
A,5,615,2740,1028.1531982421875,43
A,5,616,2741,1064.2989501953125,43
A,5,617,2742,1028.72900390625,43
A,5,618,2743,1010.3671875,43
A,5,619,2744,1029.7232666015625,43
A,5,620,2745,983.33642578125,43
A,5,621,2746,1046.5130615234375,43
A,5,622,2747,1005.6895141601562,43
A,5,623,2748,1022.5679931640625,43
A,5,624,2749,1070.7840576171875,43
A,5,625,2750,1070.828369140625,43
A,5,626,2751,1003.4776611328125,43
A,5,627,2752,1117.8009033203125,43
A,5,628,2753,976.4918212890625,43
A,5,629,2754,942.8363647460938,43
A,5,630,2755,1094.1083984375,43
A,5,631,2756,967.8115234375,43
A,5,632,2757,968.095458984375,43
A,5,633,2758,970.146484375,43
A,5,634,2759,1035.3089599609375,43
A,5,635,2760,991.376953125,43
A,5,636,2761,1073.87060546875,43
A,5,637,2762,987.98779296875,43
A,5,638,2763,1031.87158203125,43
A,5,639,2764,966.45556640625,43
A,5,640,2765,1014.50927734375,43
A,5,641,2766,973.9793090820312,43
A,5,642,2767,974.6646118164062,43
A,5,643,2768,1039.962890625,43
A,5,644,2769,1021.9592895507812,43
A,5,645,2770,1026.6907958984375,43
A,5,646,2771,1012.3251953125,43
A,5,647,2772,1021.546630859375,43
A,5,648,2773,1005.7088012695312,43
A,5,649,2774,1099.593505859375,43
A,5,650,2775,1025.1978759765625,43
A,5,651,2776,1065.3094482421875,43
A,5,652,2777,978.256103515625,43
A,5,653,2778,1015.6322021484375,43
A,5,654,2779,1134.8980712890625,43
A,5,655,2780,1080.1549072265625,43
A,5,656,2781,1046.3250732421875,43
A,5,657,2782,1026.6458740234375,43
A,5,658,2783,1017.7711181640625,43
A,5,659,2784,1059.8131103515625,43
A,5,660,2785,1009.7860717773438,43
A,5,661,2786,1085.8187255859375,43
A,5,662,2787,929.6082763671875,43
A,5,663,2788,1120.6788330078125,43
A,5,664,2789,1097.197998046875,43
A,5,665,2790,1022.0137329101562,43
A,5,666,2791,1015.6182250976562,43
A,5,667,2792,1029.0216064453125,43
A,5,668,2793,1038.343505859375,43
A,5,669,2794,1136.617919921875,43
A,5,670,2795,984.3627319335938,43
A,5,671,2796,1040.2872314453125,43
A,5,672,2797,964.3046264648438,43
A,5,673,2798,1101.1546630859375,43
A,5,674,2799,1040.5693359375,43
A,5,675,2800,990.2782592773438,43
A,5,676,2801,969.8059692382812,43
A,5,677,2802,1031.2181396484375,43
A,5,678,2803,1000.8518676757812,43
A,5,679,2804,1026.2286376953125,43
A,5,680,2805,1079.7620849609375,43
A,5,681,2806,1011.9470825195312,43
A,5,682,2807,1018.6737060546875,43
A,5,683,2808,973.7040405273438,43
A,5,684,2809,1016.478515625,43
A,5,685,2810,1016.2390747070312,43
A,5,686,2811,996.8577270507812,43
A,5,687,2812,1038.1424560546875,43
A,5,688,2813,1009.879638671875,43
A,5,689,2814,993.3644409179688,43
A,5,690,2815,1050.1417236328125,43
A,5,691,2816,1029.357421875,43
A,5,692,2817,967.8820190429688,43
A,5,693,2818,1066.1632080078125,43
A,5,694,2819,949.437744140625,43
A,5,695,2820,1046.4002685546875,43
A,5,696,2821,1040.41552734375,43
A,5,697,2822,911.529541015625,43
A,5,698,2823,970.410888671875,43
A,5,699,2824,932.7759399414062,43
A,5,700,2825,1045.3865966796875,43
A,5,701,2826,1069.2574462890625,43
A,5,702,2827,1002.3660888671875,43
A,5,703,2828,1096.625732421875,43
A,5,704,2829,1008.8077392578125,43
A,5,705,2830,1023.5507202148438,43
A,5,706,2831,985.4674072265625,43
A,5,707,2832,874.24169921875,43
A,5,708,2833,986.9090576171875,43
A,5,709,2834,985.98486328125,43
A,5,710,2835,965.163818359375,43
A,5,711,2836,991.7646484375,43
A,5,712,2837,1016.4288940429688,43
A,5,713,2838,934.7498779296875,43
A,5,714,2839,985.7444458007812,43
A,5,715,2840,1017.1180419921875,43
A,5,716,2841,1046.244873046875,43
A,5,717,2842,1047.6005859375,43
A,5,718,2843,984.0750732421875,43
A,5,719,2844,1089.32568359375,43
A,5,720,2845,1049.4366455078125,43
A,5,721,2846,1031.86328125,43
A,5,722,2847,1086.9586181640625,43
A,5,723,2848,1050.0400390625,43
A,5,724,2849,1019.794189453125,43
A,5,725,2850,1064.9803466796875,43
A,5,726,2851,1064.4696044921875,43
A,5,727,2852,1134.627685546875,43
A,5,728,2853,971.5867919921875,43
A,5,729,2854,1029.1197509765625,43
A,5,730,2855,990.8038940429688,43
A,5,731,2856,1105.438720703125,43
A,5,732,2857,1039.3289794921875,43
A,5,733,2858,1028.7711181640625,43
A,5,734,2859,1074.1300048828125,43
A,5,735,2860,1064.2603759765625,43
A,5,736,2861,1018.9793090820312,43
A,5,737,2862,1007.7352294921875,43
A,5,738,2863,1016.5298461914062,43
A,5,739,2864,1014.0123291015625,43
A,5,740,2865,1104.3885498046875,43
A,5,741,2866,1031.7069091796875,43
A,5,742,2867,1040.2113037109375,43
A,5,743,2868,989.4978637695312,43
A,5,744,2869,946.53369140625,43
A,5,745,2870,969.4742431640625,43
A,5,746,2871,1018.2467041015625,43
A,5,747,2872,997.3950805664062,43
A,5,748,2873,1011.6755981445312,43
A,5,749,2874,991.2035522460938,43
A,5,750,2875,1034.2625732421875,43
A,5,751,2876,1057.336669921875,43
A,5,752,2877,1041.0601806640625,43
A,5,753,2878,1054.601318359375,43
A,5,754,2879,1039.7353515625,43
A,5,755,2880,1071.6260986328125,43
A,5,756,2881,1016.331298828125,43
A,5,757,2882,1013.57763671875,43
A,5,758,2883,984.2916870117188,43
A,5,759,2884,1047.3321533203125,43
A,5,760,2885,991.8750610351562,43
A,5,761,2886,1028.146484375,43
A,5,762,2887,1060.8310546875,43
A,5,763,2888,1097.005859375,43
A,5,764,2889,1130.19775390625,43
A,5,765,2890,1018.2034912109375,43
A,5,766,2891,1047.6258544921875,43
A,5,767,2892,1102.625732421875,43
A,5,768,2893,1002.2734375,43
A,5,769,2894,978.4598999023438,43
A,5,770,2895,923.3707885742188,43
A,5,771,2896,955.1536254882812,43
A,5,772,2897,981.1162109375,43
A,5,773,2898,911.507080078125,43
A,5,774,2899,952.8302612304688,43
A,5,775,2900,1044.0999755859375,43
A,5,776,2901,1047.8485107421875,43
A,5,777,2902,981.2118530273438,43
A,5,778,2903,820.8522338867188,43
A,5,779,2904,784.7324829101562,43
A,5,780,2905,869.1689453125,43
A,5,781,2906,1076.08349609375,43
A,5,782,2907,1038.0247802734375,43
A,5,783,2908,924.1739501953125,43
A,5,784,2909,1017.580322265625,43
A,5,785,2910,1003.7254028320312,43
A,5,786,2911,997.8501586914062,43
A,5,787,2912,1017.6795654296875,43
A,5,788,2913,976.0700073242188,43
A,5,789,2914,998.7487182617188,43
A,5,790,2915,972.3929443359375,43
A,5,791,2916,1012.4528198242188,43
A,5,792,2917,1086.3209228515625,43
A,5,793,2918,986.578125,43
A,5,794,2919,978.6910400390625,43
A,5,795,2920,977.9776611328125,43
A,5,796,2921,926.5949096679688,43
A,5,797,2922,1026.9400634765625,43
A,5,798,2923,1054.450927734375,43
A,5,799,2924,1062.1551513671875,43
A,5,800,2925,1159.1177978515625,43
A,5,801,2926,1056.6422119140625,43
A,5,802,2927,1006.8176879882812,43
A,5,803,2928,1042.3929443359375,43
A,5,804,2929,991.7232666015625,43
A,5,805,2930,1106.96435546875,43
A,5,806,2931,1046.7744140625,43
A,5,807,2932,1110.6802978515625,43
A,5,808,2933,964.3884887695312,43
A,5,809,2934,1074.467529296875,43
A,5,810,2935,1022.0819091796875,43
A,5,811,2936,1070.6600341796875,43
A,5,812,2937,1086.0594482421875,43
A,5,813,2938,993.1435546875,43
A,5,814,2939,1048.96044921875,43
A,5,815,2940,1085.51611328125,43
A,5,816,2941,979.9580688476562,43
A,5,817,2942,1159.619873046875,43
A,5,818,2943,1063.3509521484375,43
A,5,819,2944,1102.63671875,43
A,5,820,2945,1071.42822265625,43
A,5,821,2946,1019.6176147460938,43
A,5,822,2947,1028.94775390625,43
A,5,823,2948,1108.0521240234375,43
A,5,824,2949,1057.8408203125,43
A,5,825,2950,1101.610107421875,43
A,5,826,2951,1067.6766357421875,43
A,5,827,2952,1065.619384765625,43
A,5,828,2953,1011.2035522460938,43
A,5,829,2954,898.427001953125,43
A,5,830,2955,1016.6256713867188,43
A,5,831,2956,999.6868286132812,43
A,5,832,2957,1064.6949462890625,43
A,5,833,2958,1073.1573486328125,43
A,5,834,2959,934.7713623046875,43
A,5,835,2960,957.1205444335938,43
A,5,836,2961,1122.7720947265625,43
A,5,837,2962,1005.7556762695312,43
A,5,838,2963,1008.9022216796875,43
A,5,839,2964,964.6709594726562,43
A,5,840,2965,1082.0283203125,43
A,5,841,2966,1014.185302734375,43
A,5,842,2967,960.0394897460938,43
A,5,843,2968,974.9591674804688,43
A,5,844,2969,1153.8077392578125,43
A,5,845,2970,1104.541748046875,43
A,5,846,2971,962.7993774414062,43
A,5,847,2972,973.0275268554688,43
A,5,848,2973,1038.997802734375,43
A,5,849,2974,996.4732055664062,43
A,5,850,2975,1009.7355346679688,43
A,5,851,2976,1004.17529296875,43
A,5,852,2977,999.9946899414062,43
A,5,853,2978,1096.1773681640625,43
A,5,854,2979,987.7833862304688,43
A,5,855,2980,1096.2354736328125,43
A,5,856,2981,973.6328125,43
A,5,857,2982,1019.0199584960938,43
A,5,858,2983,1108.376220703125,43
A,5,859,2984,1040.27294921875,43
A,5,860,2985,1065.8583984375,43
A,5,861,2986,929.1630249023438,43
A,5,862,2987,1044.4661865234375,43
A,5,863,2988,1103.0330810546875,43
A,5,864,2989,1029.7548828125,43
A,5,865,2990,1080.262939453125,43
A,5,866,2991,959.6064453125,43
A,5,867,2992,1121.269775390625,43
A,5,868,2993,954.7094116210938,43
A,5,869,2994,1132.833740234375,43
A,5,870,2995,963.07958984375,43
A,5,871,2996,1025.6036376953125,43
A,5,872,2997,944.489013671875,43
A,5,873,2998,1059.072509765625,43
A,5,874,2999,1153.0264892578125,43
B,1,0,0,-87.70431518554688,43
B,1,1,1,-86.2025146484375,43
B,1,2,2,-80.25139617919922,43
B,1,3,3,-81.82562255859375,43
B,1,4,4,-77.77591705322266,43
B,1,5,5,-74.32080078125,43
B,1,6,6,-73.78938293457031,43
B,1,7,7,-74.07769012451172,43
B,1,8,8,-72.91372680664062,43
B,1,9,9,-74.03800201416016,43
B,1,10,10,-74.52046203613281,43
B,1,11,11,-87.99729919433594,43
B,1,12,12,-95.37366485595703,43
B,1,13,13,-95.46044158935547,43
B,1,14,14,-110.55389404296875,43
B,1,15,15,-114.09161376953125,43
B,1,16,16,-117.858642578125,43
B,1,17,17,-148.4650115966797,43
B,1,18,18,-134.10020446777344,43
B,1,19,19,-149.94956970214844,43
B,1,20,20,-159.39306640625,43
B,1,21,21,-179.0709686279297,43
B,1,22,22,-208.24598693847656,43
B,1,23,23,-202.94882202148438,43
B,1,24,24,-232.00933837890625,43
B,1,25,25,-299.41912841796875,43
B,1,26,26,-263.9394226074219,43
B,1,27,27,-266.9324035644531,43
B,1,28,28,-263.2899475097656,43
B,1,29,29,-287.9715270996094,43
B,1,30,30,-298.1932678222656,43
B,1,31,31,-313.9236145019531,43
B,1,32,32,-341.0417785644531,43
B,1,33,33,-356.2891845703125,43
B,1,34,34,-340.1142578125,43
B,1,35,35,-299.34033203125,43
B,1,36,36,-162.20054626464844,43
B,1,37,37,-176.66995239257812,43
B,1,38,38,-156.27359008789062,43
B,1,39,39,-139.05905151367188,43
B,1,40,40,-163.99356079101562,43
B,1,41,41,-111.41969299316406,43
B,1,42,42,-58.92751693725586,43
B,1,43,43,-202.80084228515625,43
B,1,44,44,-59.24715805053711,43
B,1,45,45,34.894187927246094,43
B,1,46,46,8.198223114013672,43
B,1,47,47,127.79679107666016,43
B,1,48,48,84.66559600830078,43
B,1,49,49,-55.65585708618164,43
B,1,50,50,70.80728149414062,43
B,1,51,51,87.4538803100586,43
B,1,52,52,248.71444702148438,43
B,1,53,53,209.69100952148438,43
B,1,54,54,129.3422088623047,43
B,1,55,55,250.1070556640625,43
B,1,56,56,240.2213897705078,43
B,1,57,57,319.05548095703125,43
B,1,58,58,380.9148864746094,43
B,1,59,59,497.75152587890625,43
B,1,60,60,408.05145263671875,43
B,1,61,61,448.0558776855469,43
B,1,62,62,494.4769287109375,43
B,1,63,63,588.3985595703125,43
B,1,64,64,466.0974426269531,43
B,1,65,65,623.936279296875,43
B,1,66,66,623.5308227539062,43
B,1,67,67,716.8119506835938,43
B,1,68,68,672.4932861328125,43
B,1,69,69,725.0645751953125,43
B,1,70,70,713.0010986328125,43
B,1,71,71,799.145751953125,43
B,1,72,72,752.8095703125,43
B,1,73,73,799.504638671875,43
B,1,74,74,743.92822265625,43
B,1,75,75,781.6596069335938,43
B,1,76,76,900.3440551757812,43
B,1,77,77,882.042236328125,43
B,1,78,78,947.485595703125,43
B,1,79,79,906.4049682617188,43
B,1,80,80,1037.2650146484375,43
B,1,81,81,1001.0609130859375,43
B,1,82,82,1081.30810546875,43
B,1,83,83,1086.194091796875,43
B,1,84,84,1021.3961181640625,43
B,1,85,85,970.8654174804688,43
B,1,86,86,1065.6409912109375,43
B,1,87,87,1031.958251953125,43
B,1,88,88,1015.2540893554688,43
B,1,89,89,1068.858642578125,43
B,1,90,90,1025.6558837890625,43
B,1,91,91,1139.70068359375,43
B,1,92,92,1139.2333984375,43
B,1,93,93,1065.5859375,43
B,1,94,94,1099.87939453125,43
B,1,95,95,1118.145751953125,43
B,1,96,96,1141.252685546875,43
B,1,97,97,1146.02001953125,43
B,1,98,98,1130.6497802734375,43
B,1,99,99,1235.39990234375,43
B,1,100,100,1171.13720703125,43
B,1,101,101,1105.5135498046875,43
B,1,102,102,1169.73095703125,43
B,1,103,103,1286.3614501953125,43
B,1,104,104,1230.1619873046875,43
B,1,105,105,1281.4273681640625,43
B,1,106,106,1238.0029296875,43
B,1,107,107,1182.753173828125,43
B,1,108,108,1196.2335205078125,43
B,1,109,109,1214.0992431640625,43
B,1,110,110,1230.5972900390625,43
B,1,111,111,1235.2174072265625,43
B,1,112,112,1290.375732421875,43
B,1,113,113,1197.734619140625,43
B,1,114,114,1195.8533935546875,43
B,1,115,115,1246.12744140625,43
B,1,116,116,1232.1641845703125,43
B,1,117,117,1202.857177734375,43
B,1,118,118,1199.420654296875,43
B,1,119,119,1204.0313720703125,43
B,1,120,120,1120.8785400390625,43
B,1,121,121,1177.0269775390625,43
B,1,122,122,1196.2615966796875,43
B,1,123,123,1194.2913818359375,43
B,1,124,124,1163.84033203125,43
B,1,125,125,1013.6294555664062,43
B,1,126,126,1141.017578125,43
B,1,127,127,1162.4676513671875,43
B,1,128,128,1156.94677734375,43
B,1,129,129,1124.9251708984375,43
B,1,130,130,1134.5528564453125,43
B,1,131,131,1199.1533203125,43
B,1,132,132,1167.3419189453125,43
B,1,133,133,1192.6163330078125,43
B,1,134,134,1092.078857421875,43
B,1,135,135,1152.2166748046875,43
B,1,136,136,1130.8172607421875,43
B,1,137,137,1178.9736328125,43
B,1,138,138,1139.663818359375,43
B,1,139,139,1182.225830078125,43
B,1,140,140,1142.3834228515625,43
B,1,141,141,1283.710205078125,43
B,1,142,142,1149.02783203125,43
B,1,143,143,1159.394287109375,43
B,1,144,144,1216.9368896484375,43
B,1,145,145,1242.65087890625,43
B,1,146,146,1200.65869140625,43
B,1,147,147,1161.1912841796875,43
B,1,148,148,1178.01123046875,43
B,1,149,149,1239.91552734375,43
B,1,150,150,1228.88525390625,43
B,1,151,151,1312.3485107421875,43
B,1,152,152,1297.1278076171875,43
B,1,153,153,1263.0574951171875,43
B,1,154,154,1160.5721435546875,43
B,1,155,155,1217.66552734375,43
B,1,156,156,1130.0301513671875,43
B,1,157,157,1171.9327392578125,43
B,1,158,158,1230.1796875,43
B,1,159,159,1200.1181640625,43
B,1,160,160,1303.197998046875,43
B,1,161,161,1201.3836669921875,43
B,1,162,162,1142.0380859375,43
B,1,163,163,1159.37451171875,43
B,1,164,164,1145.933837890625,43
B,1,165,165,1154.5855712890625,43
B,1,166,166,1230.04931640625,43
B,1,167,167,1253.529296875,43
B,1,168,168,1304.0201416015625,43
B,1,169,169,1184.2322998046875,43
B,1,170,170,1175.1539306640625,43
B,1,171,171,1224.816650390625,43
B,1,172,172,1169.397216796875,43
B,1,173,173,1236.0072021484375,43
B,1,174,174,1215.63232421875,43
B,1,175,175,1164.8367919921875,43
B,1,176,176,1138.2176513671875,43
B,1,177,177,1179.259765625,43
B,1,178,178,1193.756591796875,43
B,1,179,179,1183.081787109375,43
B,1,180,180,1198.322998046875,43
B,1,181,181,1154.7471923828125,43
B,1,182,182,1130.26513671875,43
B,1,183,183,1224.8289794921875,43
B,1,184,184,1200.057373046875,43
B,1,185,185,1235.20556640625,43
B,1,186,186,1189.1737060546875,43
B,1,187,187,1089.829345703125,43
B,1,188,188,1198.5384521484375,43
B,1,189,189,1205.5362548828125,43
B,1,190,190,1227.0889892578125,43
B,1,191,191,1165.053466796875,43
B,1,192,192,1218.150146484375,43
B,1,193,193,1207.2021484375,43
B,1,194,194,1214.1451416015625,43
B,1,195,195,1117.1129150390625,43
B,1,196,196,1096.5372314453125,43
B,1,197,197,1193.5963134765625,43
B,1,198,198,1221.6402587890625,43
B,1,199,199,1253.43994140625,43
B,1,200,200,1159.8326416015625,43
B,1,201,201,1152.0155029296875,43
B,1,202,202,1238.8714599609375,43
B,1,203,203,1196.44677734375,43
B,1,204,204,1220.3251953125,43
B,1,205,205,1285.6512451171875,43
B,1,206,206,1283.1337890625,43
B,1,207,207,1223.4412841796875,43
B,1,208,208,1282.18359375,43
B,1,209,209,1216.4862060546875,43
B,1,210,210,1265.7445068359375,43
B,1,211,211,1206.52783203125,43
B,1,212,212,1252.4090576171875,43
B,1,213,213,1276.6910400390625,43
B,1,214,214,1301.0142822265625,43
B,1,215,215,1274.93603515625,43
B,1,216,216,1264.6549072265625,43
B,1,217,217,1323.9598388671875,43
B,1,218,218,1223.9476318359375,43
B,1,219,219,1216.3887939453125,43
B,1,220,220,1242.378173828125,43
B,1,221,221,1222.64404296875,43
B,1,222,222,1281.3865966796875,43
B,1,223,223,1265.483642578125,43
B,1,224,224,1280.3033447265625,43
B,1,225,225,1251.670654296875,43
B,1,226,226,1214.206298828125,43
B,1,227,227,1237.4515380859375,43
B,1,228,228,1142.7181396484375,43
B,1,229,229,1269.627685546875,43
B,1,230,230,1172.173095703125,43
B,1,231,231,1204.9736328125,43
B,1,232,232,1198.070556640625,43
B,1,233,233,1286.8912353515625,43
B,1,234,234,1215.082763671875,43
B,1,235,235,1206.0599365234375,43
B,1,236,236,1238.019775390625,43
B,1,237,237,1209.4327392578125,43
B,1,238,238,1188.2015380859375,43
B,1,239,239,1168.3389892578125,43
B,1,240,240,1145.279541015625,43
B,1,241,241,1246.6800537109375,43
B,1,242,242,1257.40283203125,43
B,1,243,243,1217.6900634765625,43
B,1,244,244,1241.22998046875,43
B,1,245,245,1160.9676513671875,43
B,1,246,246,1242.9444580078125,43
B,1,247,247,1280.8236083984375,43
B,1,248,248,1291.9093017578125,43
B,1,249,249,1263.2108154296875,43
B,1,250,250,1181.783935546875,43
B,1,251,251,1292.7940673828125,43
B,1,252,252,1302.5391845703125,43
B,1,253,253,1244.2479248046875,43
B,1,254,254,1169.6162109375,43
B,1,255,255,1318.2401123046875,43
B,1,256,256,1216.7547607421875,43
B,1,257,257,1235.11474609375,43
B,1,258,258,1328.8416748046875,43
B,1,259,259,1265.1826171875,43
B,1,260,260,1299.570556640625,43
B,1,261,261,1271.5882568359375,43
B,1,262,262,1320.81640625,43
B,1,263,263,1259.4501953125,43
B,1,264,264,1151.1005859375,43
B,1,265,265,1209.7381591796875,43
B,1,266,266,1245.9912109375,43
B,1,267,267,1333.748046875,43
B,1,268,268,1238.29638671875,43
B,1,269,269,1320.843017578125,43
B,1,270,270,1280.5198974609375,43
B,1,271,271,1236.67724609375,43
B,1,272,272,1236.46484375,43
B,1,273,273,1208.6385498046875,43
B,1,274,274,1288.7197265625,43
B,1,275,275,1262.0074462890625,43
B,1,276,276,1328.6998291015625,43
B,1,277,277,1288.2095947265625,43
B,1,278,278,1244.058349609375,43
B,1,279,279,1277.9014892578125,43
B,1,280,280,1248.4259033203125,43
B,1,281,281,1267.6348876953125,43
B,1,282,282,1163.31396484375,43
B,1,283,283,1155.3778076171875,43
B,1,284,284,1242.0789794921875,43
B,1,285,285,1253.703125,43
B,1,286,286,1273.6273193359375,43
B,1,287,287,1284.942138671875,43
B,1,288,288,1321.1805419921875,43
B,1,289,289,1347.0450439453125,43
B,1,290,290,1290.759033203125,43
B,1,291,291,1294.7623291015625,43
B,1,292,292,1259.8245849609375,43
B,1,293,293,1220.7847900390625,43
B,1,294,294,1212.2960205078125,43
B,1,295,295,1316.43017578125,43
B,1,296,296,1290.1324462890625,43
B,1,297,297,1271.73193359375,43
B,1,298,298,1273.8707275390625,43
B,1,299,299,1280.3380126953125,43
B,2,299,599,46.874488830566406,43
B,2,300,600,91.52526092529297,43
B,2,301,601,91.71675872802734,43
B,2,302,602,80.40597534179688,43
B,2,303,603,146.8355255126953,43
B,2,304,604,254.4155731201172,43
B,2,305,605,326.5815124511719,43
B,2,306,606,402.1201477050781,43
B,2,307,607,440.8507385253906,43
B,2,308,608,519.2260131835938,43
B,2,309,609,542.6927490234375,43
B,2,310,610,605.9674682617188,43
B,2,311,611,655.9698486328125,43
B,2,312,612,690.3072509765625,43
B,2,313,613,773.2528686523438,43
B,2,314,614,853.7984619140625,43
B,2,315,615,871.5750732421875,43
B,2,316,616,912.3385620117188,43
B,2,317,617,952.7019653320312,43
B,2,318,618,1006.4332885742188,43
B,2,319,619,1132.5616455078125,43
B,2,320,620,1051.9071044921875,43
B,2,321,621,1181.8287353515625,43
B,2,322,622,1044.3695068359375,43
B,2,323,623,1185.0211181640625,43
B,2,324,624,1149.01708984375,43
B,2,325,625,1159.8056640625,43
B,2,326,626,1162.1331787109375,43
B,2,327,627,1094.1597900390625,43
B,2,328,628,1149.4283447265625,43
B,2,329,629,1201.8251953125,43
B,2,330,630,1145.056396484375,43
B,2,331,631,1175.247802734375,43
B,2,332,632,1215.417724609375,43
B,2,333,633,1309.8966064453125,43
B,2,334,634,1236.6722412109375,43
B,2,335,635,1219.204833984375,43
B,2,336,636,1190.95703125,43
B,2,337,637,1233.7880859375,43
B,2,338,638,1228.517578125,43
B,2,339,639,1253.4290771484375,43
B,2,340,640,1166.5064697265625,43
B,2,341,641,1208.303955078125,43
B,2,342,642,1163.35791015625,43
B,2,343,643,1238.827880859375,43
B,2,344,644,1227.4365234375,43
B,2,345,645,1222.7789306640625,43
B,2,346,646,1127.5872802734375,43
B,2,347,647,897.8594360351562,43
B,2,348,648,1037.42431640625,43
B,2,349,649,1191.565185546875,43
B,2,350,650,1252.378662109375,43
B,2,351,651,1084.50537109375,43
B,2,352,652,1212.204833984375,43
B,2,353,653,1183.2574462890625,43
B,2,354,654,1126.1409912109375,43
B,2,355,655,699.4524536132812,43
B,2,356,656,700.44970703125,43
B,2,357,657,676.1560668945312,43
B,2,358,658,983.2709350585938,43
B,2,359,659,994.4096069335938,43
B,2,360,660,1109.3726806640625,43
B,2,361,661,1168.759765625,43
B,2,362,662,1158.960205078125,43
B,2,363,663,1172.0501708984375,43
B,2,364,664,1156.4083251953125,43
B,2,365,665,1128.6571044921875,43
B,2,366,666,1046.194580078125,43
B,2,367,667,1098.3106689453125,43
B,2,368,668,1160.6966552734375,43
B,2,369,669,1177.25537109375,43
B,2,370,670,1092.1837158203125,43
B,2,371,671,1124.7412109375,43
B,2,372,672,1135.1011962890625,43
B,2,373,673,1153.7823486328125,43
B,2,374,674,1109.6455078125,43
B,2,375,675,1214.8465576171875,43
B,2,376,676,1127.6064453125,43
B,2,377,677,1166.9073486328125,43
B,2,378,678,1187.4189453125,43
B,2,379,679,1042.215576171875,43
B,2,380,680,1123.6453857421875,43
B,2,381,681,1214.1009521484375,43
B,2,382,682,1134.4061279296875,43
B,2,383,683,1090.543212890625,43
B,2,384,684,1220.6796875,43
B,2,385,685,1199.83154296875,43
B,2,386,686,1235.1436767578125,43
B,2,387,687,1181.6173095703125,43
B,2,388,688,1238.4019775390625,43
B,2,389,689,1194.3492431640625,43
B,2,390,690,1302.35205078125,43
B,2,391,691,1202.5386962890625,43
B,2,392,692,1218.402099609375,43
B,2,393,693,1299.5784912109375,43
B,2,394,694,1279.302734375,43
B,2,395,695,1237.1617431640625,43
B,2,396,696,1212.695068359375,43
B,2,397,697,1248.72021484375,43
B,2,398,698,1212.1578369140625,43
B,2,399,699,1228.3446044921875,43
B,2,400,700,1219.0302734375,43
B,2,401,701,1166.141357421875,43
B,2,402,702,1238.946044921875,43
B,2,403,703,1234.4130859375,43
B,2,404,704,1311.6202392578125,43
B,2,405,705,1237.6181640625,43
B,2,406,706,1248.62158203125,43
B,2,407,707,1278.5047607421875,43
B,2,408,708,1182.4425048828125,43
B,2,409,709,1173.8199462890625,43
B,2,410,710,1275.0186767578125,43
B,2,411,711,1238.6031494140625,43
B,2,412,712,1265.35888671875,43
B,2,413,713,1242.1832275390625,43
B,2,414,714,1272.2215576171875,43
B,2,415,715,1218.9788818359375,43
B,2,416,716,1240.3905029296875,43
B,2,417,717,1277.47314453125,43
B,2,418,718,1231.8707275390625,43
B,2,419,719,1201.20654296875,43
B,2,420,720,1176.330078125,43
B,2,421,721,1243.6256103515625,43
B,2,422,722,1248.4105224609375,43
B,2,423,723,1212.845458984375,43
B,2,424,724,1159.4638671875,43
B,2,425,725,1244.5350341796875,43
B,2,426,726,1243.6151123046875,43
B,2,427,727,1250.0614013671875,43
B,2,428,728,1264.4556884765625,43
B,2,429,729,1314.5455322265625,43
B,2,430,730,1202.935302734375,43
B,2,431,731,1287.2689208984375,43
B,2,432,732,1249.63330078125,43
B,2,433,733,1291.8577880859375,43
B,2,434,734,1301.261962890625,43
B,2,435,735,1262.382080078125,43
B,2,436,736,1293.841552734375,43
B,2,437,737,1330.70068359375,43
B,2,438,738,1290.0478515625,43
B,2,439,739,1332.4600830078125,43
B,2,440,740,1277.79296875,43
B,2,441,741,1324.6163330078125,43
B,2,442,742,1292.8990478515625,43
B,2,443,743,1266.7440185546875,43
B,2,444,744,1199.234130859375,43
B,2,445,745,1284.6224365234375,43
B,2,446,746,1317.332763671875,43
B,2,447,747,1273.3680419921875,43
B,2,448,748,1219.4122314453125,43
B,2,449,749,1283.0201416015625,43
B,2,450,750,1296.1695556640625,43
B,2,451,751,1306.52880859375,43
B,2,452,752,1278.122802734375,43
B,2,453,753,1222.1513671875,43
B,2,454,754,1287.399658203125,43
B,2,455,755,1251.411865234375,43
B,2,456,756,1290.8441162109375,43
B,2,457,757,1307.3543701171875,43
B,2,458,758,1276.6639404296875,43
B,2,459,759,1315.9193115234375,43
B,2,460,760,1242.7364501953125,43
B,2,461,761,1289.5882568359375,43
B,2,462,762,1336.59521484375,43
B,2,463,763,1319.955078125,43
B,2,464,764,1217.703857421875,43
B,2,465,765,1291.61962890625,43
B,2,466,766,1264.919677734375,43
B,2,467,767,1184.5755615234375,43
B,2,468,768,1252.9801025390625,43
B,2,469,769,1209.5633544921875,43
B,2,470,770,1295.338134765625,43
B,2,471,771,1330.5380859375,43
B,2,472,772,1274.5328369140625,43
B,2,473,773,1330.56640625,43
B,2,474,774,1319.69482421875,43
B,2,475,775,1223.5594482421875,43
B,2,476,776,1292.895263671875,43
B,2,477,777,1353.473876953125,43
B,2,478,778,1210.15380859375,43
B,2,479,779,1283.738037109375,43
B,2,480,780,1336.2791748046875,43
B,2,481,781,1262.83251953125,43
B,2,482,782,1216.742919921875,43
B,2,483,783,1306.568359375,43
B,2,484,784,1274.8115234375,43
B,2,485,785,1248.441162109375,43
B,2,486,786,1216.2301025390625,43
B,2,487,787,1174.4217529296875,43
B,2,488,788,1346.7913818359375,43
B,2,489,789,1242.7708740234375,43
B,2,490,790,1310.806884765625,43
B,2,491,791,1267.8492431640625,43
B,2,492,792,1212.7315673828125,43
B,2,493,793,1234.79052734375,43
B,2,494,794,1378.5831298828125,43
B,2,495,795,1328.2794189453125,43
B,2,496,796,1272.4427490234375,43
B,2,497,797,1267.7142333984375,43
B,2,498,798,1265.071044921875,43
B,2,499,799,1268.8636474609375,43
B,2,500,800,1289.89404296875,43
B,2,501,801,1279.6219482421875,43
B,2,502,802,1265.2958984375,43
B,2,503,803,1232.613525390625,43
B,2,504,804,1250.759521484375,43
B,2,505,805,1268.312744140625,43
B,2,506,806,1272.7958984375,43
B,2,507,807,1260.5042724609375,43
B,2,508,808,1257.16455078125,43
B,2,509,809,1238.131103515625,43
B,2,510,810,1251.251220703125,43
B,2,511,811,1283.1339111328125,43
B,2,512,812,1232.832763671875,43
B,2,513,813,1312.564697265625,43
B,2,514,814,1305.3763427734375,43
B,2,515,815,1274.055908203125,43
B,2,516,816,1257.0833740234375,43
B,2,517,817,1276.6033935546875,43
B,2,518,818,1331.5943603515625,43
B,2,519,819,1226.9273681640625,43
B,2,520,820,1251.5758056640625,43
B,2,521,821,1285.74853515625,43
B,2,522,822,1280.4483642578125,43
B,2,523,823,1311.7080078125,43
B,2,524,824,1229.2376708984375,43
B,2,525,825,1328.154541015625,43
B,2,526,826,1275.099853515625,43
B,2,527,827,1257.8634033203125,43
B,2,528,828,1291.8743896484375,43
B,2,529,829,1223.0443115234375,43
B,2,530,830,1298.511962890625,43
B,2,531,831,1251.0706787109375,43
B,2,532,832,1312.309326171875,43
B,2,533,833,1295.5823974609375,43
B,2,534,834,1289.96484375,43
B,2,535,835,1223.476318359375,43
B,2,536,836,1308.1630859375,43
B,2,537,837,1277.7960205078125,43
B,2,538,838,1301.2757568359375,43
B,2,539,839,1256.1458740234375,43
B,2,540,840,1237.2506103515625,43
B,2,541,841,1242.217529296875,43
B,2,542,842,1175.743896484375,43
B,2,543,843,1298.477294921875,43
B,2,544,844,1259.701904296875,43
B,2,545,845,1280.8243408203125,43
B,2,546,846,1203.448974609375,43
B,2,547,847,1189.2628173828125,43
B,2,548,848,1241.02783203125,43
B,2,549,849,1194.2418212890625,43
B,2,550,850,1285.52001953125,43
B,2,551,851,1297.1014404296875,43
B,2,552,852,1291.3961181640625,43
B,2,553,853,1293.365478515625,43
B,2,554,854,1324.93505859375,43
B,2,555,855,1267.4205322265625,43
B,2,556,856,1264.799072265625,43
B,2,557,857,1207.224609375,43
B,2,558,858,1241.218017578125,43
B,2,559,859,1245.4801025390625,43
B,2,560,860,1260.6409912109375,43
B,2,561,861,1255.998046875,43
B,2,562,862,1259.6771240234375,43
B,2,563,863,1356.48193359375,43
B,2,564,864,1263.75927734375,43
B,2,565,865,1193.6572265625,43
B,2,566,866,1271.80859375,43
B,2,567,867,1321.0523681640625,43
B,2,568,868,1305.2972412109375,43
B,2,569,869,1238.0167236328125,43
B,2,570,870,1173.7611083984375,43
B,2,571,871,1302.4571533203125,43
B,2,572,872,1289.5096435546875,43
B,2,573,873,1303.5311279296875,43
B,2,574,874,1320.981689453125,43
B,2,575,875,1301.0640869140625,43
B,2,576,876,1376.33837890625,43
B,2,577,877,1346.3165283203125,43
B,2,578,878,1372.00830078125,43
B,2,579,879,1255.002197265625,43
B,2,580,880,1317.1014404296875,43
B,2,581,881,1248.228271484375,43
B,2,582,882,1257.9173583984375,43
B,2,583,883,1282.402587890625,43
B,2,584,884,1268.4300537109375,43
B,2,585,885,1329.1336669921875,43
B,2,586,886,1291.420654296875,43
B,2,587,887,1331.571044921875,43
B,2,588,888,1257.094970703125,43
B,2,589,889,1283.288818359375,43
B,2,590,890,1269.8502197265625,43
B,2,591,891,1339.8555908203125,43
B,2,592,892,1264.5777587890625,43
B,2,593,893,1303.740234375,43
B,2,594,894,1316.86572265625,43
B,2,595,895,1304.42041015625,43
B,2,596,896,1323.79248046875,43
B,2,597,897,1321.3680419921875,43
B,2,598,898,1357.0404052734375,43
B,2,599,899,1351.656005859375,43
B,2,600,900,1349.9224853515625,43
B,2,601,901,1331.55810546875,43
B,2,602,902,1296.3262939453125,43
B,2,603,903,1336.10205078125,43
B,2,604,904,1255.9305419921875,43
B,2,605,905,1331.8250732421875,43
B,2,606,906,1336.7413330078125,43
B,2,607,907,1283.75341796875,43
B,2,608,908,1341.947998046875,43
B,2,609,909,1260.7890625,43
B,2,610,910,1284.8565673828125,43
B,2,611,911,1283.520263671875,43
B,2,612,912,1394.97607421875,43
B,2,613,913,1311.9730224609375,43
B,2,614,914,1268.004638671875,43
B,2,615,915,1241.087646484375,43
B,2,616,916,1226.240234375,43
B,2,617,917,1285.6771240234375,43
B,2,618,918,1330.5537109375,43
B,2,619,919,1294.4490966796875,43
B,2,620,920,1302.2288818359375,43
B,2,621,921,1307.2706298828125,43
B,2,622,922,1340.94091796875,43
B,2,623,923,1263.9990234375,43
B,2,624,924,1273.5714111328125,43
B,2,625,925,1278.2017822265625,43
B,2,626,926,1317.0426025390625,43
B,2,627,927,1236.1378173828125,43
B,2,628,928,1265.461669921875,43
B,2,629,929,1311.0091552734375,43
B,2,630,930,1246.303466796875,43
B,2,631,931,1166.4979248046875,43
B,2,632,932,1207.1729736328125,43
B,2,633,933,1275.4083251953125,43
B,2,634,934,1229.26806640625,43
B,2,635,935,1235.5135498046875,43
B,2,636,936,1274.2376708984375,43
B,2,637,937,1394.39013671875,43
B,2,638,938,1331.0999755859375,43
B,2,639,939,1210.7060546875,43
B,2,640,940,1274.933837890625,43
B,2,641,941,1279.3724365234375,43
B,2,642,942,1309.1767578125,43
B,2,643,943,1262.8563232421875,43
B,2,644,944,1291.9281005859375,43
B,2,645,945,1250.2923583984375,43
B,2,646,946,1262.4722900390625,43
B,2,647,947,1224.076416015625,43
B,2,648,948,1243.8719482421875,43
B,3,525,1474,47.359745025634766,43
B,3,526,1475,111.19132232666016,43
B,3,527,1476,188.19561767578125,43
B,3,528,1477,234.89222717285156,43
B,3,529,1478,271.665771484375,43
B,3,530,1479,319.1022644042969,43
B,3,531,1480,428.41680908203125,43
B,3,532,1481,425.2066650390625,43
B,3,533,1482,512.56982421875,43
B,3,534,1483,610.2852783203125,43
B,3,535,1484,611.56982421875,43
B,3,536,1485,684.3402709960938,43
B,3,537,1486,769.7655639648438,43
B,3,538,1487,788.6412353515625,43
B,3,539,1488,889.9235229492188,43
B,3,540,1489,879.1565551757812,43
B,3,541,1490,964.0165405273438,43
B,3,542,1491,957.3397216796875,43
B,3,543,1492,1095.8343505859375,43
B,3,544,1493,1041.13916015625,43
B,3,545,1494,1225.3660888671875,43
B,3,546,1495,1173.7203369140625,43
B,3,547,1496,1223.0972900390625,43
B,3,548,1497,1147.9932861328125,43
B,3,549,1498,1145.19580078125,43
B,3,550,1499,1236.741943359375,43
B,3,551,1500,1142.85302734375,43
B,3,552,1501,1219.7652587890625,43
B,3,553,1502,1250.0916748046875,43
B,3,554,1503,1172.2369384765625,43
B,3,555,1504,1172.88916015625,43
B,3,556,1505,1269.388671875,43
B,3,557,1506,1258.3052978515625,43
B,3,558,1507,1215.6680908203125,43
B,3,559,1508,1168.6055908203125,43
B,3,560,1509,1261.952880859375,43
B,3,561,1510,1205.622802734375,43
B,3,562,1511,1268.3914794921875,43
B,3,563,1512,1206.8367919921875,43
B,3,564,1513,1270.75146484375,43
B,3,565,1514,1274.382080078125,43
B,3,566,1515,1207.33349609375,43
B,3,567,1516,1250.706298828125,43
B,3,568,1517,1201.34912109375,43
B,3,569,1518,1278.9061279296875,43
B,3,570,1519,1283.9202880859375,43
B,3,571,1520,1228.3876953125,43
B,3,572,1521,1238.644287109375,43
B,3,573,1522,1281.198486328125,43
B,3,574,1523,1229.468017578125,43
B,3,575,1524,1217.76708984375,43
B,3,576,1525,1241.30126953125,43
B,3,577,1526,1239.4593505859375,43
B,3,578,1527,1184.44580078125,43
B,3,579,1528,1223.558349609375,43
B,3,580,1529,1273.8245849609375,43
B,3,581,1530,1240.9761962890625,43
B,3,582,1531,1283.4307861328125,43
B,3,583,1532,1204.443115234375,43
B,3,584,1533,1285.2659912109375,43
B,3,585,1534,1241.7535400390625,43
B,3,586,1535,1333.3065185546875,43
B,3,587,1536,1270.025390625,43
B,3,588,1537,1263.139892578125,43
B,3,589,1538,1224.4578857421875,43
B,3,590,1539,1191.40234375,43
B,3,591,1540,1215.817138671875,43
B,3,592,1541,1230.9866943359375,43
B,3,593,1542,1285.7293701171875,43
B,3,594,1543,1255.53955078125,43
B,3,595,1544,1208.7044677734375,43
B,3,596,1545,1189.728271484375,43
B,3,597,1546,1181.7264404296875,43
B,3,598,1547,1282.286865234375,43
B,3,599,1548,1203.73388671875,43
B,3,600,1549,1151.8154296875,43
B,3,601,1550,1171.207275390625,43
B,3,602,1551,1220.055419921875,43
B,3,603,1552,1255.99365234375,43
B,3,604,1553,1231.1192626953125,43
B,3,605,1554,1215.569580078125,43
B,3,606,1555,1256.145263671875,43
B,3,607,1556,1192.033203125,43
B,3,608,1557,1252.955322265625,43
B,3,609,1558,1247.8597412109375,43
B,3,610,1559,1264.3388671875,43
B,3,611,1560,1311.4442138671875,43
B,3,612,1561,1251.6317138671875,43
B,3,613,1562,1259.1097412109375,43
B,3,614,1563,1233.6378173828125,43
B,3,615,1564,1314.2445068359375,43
B,3,616,1565,1215.1680908203125,43
B,3,617,1566,1276.0205078125,43
B,3,618,1567,1248.871826171875,43
B,3,619,1568,1294.3741455078125,43
B,3,620,1569,1254.5372314453125,43
B,3,621,1570,1256.869140625,43
B,3,622,1571,1203.44287109375,43
B,3,623,1572,1190.4705810546875,43
B,3,624,1573,1172.8753662109375,43
B,3,625,1574,1165.07861328125,43
B,3,626,1575,1140.7374267578125,43
B,3,627,1576,1234.8494873046875,43
B,3,628,1577,1248.8001708984375,43
B,3,629,1578,1270.6666259765625,43
B,3,630,1579,1154.1171875,43
B,3,631,1580,1221.956298828125,43
B,3,632,1581,1227.773681640625,43
B,3,633,1582,1204.226806640625,43
B,3,634,1583,1229.42822265625,43
B,3,635,1584,1217.296875,43
B,3,636,1585,1144.60546875,43
B,3,637,1586,1159.0968017578125,43
B,3,638,1587,1273.97509765625,43
B,3,639,1588,1162.8865966796875,43
B,3,640,1589,1173.884033203125,43
B,3,641,1590,1213.3609619140625,43
B,3,642,1591,1195.4886474609375,43
B,3,643,1592,1196.0306396484375,43
B,3,644,1593,1238.465087890625,43
B,3,645,1594,1174.719482421875,43
B,3,646,1595,1232.8375244140625,43
B,3,647,1596,1239.07763671875,43
B,3,648,1597,1253.641357421875,43
B,3,649,1598,1228.9212646484375,43
B,3,650,1599,1230.8212890625,43
B,3,651,1600,1278.0390625,43
B,3,652,1601,1216.1451416015625,43
B,3,653,1602,1248.89501953125,43
B,3,654,1603,1203.8016357421875,43
B,3,655,1604,1204.8499755859375,43
B,3,656,1605,1247.987548828125,43
B,3,657,1606,1240.3546142578125,43
B,3,658,1607,1253.36962890625,43
B,3,659,1608,1219.728759765625,43
B,3,660,1609,1238.9053955078125,43
B,3,661,1610,1271.9219970703125,43
B,3,662,1611,1252.0933837890625,43
B,3,663,1612,1249.3311767578125,43
B,3,664,1613,1273.735107421875,43
B,3,665,1614,1280.4268798828125,43
B,3,666,1615,1240.7889404296875,43
B,3,667,1616,1254.65576171875,43
B,3,668,1617,1166.090576171875,43
B,3,669,1618,1233.552490234375,43
B,3,670,1619,1243.2894287109375,43
B,3,671,1620,1182.44580078125,43
B,3,672,1621,1212.0941162109375,43
B,3,673,1622,1110.520263671875,43
B,3,674,1623,1203.899169921875,43
B,3,675,1624,1226.7794189453125,43
B,3,676,1625,1188.8387451171875,43
B,3,677,1626,1230.13720703125,43
B,3,678,1627,1199.45361328125,43
B,3,679,1628,1084.1019287109375,43
B,3,680,1629,1131.3482666015625,43
B,3,681,1630,1158.2435302734375,43
B,3,682,1631,1250.6702880859375,43
B,3,683,1632,1232.2666015625,43
B,3,684,1633,1174.1260986328125,43
B,3,685,1634,1188.36962890625,43
B,3,686,1635,1204.6075439453125,43
B,3,687,1636,1109.6204833984375,43
B,3,688,1637,937.34912109375,43
B,3,689,1638,1089.534912109375,43
B,3,690,1639,1101.347900390625,43
B,3,691,1640,1127.1212158203125,43
B,3,692,1641,1145.2044677734375,43
B,3,693,1642,1181.5369873046875,43
B,3,694,1643,1232.8109130859375,43
B,3,695,1644,1097.883544921875,43
B,3,696,1645,1194.759521484375,43
B,3,697,1646,1192.5347900390625,43
B,3,698,1647,1067.5787353515625,43
B,3,699,1648,1186.1961669921875,43
B,3,700,1649,1189.4168701171875,43
B,3,701,1650,1213.001708984375,43
B,3,702,1651,1243.206298828125,43
B,3,703,1652,1211.4300537109375,43
B,3,704,1653,1177.248046875,43
B,3,705,1654,1220.730712890625,43
B,3,706,1655,1076.5657958984375,43
B,3,707,1656,1183.744140625,43
B,3,708,1657,1164.2864990234375,43
B,3,709,1658,1209.8883056640625,43
B,3,710,1659,1208.24560546875,43
B,3,711,1660,1227.4100341796875,43
B,3,712,1661,1229.9815673828125,43
B,3,713,1662,1241.19140625,43
B,3,714,1663,1202.805908203125,43
B,3,715,1664,1239.378662109375,43
B,3,716,1665,1274.0250244140625,43
B,3,717,1666,1280.61572265625,43
B,3,718,1667,1159.0863037109375,43
B,3,719,1668,1187.3951416015625,43
B,3,720,1669,1209.659912109375,43
B,3,721,1670,1279.7762451171875,43
B,3,722,1671,1318.235107421875,43
B,3,723,1672,1188.961669921875,43
B,3,724,1673,1296.511474609375,43
B,4,550,2224,2.6124470233917236,43
B,4,551,2225,17.918228149414062,43
B,4,552,2226,98.55300903320312,43
B,4,553,2227,188.51181030273438,43
B,4,554,2228,230.38238525390625,43
B,4,555,2229,259.245361328125,43
B,4,556,2230,338.660400390625,43
B,4,557,2231,367.42022705078125,43
B,4,558,2232,373.31878662109375,43
B,4,559,2233,409.6500549316406,43
B,4,560,2234,434.7426452636719,43
B,4,561,2235,543.2684936523438,43
B,4,562,2236,564.4666748046875,43
B,4,563,2237,526.29248046875,43
B,4,564,2238,626.4556884765625,43
B,4,565,2239,677.7590942382812,43
B,4,566,2240,688.6317138671875,43
B,4,567,2241,812.7109375,43
B,4,568,2242,800.6026611328125,43
B,4,569,2243,777.9821166992188,43
B,4,570,2244,947.2166748046875,43
B,4,571,2245,941.774169921875,43
B,4,572,2246,1084.2945556640625,43
B,4,573,2247,992.4568481445312,43
B,4,574,2248,973.5390014648438,43
B,4,575,2249,978.7052612304688,43
B,4,576,2250,895.8533935546875,43
B,4,577,2251,851.000732421875,43
B,4,578,2252,1088.5048828125,43
B,4,579,2253,1025.321533203125,43
B,4,580,2254,878.6253051757812,43
B,4,581,2255,841.0233764648438,43
B,4,582,2256,916.2916870117188,43
B,4,583,2257,948.8965454101562,43
B,4,584,2258,954.354248046875,43
B,4,585,2259,975.3173828125,43
B,4,586,2260,908.8783569335938,43
B,4,587,2261,972.4570922851562,43
B,4,588,2262,964.1361694335938,43
B,4,589,2263,920.102783203125,43
B,4,590,2264,978.2808227539062,43
B,4,591,2265,1007.3289184570312,43
B,4,592,2266,962.839599609375,43
B,4,593,2267,1041.3094482421875,43
B,4,594,2268,980.9481811523438,43
B,4,595,2269,1030.3717041015625,43
B,4,596,2270,971.4939575195312,43
B,4,597,2271,936.8941040039062,43
B,4,598,2272,971.4222412109375,43
B,4,599,2273,961.7809448242188,43
B,4,600,2274,1008.6656494140625,43
B,4,601,2275,974.981689453125,43
B,4,602,2276,926.8524780273438,43
B,4,603,2277,933.1658325195312,43
B,4,604,2278,932.6978759765625,43
B,4,605,2279,1024.06689453125,43
B,4,606,2280,1052.8043212890625,43
B,4,607,2281,980.9884643554688,43
B,4,608,2282,1026.054931640625,43
B,4,609,2283,1039.720703125,43
B,4,610,2284,960.1341552734375,43
B,4,611,2285,964.3934936523438,43
B,4,612,2286,1005.2167358398438,43
B,4,613,2287,985.350341796875,43
B,4,614,2288,902.1806640625,43
B,4,615,2289,902.96826171875,43
B,4,616,2290,885.5736694335938,43
B,4,617,2291,1011.9805297851562,43
B,4,618,2292,972.2343139648438,43
B,4,619,2293,1013.570556640625,43
B,4,620,2294,921.0662841796875,43
B,4,621,2295,977.2160034179688,43
B,4,622,2296,1044.29052734375,43
B,4,623,2297,1012.3043212890625,43
B,4,624,2298,1034.5341796875,43
B,4,625,2299,1022.8071899414062,43
B,4,626,2300,965.140625,43
B,4,627,2301,1025.9749755859375,43
B,4,628,2302,1010.798828125,43
B,4,629,2303,1015.6363525390625,43
B,4,630,2304,1076.11767578125,43
B,4,631,2305,1049.908447265625,43
B,4,632,2306,980.2371215820312,43
B,4,633,2307,898.1539306640625,43
B,4,634,2308,913.9276733398438,43
B,4,635,2309,905.5755615234375,43
B,4,636,2310,948.9884033203125,43
B,4,637,2311,925.640869140625,43
B,4,638,2312,964.2048950195312,43
B,4,639,2313,872.5408935546875,43
B,4,640,2314,924.2388916015625,43
B,4,641,2315,996.37744140625,43
B,4,642,2316,1023.6702880859375,43
B,4,643,2317,955.1967163085938,43
B,4,644,2318,962.8642578125,43
B,4,645,2319,958.2047729492188,43
B,4,646,2320,920.55419921875,43
B,4,647,2321,1029.083251953125,43
B,4,648,2322,986.0299072265625,43
B,4,649,2323,1008.6729125976562,43
B,4,650,2324,965.1072998046875,43
B,4,651,2325,977.389404296875,43
B,4,652,2326,1026.685791015625,43
B,4,653,2327,986.3853759765625,43
B,4,654,2328,948.3273315429688,43
B,4,655,2329,1050.17724609375,43
B,4,656,2330,982.5443725585938,43
B,4,657,2331,971.2994384765625,43
B,4,658,2332,905.8464965820312,43
B,4,659,2333,940.1082153320312,43
B,4,660,2334,1046.4208984375,43
B,4,661,2335,944.83203125,43
B,4,662,2336,960.83642578125,43
B,4,663,2337,1047.6376953125,43
B,4,664,2338,955.2929077148438,43
B,4,665,2339,1023.5559692382812,43
B,4,666,2340,986.87646484375,43
B,4,667,2341,1023.0974731445312,43
B,4,668,2342,1020.5540771484375,43
B,4,669,2343,975.7888793945312,43
B,4,670,2344,1064.30712890625,43
B,4,671,2345,966.53173828125,43
B,4,672,2346,1006.6382446289062,43
B,4,673,2347,1020.7630004882812,43
B,4,674,2348,934.9686279296875,43
B,4,675,2349,980.1978149414062,43
B,4,676,2350,973.3582763671875,43
B,4,677,2351,1056.3115234375,43
B,4,678,2352,1026.6053466796875,43
B,4,679,2353,1099.6273193359375,43
B,4,680,2354,968.5736083984375,43
B,4,681,2355,938.6148681640625,43
B,4,682,2356,1015.8102416992188,43
B,4,683,2357,1005.1738891601562,43
B,4,684,2358,1081.365234375,43
B,4,685,2359,1062.1253662109375,43
B,4,686,2360,1004.0140991210938,43
B,4,687,2361,1019.6722412109375,43
B,4,688,2362,1082.218994140625,43
B,4,689,2363,1019.3840942382812,43
B,4,690,2364,963.9605102539062,43
B,4,691,2365,1053.798095703125,43
B,4,692,2366,1070.138671875,43
B,4,693,2367,1055.9893798828125,43
B,4,694,2368,1059.35693359375,43
B,4,695,2369,1058.779541015625,43
B,4,696,2370,1071.1497802734375,43
B,4,697,2371,929.6857299804688,43
B,4,698,2372,1090.8140869140625,43
B,4,699,2373,950.6490478515625,43
B,4,700,2374,1003.3880004882812,43
B,4,701,2375,926.315673828125,43
B,4,702,2376,990.6923828125,43
B,4,703,2377,977.9932250976562,43
B,4,704,2378,1023.787109375,43
B,4,705,2379,992.4907836914062,43
B,4,706,2380,962.8936157226562,43
B,4,707,2381,976.6819458007812,43
B,4,708,2382,1058.0877685546875,43
B,4,709,2383,958.4691162109375,43
B,4,710,2384,1001.7803955078125,43
B,4,711,2385,1012.405517578125,43
B,4,712,2386,1067.095947265625,43
B,4,713,2387,1082.5472412109375,43
B,4,714,2388,1025.993896484375,43
B,4,715,2389,957.1481323242188,43
B,4,716,2390,1007.3880615234375,43
B,4,717,2391,1023.9534912109375,43
B,4,718,2392,982.2420654296875,43
B,4,719,2393,1030.7567138671875,43
B,4,720,2394,1010.9492797851562,43
B,4,721,2395,1022.4302978515625,43
B,4,722,2396,1011.8112182617188,43
B,4,723,2397,923.5396728515625,43
B,4,724,2398,1023.3925170898438,43
B,4,725,2399,1010.8294677734375,43
B,4,726,2400,909.1690673828125,43
B,4,727,2401,1003.6797485351562,43
B,4,728,2402,1041.37890625,43
B,4,729,2403,994.6526489257812,43
B,4,730,2404,1021.9190063476562,43
B,4,731,2405,1024.898193359375,43
B,4,732,2406,1008.7442626953125,43
B,4,733,2407,1024.8797607421875,43
B,4,734,2408,969.6615600585938,43
B,4,735,2409,1025.582763671875,43
B,4,736,2410,1017.7498779296875,43
B,4,737,2411,1087.6810302734375,43
B,4,738,2412,1032.36669921875,43
B,4,739,2413,1016.2064208984375,43
B,4,740,2414,1111.20068359375,43
B,4,741,2415,1057.6947021484375,43
B,4,742,2416,1007.2094116210938,43
B,4,743,2417,993.6739501953125,43
B,4,744,2418,973.6854248046875,43
B,4,745,2419,1025.9820556640625,43
B,4,746,2420,985.2498779296875,43
B,4,747,2421,1086.3089599609375,43
B,4,748,2422,1045.41748046875,43
B,4,749,2423,942.471923828125,43
B,4,750,2424,1022.7060546875,43
B,4,751,2425,990.3930053710938,43
B,4,752,2426,896.875,43
B,4,753,2427,775.6858520507812,43
B,4,754,2428,692.8491821289062,43
B,4,755,2429,744.1506958007812,43
B,4,756,2430,653.6506958007812,43
B,4,757,2431,550.3603515625,43
B,4,758,2432,702.3811645507812,43
B,4,759,2433,879.1241455078125,43
B,4,760,2434,1031.2972412109375,43
B,4,761,2435,983.3694458007812,43
B,4,762,2436,1066.759033203125,43
B,4,763,2437,937.7111206054688,43
B,4,764,2438,960.1875610351562,43
B,4,765,2439,989.613525390625,43
B,4,766,2440,930.3051147460938,43
B,4,767,2441,1004.690185546875,43
B,4,768,2442,1122.6568603515625,43
B,4,769,2443,1002.8740234375,43
B,4,770,2444,1067.7689208984375,43
B,4,771,2445,1098.3553466796875,43
B,4,772,2446,1018.2352294921875,43
B,4,773,2447,1069.411865234375,43
B,4,774,2448,1040.2786865234375,43
B,4,775,2449,1067.0185546875,43
B,4,776,2450,1025.6312255859375,43
B,4,777,2451,1012.8068237304688,43
B,4,778,2452,1017.5540161132812,43
B,4,779,2453,1039.9310302734375,43
B,4,780,2454,1041.1849365234375,43
B,4,781,2455,1147.8194580078125,43
B,4,782,2456,975.2177734375,43
B,4,783,2457,1066.2952880859375,43
B,4,784,2458,1090.77734375,43
B,4,785,2459,1060.7452392578125,43
B,4,786,2460,1086.4609375,43
B,4,787,2461,1013.3067626953125,43
B,4,788,2462,949.5588989257812,43
B,4,789,2463,981.8739624023438,43
B,4,790,2464,1037.88330078125,43
B,4,791,2465,1022.515625,43
B,4,792,2466,947.6842651367188,43
B,4,793,2467,991.5391235351562,43
B,4,794,2468,1056.38232421875,43
B,4,795,2469,1027.1629638671875,43
B,4,796,2470,1004.9862060546875,43
B,4,797,2471,950.830810546875,43
B,4,798,2472,973.2349853515625,43
B,4,799,2473,944.850341796875,43
B,5,625,3099,28.455507278442383,43
B,5,626,3100,48.79759216308594,43
B,5,627,3101,120.79193878173828,43
B,5,628,3102,193.93580627441406,43
B,5,629,3103,244.88406372070312,43
B,5,630,3104,298.4189147949219,43
B,5,631,3105,323.1353759765625,43
B,5,632,3106,414.0638732910156,43
B,5,633,3107,462.1026611328125,43
B,5,634,3108,480.3487243652344,43
B,5,635,3109,487.93426513671875,43
B,5,636,3110,579.0135498046875,43
B,5,637,3111,611.68798828125,43
B,5,638,3112,627.6491088867188,43
B,5,639,3113,755.8442993164062,43
B,5,640,3114,738.1927490234375,43
B,5,641,3115,786.1012573242188,43
B,5,642,3116,842.6055908203125,43
B,5,643,3117,894.689208984375,43
B,5,644,3118,966.2970581054688,43
B,5,645,3119,1093.407958984375,43
B,5,646,3120,1079.38134765625,43
B,5,647,3121,1049.4832763671875,43
B,5,648,3122,1020.6702270507812,43
B,5,649,3123,1019.9871826171875,43
B,5,650,3124,967.7045288085938,43
B,5,651,3125,1058.2197265625,43
B,5,652,3126,1028.3919677734375,43
B,5,653,3127,1035.1390380859375,43
B,5,654,3128,1061.0596923828125,43
B,5,655,3129,1056.796630859375,43
B,5,656,3130,1095.75146484375,43
B,5,657,3131,1110.429931640625,43
B,5,658,3132,1042.5540771484375,43
B,5,659,3133,1073.559326171875,43
B,5,660,3134,1139.6484375,43
B,5,661,3135,1046.151611328125,43
B,5,662,3136,1096.6417236328125,43
B,5,663,3137,1081.991455078125,43
B,5,664,3138,1162.3411865234375,43
B,5,665,3139,965.2228393554688,43
B,5,666,3140,1133.6597900390625,43
B,5,667,3141,967.47998046875,43
B,5,668,3142,976.09521484375,43
B,5,669,3143,1111.69677734375,43
B,5,670,3144,1023.91845703125,43
B,5,671,3145,1017.4257202148438,43
B,5,672,3146,1043.5738525390625,43
B,5,673,3147,1036.3917236328125,43
B,5,674,3148,1058.8526611328125,43
B,5,675,3149,1078.164794921875,43
B,5,676,3150,1097.5711669921875,43
B,5,677,3151,1028.3299560546875,43
B,5,678,3152,1031.7353515625,43
B,5,679,3153,1050.462646484375,43
B,5,680,3154,1031.44384765625,43
B,5,681,3155,1091.3323974609375,43
B,5,682,3156,1121.738525390625,43
B,5,683,3157,1111.0592041015625,43
B,5,684,3158,1025.1602783203125,43
B,5,685,3159,1015.7411499023438,43
B,5,686,3160,900.9149780273438,43
B,5,687,3161,1019.347412109375,43
B,5,688,3162,1119.4261474609375,43
B,5,689,3163,1046.9664306640625,43
B,5,690,3164,1075.5299072265625,43
B,5,691,3165,1041.788330078125,43
B,5,692,3166,1064.900634765625,43
B,5,693,3167,1071.2154541015625,43
B,5,694,3168,1022.00439453125,43
B,5,695,3169,1077.005615234375,43
B,5,696,3170,1070.6865234375,43
B,5,697,3171,1124.070556640625,43
B,5,698,3172,1014.6549072265625,43
B,5,699,3173,1037.523193359375,43
B,5,700,3174,1085.0821533203125,43
B,5,701,3175,1021.6024780273438,43
B,5,702,3176,1094.4083251953125,43
B,5,703,3177,1014.3748779296875,43
B,5,704,3178,1082.01513671875,43
B,5,705,3179,1085.9080810546875,43
B,5,706,3180,942.7757568359375,43
B,5,707,3181,932.7384033203125,43
B,5,708,3182,1027.606689453125,43
B,5,709,3183,1113.3892822265625,43
B,5,710,3184,1041.09375,43
B,5,711,3185,1079.0714111328125,43
B,5,712,3186,1082.6546630859375,43
B,5,713,3187,973.4017944335938,43
B,5,714,3188,1084.8187255859375,43
B,5,715,3189,1074.0479736328125,43
B,5,716,3190,1020.4737548828125,43
B,5,717,3191,1003.7586059570312,43
B,5,718,3192,1057.9970703125,43
B,5,719,3193,984.8226318359375,43
B,5,720,3194,985.3699340820312,43
B,5,721,3195,1058.521484375,43
B,5,722,3196,1081.06103515625,43
B,5,723,3197,993.7417602539062,43
B,5,724,3198,1012.2804565429688,43
B,5,725,3199,1040.64111328125,43
B,5,726,3200,953.7423706054688,43
B,5,727,3201,963.8717041015625,43
B,5,728,3202,1045.017578125,43
B,5,729,3203,1048.28466796875,43
B,5,730,3204,1034.9951171875,43
B,5,731,3205,1075.3896484375,43
B,5,732,3206,1040.0670166015625,43
B,5,733,3207,1059.819091796875,43
B,5,734,3208,1012.1621704101562,43
B,5,735,3209,1062.78173828125,43
B,5,736,3210,959.502685546875,43
B,5,737,3211,1082.4649658203125,43
B,5,738,3212,1014.5531616210938,43
B,5,739,3213,997.1422729492188,43
B,5,740,3214,1025.8018798828125,43
B,5,741,3215,1102.71484375,43
B,5,742,3216,1054.4775390625,43
B,5,743,3217,969.9723510742188,43
B,5,744,3218,1078.6217041015625,43
B,5,745,3219,985.9520263671875,43
B,5,746,3220,976.91259765625,43
B,5,747,3221,981.8440551757812,43
B,5,748,3222,969.677490234375,43
B,5,749,3223,918.4713745117188,43
B,5,750,3224,829.3021850585938,43
B,5,751,3225,1103.3424072265625,43
B,5,752,3226,922.6122436523438,43
B,5,753,3227,1034.2484130859375,43
B,5,754,3228,928.735595703125,43
B,5,755,3229,1084.4410400390625,43
B,5,756,3230,1009.317626953125,43
B,5,757,3231,1048.9097900390625,43
B,5,758,3232,1083.4913330078125,43
B,5,759,3233,1034.904541015625,43
B,5,760,3234,992.3670043945312,43
B,5,761,3235,933.4512329101562,43
B,5,762,3236,993.8264770507812,43
B,5,763,3237,987.3848266601562,43
B,5,764,3238,1013.705078125,43
B,5,765,3239,1003.241455078125,43
B,5,766,3240,1043.73974609375,43
B,5,767,3241,1032.945068359375,43
B,5,768,3242,1032.824462890625,43
B,5,769,3243,1030.93408203125,43
B,5,770,3244,926.401611328125,43
B,5,771,3245,1018.3140258789062,43
B,5,772,3246,949.5612182617188,43
B,5,773,3247,969.8829956054688,43
B,5,774,3248,1017.7565307617188,43
B,5,775,3249,1080.4263916015625,43
B,5,776,3250,1009.2942504882812,43
B,5,777,3251,1039.215087890625,43
B,5,778,3252,1019.4356689453125,43
B,5,779,3253,961.6171875,43
B,5,780,3254,1035.6676025390625,43
B,5,781,3255,1045.325927734375,43
B,5,782,3256,1112.814208984375,43
B,5,783,3257,1039.9859619140625,43
B,5,784,3258,1043.797607421875,43
B,5,785,3259,1030.4537353515625,43
B,5,786,3260,1060.8359375,43
B,5,787,3261,989.3844604492188,43
B,5,788,3262,1102.0716552734375,43
B,5,789,3263,1073.148193359375,43
B,5,790,3264,980.2124633789062,43
B,5,791,3265,985.349609375,43
B,5,792,3266,1016.858642578125,43
B,5,793,3267,1042.7142333984375,43
B,5,794,3268,1074.334716796875,43
B,5,795,3269,1093.9716796875,43
B,5,796,3270,1128.44775390625,43
B,5,797,3271,1033.7467041015625,43
B,5,798,3272,1042.9490966796875,43
B,5,799,3273,1051.06103515625,43
B,5,800,3274,1074.8453369140625,43
B,5,801,3275,1071.997314453125,43
B,5,802,3276,1047.0262451171875,43
B,5,803,3277,1077.1453857421875,43
B,5,804,3278,1075.8570556640625,43
B,5,805,3279,990.3580932617188,43
B,5,806,3280,1032.336669921875,43
B,5,807,3281,1059.5140380859375,43
B,5,808,3282,977.9555053710938,43
B,5,809,3283,1029.8646240234375,43
B,5,810,3284,1113.277099609375,43
B,5,811,3285,1011.1744384765625,43
B,5,812,3286,992.1194458007812,43
B,5,813,3287,1011.5323486328125,43
B,5,814,3288,1057.6240234375,43
B,5,815,3289,1041.66015625,43
B,5,816,3290,1014.9415283203125,43
B,5,817,3291,1024.9964599609375,43
B,5,818,3292,1079.689208984375,43
B,5,819,3293,1028.2674560546875,43
B,5,820,3294,1019.1223754882812,43
B,5,821,3295,1020.039306640625,43
B,5,822,3296,975.9029541015625,43
B,5,823,3297,1083.060791015625,43
B,5,824,3298,1030.2061767578125,43
B,5,825,3299,1051.15380859375,43
B,5,826,3300,1031.771240234375,43
B,5,827,3301,1091.6273193359375,43
B,5,828,3302,998.8806762695312,43
B,5,829,3303,985.9945678710938,43
B,5,830,3304,1140.5252685546875,43
B,5,831,3305,1114.4033203125,43
B,5,832,3306,1042.4244384765625,43
B,5,833,3307,1025.764404296875,43
B,5,834,3308,1048.57470703125,43
B,5,835,3309,1084.9771728515625,43
B,5,836,3310,1036.698974609375,43
B,5,837,3311,1013.7413330078125,43
B,5,838,3312,1102.824951171875,43
B,5,839,3313,1042.4906005859375,43
B,5,840,3314,1010.5413208007812,43
B,5,841,3315,1037.078369140625,43
B,5,842,3316,1047.23095703125,43
B,5,843,3317,1083.968505859375,43
B,5,844,3318,1128.9803466796875,43
B,5,845,3319,1060.8668212890625,43
B,5,846,3320,895.0120849609375,43
B,5,847,3321,981.776123046875,43
B,5,848,3322,1083.4031982421875,43
B,5,849,3323,1040.9775390625,43
B,5,850,3324,1032.4515380859375,43
B,5,851,3325,905.7780151367188,43
B,5,852,3326,877.9267578125,43
B,5,853,3327,1093.345458984375,43
B,5,854,3328,1035.275390625,43
B,5,855,3329,996.843017578125,43
B,5,856,3330,958.2889404296875,43
B,5,857,3331,1062.78662109375,43
B,5,858,3332,1123.7882080078125,43
B,5,859,3333,1021.6066284179688,43
B,5,860,3334,1039.8345947265625,43
B,5,861,3335,1047.9881591796875,43
B,5,862,3336,1038.8370361328125,43
B,5,863,3337,1017.7346801757812,43
B,5,864,3338,961.0786743164062,43
B,5,865,3339,973.6602783203125,43
B,5,866,3340,1060.531982421875,43
B,5,867,3341,1057.148193359375,43
B,5,868,3342,1069.02294921875,43
B,5,869,3343,1039.4979248046875,43
B,5,870,3344,1111.9483642578125,43
B,5,871,3345,975.4675903320312,43
B,5,872,3346,947.8504028320312,43
B,5,873,3347,993.0322875976562,43
B,5,874,3348,1064.239013671875,43
B,5,875,3349,1016.8809204101562,43
B,5,876,3350,1030.1019287109375,43
B,5,877,3351,1033.7406005859375,43
B,5,878,3352,1045.166015625,43
B,5,879,3353,1024.65673828125,43
B,5,880,3354,1062.01708984375,43
B,5,881,3355,1040.709716796875,43
B,5,882,3356,993.94580078125,43
B,5,883,3357,861.4176025390625,43
B,5,884,3358,1042.5360107421875,43
B,5,885,3359,989.7839965820312,43
B,5,886,3360,990.0219116210938,43
B,5,887,3361,1050.236328125,43
B,5,888,3362,1034.7991943359375,43
B,5,889,3363,955.4544677734375,43
B,5,890,3364,1024.4783935546875,43
B,5,891,3365,963.85205078125,43
B,5,892,3366,933.5280151367188,43
B,5,893,3367,1026.7816162109375,43
B,5,894,3368,932.7670288085938,43
B,5,895,3369,939.6680908203125,43
B,5,896,3370,908.8782348632812,43
B,5,897,3371,921.2074584960938,43
B,5,898,3372,986.8306884765625,43
B,5,899,3373,900.5018310546875,43
B,5,900,3374,981.5868530273438,43
B,5,901,3375,1050.427490234375,43
B,5,902,3376,979.93115234375,43
B,5,903,3377,947.6550903320312,43
B,5,904,3378,1011.3762817382812,43
B,5,905,3379,1009.9560546875,43
B,5,906,3380,866.0849609375,43
B,5,907,3381,1002.0643310546875,43
B,5,908,3382,913.263427734375,43
B,5,909,3383,935.4630737304688,43
B,5,910,3384,1023.1080322265625,43
B,5,911,3385,877.5450439453125,43
B,5,912,3386,997.2615356445312,43
B,5,913,3387,932.4478149414062,43
B,5,914,3388,940.0114135742188,43
B,5,915,3389,903.892333984375,43
B,5,916,3390,976.3195190429688,43
B,5,917,3391,998.7343139648438,43
B,5,918,3392,967.8765258789062,43
B,5,919,3393,1021.8631591796875,43
B,5,920,3394,949.8019409179688,43
B,5,921,3395,962.4918212890625,43
B,5,922,3396,1015.298828125,43
B,5,923,3397,941.5953979492188,43
B,5,924,3398,966.62744140625,43
C,1,0,0,-73.80681610107422,43
C,1,1,1,-76.63397216796875,43
C,1,2,2,-77.41556549072266,43
C,1,3,3,-79.12242126464844,43
C,1,4,4,-74.26535034179688,43
C,1,5,5,-75.31486511230469,43
C,1,6,6,-68.96512603759766,43
C,1,7,7,-66.3576431274414,43
C,1,8,8,-69.69268035888672,43
C,1,9,9,-65.22770690917969,43
C,1,10,10,-69.08197784423828,43
C,1,11,11,-72.81210327148438,43
C,1,12,12,-67.9874038696289,43
C,1,13,13,-64.5640640258789,43
C,1,14,14,-57.998146057128906,43
C,1,15,15,-68.70388793945312,43
C,1,16,16,-76.35346984863281,43
C,1,17,17,-79.5810775756836,43
C,1,18,18,-74.7470474243164,43
C,1,19,19,-66.66732788085938,43
C,1,20,20,-71.14085388183594,43
C,1,21,21,-67.38055419921875,43
C,1,22,22,-72.40359497070312,43
C,1,23,23,-112.06194305419922,43
C,1,24,24,-129.90203857421875,43
C,1,25,25,-143.7798614501953,43
C,1,26,26,-161.8621368408203,43
C,1,27,27,-182.99542236328125,43
C,1,28,28,-193.06915283203125,43
C,1,29,29,-168.342041015625,43
C,1,30,30,-165.21205139160156,43
C,1,31,31,-179.10440063476562,43
C,1,32,32,-174.1942138671875,43
C,1,33,33,-174.1942138671875,43
C,1,34,34,-195.45150756835938,43
C,1,35,35,-187.2139434814453,43
C,1,36,36,-198.59613037109375,43
C,1,37,37,-215.39016723632812,43
C,1,38,38,-356.8814697265625,43
C,1,39,39,-322.3531188964844,43
C,1,40,40,-317.2979736328125,43
C,1,41,41,-240.72457885742188,43
C,1,42,42,-87.87857818603516,43
C,1,43,43,-111.40727996826172,43
C,1,44,44,-19.154930114746094,43
C,1,45,45,54.25956726074219,43
C,1,46,46,102.53887176513672,43
C,1,47,47,99.91102600097656,43
C,1,48,48,159.3807373046875,43
C,1,49,49,218.25787353515625,43
C,1,50,50,264.3749084472656,43
C,1,51,51,236.13409423828125,43
C,1,52,52,234.6129913330078,43
C,1,53,53,241.9760284423828,43
C,1,54,54,241.9760284423828,43
C,1,55,55,254.51515197753906,43
C,1,56,56,260.1088562011719,43
C,1,57,57,262.9923095703125,43
C,1,58,58,318.67340087890625,43
C,1,59,59,589.2615966796875,43
C,1,60,60,663.1370239257812,43
C,1,61,61,652.4088134765625,43
C,1,62,62,737.5205688476562,43
C,1,63,63,663.5446166992188,43
C,1,64,64,703.0723876953125,43
C,1,65,65,858.1500244140625,43
C,1,66,66,868.2893676757812,43
C,1,67,67,843.5778198242188,43
C,1,68,68,875.9386596679688,43
C,1,69,69,936.8645629882812,43
C,1,70,70,774.0922241210938,43
C,1,71,71,588.7628784179688,43
C,1,72,72,632.32958984375,43
C,1,73,73,619.5875854492188,43
C,1,74,74,623.2069091796875,43
C,1,75,75,637.3125610351562,43
C,1,76,76,669.3092041015625,43
C,1,77,77,671.247314453125,43
C,1,78,78,673.812255859375,43
C,1,79,79,853.6217651367188,43
C,1,80,80,1042.5377197265625,43
C,1,81,81,1071.8900146484375,43
C,1,82,82,1053.4998779296875,43
C,1,83,83,1007.2277221679688,43
C,1,84,84,1051.0706787109375,43
C,1,85,85,931.1430053710938,43
C,1,86,86,984.7146606445312,43
C,1,87,87,889.3563842773438,43
C,1,88,88,982.0225830078125,43
C,1,89,89,906.1368408203125,43
C,1,90,90,889.0040893554688,43
C,1,91,91,1058.775390625,43
C,1,92,92,1084.5728759765625,43
C,1,93,93,978.3156127929688,43
C,1,94,94,932.6924438476562,43
C,1,95,95,903.6660766601562,43
C,1,96,96,893.198486328125,43
C,1,97,97,912.1014404296875,43
C,1,98,98,912.1014404296875,43
C,1,99,99,899.4201049804688,43
C,1,100,100,927.4617309570312,43
C,1,101,101,1204.3970947265625,43
C,1,102,102,1195.878173828125,43
C,1,103,103,1220.34716796875,43
C,1,104,104,1241.851318359375,43
C,1,105,105,1283.3089599609375,43
C,1,106,106,1264.1453857421875,43
C,1,107,107,1229.37744140625,43
C,1,108,108,1236.027587890625,43
C,1,109,109,1174.9266357421875,43
C,1,110,110,1227.739501953125,43
C,1,111,111,1230.009521484375,43
C,1,112,112,1300.198486328125,43
C,1,113,113,1227.818603515625,43
C,1,114,114,1220.86572265625,43
C,1,115,115,1237.4197998046875,43
C,1,116,116,1230.0936279296875,43
C,1,117,117,1248.5654296875,43
C,1,118,118,1269.6549072265625,43
C,1,119,119,1269.6549072265625,43
C,1,120,120,1236.860107421875,43
C,1,121,121,1325.7789306640625,43
C,1,122,122,1376.7548828125,43
C,1,123,123,1357.8206787109375,43
C,1,124,124,1360.492431640625,43
C,1,125,125,1324.92626953125,43
C,1,126,126,1365.5765380859375,43
C,1,127,127,1369.2705078125,43
C,1,128,128,1393.824462890625,43
C,1,129,129,1393.1661376953125,43
C,1,130,130,1415.333251953125,43
C,1,131,131,1423.8792724609375,43
C,1,132,132,1443.978271484375,43
C,1,133,133,1363.7003173828125,43
C,1,134,134,1437.2711181640625,43
C,1,135,135,1416.2042236328125,43
C,1,136,136,1420.302490234375,43
C,1,137,137,1403.5823974609375,43
C,1,138,138,1384.89208984375,43
C,1,139,139,1400.4368896484375,43
C,1,140,140,1400.4368896484375,43
C,1,141,141,1399.783203125,43
C,1,142,142,1379.4671630859375,43
C,1,143,143,1453.6370849609375,43
C,1,144,144,1395.2779541015625,43
C,1,145,145,1403.40771484375,43
C,1,146,146,1301.4674072265625,43
C,1,147,147,1375.7838134765625,43
C,1,148,148,1382.4742431640625,43
C,1,149,149,1333.629150390625,43
C,1,150,150,1385.335205078125,43
C,1,151,151,1416.205810546875,43
C,1,152,152,1338.0831298828125,43
C,1,153,153,1257.6959228515625,43
C,1,154,154,1255.524658203125,43
C,1,155,155,1133.204345703125,43
C,1,156,156,1146.965087890625,43
C,1,157,157,1232.37890625,43
C,1,158,158,1249.64111328125,43
C,1,159,159,1241.12158203125,43
C,1,160,160,1219.726318359375,43
C,1,161,161,1211.1129150390625,43
C,1,162,162,1293.73828125,43
C,1,163,163,1323.781982421875,43
C,1,164,164,1423.39892578125,43
C,1,165,165,1348.823974609375,43
C,1,166,166,1334.8109130859375,43
C,1,167,167,1400.0233154296875,43
C,1,168,168,1337.978515625,43
C,1,169,169,1385.830322265625,43
C,1,170,170,1389.6773681640625,43
C,1,171,171,1341.7059326171875,43
C,1,172,172,1376.9158935546875,43
C,1,173,173,1297.19189453125,43
C,1,174,174,1297.2623291015625,43
C,1,175,175,1418.1356201171875,43
C,1,176,176,1406.90673828125,43
C,1,177,177,1396.3055419921875,43
C,1,178,178,1371.2376708984375,43
C,1,179,179,1348.4967041015625,43
C,1,180,180,1371.6192626953125,43
C,1,181,181,1347.5076904296875,43
C,1,182,182,1350.7044677734375,43
C,1,183,183,1388.2625732421875,43
C,1,184,184,1442.4068603515625,43
C,1,185,185,1433.9713134765625,43
C,1,186,186,1444.2298583984375,43
C,1,187,187,1403.221435546875,43
C,1,188,188,1355.396484375,43
C,1,189,189,1375.00634765625,43
C,1,190,190,1256.984619140625,43
C,1,191,191,1242.4337158203125,43
C,1,192,192,1098.8770751953125,43
C,1,193,193,979.2257080078125,43
C,1,194,194,925.8206176757812,43
C,1,195,195,949.7957153320312,43
C,1,196,196,1068.089111328125,43
C,1,197,197,1067.30224609375,43
C,1,198,198,1017.3121337890625,43
C,1,199,199,971.7207641601562,43
C,1,200,200,956.5040283203125,43
C,1,201,201,877.8961791992188,43
C,1,202,202,873.6700439453125,43
C,1,203,203,854.138427734375,43
C,1,204,204,745.03125,43
C,1,205,205,701.9307861328125,43
C,1,206,206,764.7251586914062,43
C,1,207,207,784.412109375,43
C,1,208,208,934.8722534179688,43
C,1,209,209,1175.7840576171875,43
C,1,210,210,1181.945068359375,43
C,1,211,211,1314.512451171875,43
C,1,212,212,1357.3251953125,43
C,1,213,213,1277.9798583984375,43
C,1,214,214,1331.2930908203125,43
C,1,215,215,1370.6485595703125,43
C,1,216,216,1311.4228515625,43
C,1,217,217,1422.66015625,43
C,1,218,218,1387.738037109375,43
C,1,219,219,1392.9385986328125,43
C,1,220,220,1400.0679931640625,43
C,1,221,221,1362.2086181640625,43
C,1,222,222,1290.8543701171875,43
C,1,223,223,1230.5274658203125,43
C,1,224,224,1222.192138671875,43
C,1,225,225,1243.2220458984375,43
C,1,226,226,1382.03369140625,43
C,1,227,227,1297.218505859375,43
C,1,228,228,1339.2239990234375,43
C,1,229,229,1304.81298828125,43
C,1,230,230,1360.4251708984375,43
C,1,231,231,1338.0743408203125,43
C,1,232,232,1443.9830322265625,43
C,1,233,233,1421.740966796875,43
C,1,234,234,1314.081298828125,43
C,1,235,235,1351.18994140625,43
C,1,236,236,1339.500244140625,43
C,1,237,237,1373.15234375,43
C,1,238,238,1323.076171875,43
C,1,239,239,1296.71240234375,43
C,1,240,240,1304.7359619140625,43
C,1,241,241,1299.8153076171875,43
C,1,242,242,1324.8199462890625,43
C,1,243,243,1323.84814453125,43
C,1,244,244,1305.302001953125,43
C,1,245,245,1292.07861328125,43
C,1,246,246,1328.0250244140625,43
C,1,247,247,1417.91748046875,43
C,1,248,248,1363.697265625,43
C,1,249,249,1324.8753662109375,43
C,1,250,250,1330.8785400390625,43
C,1,251,251,1331.623291015625,43
C,1,252,252,1364.321533203125,43
C,1,253,253,1261.8060302734375,43
C,1,254,254,1308.212890625,43
C,1,255,255,1271.68896484375,43
C,1,256,256,1234.81982421875,43
C,1,257,257,1295.25390625,43
C,1,258,258,1269.21630859375,43
C,1,259,259,1232.4320068359375,43
C,1,260,260,1189.7744140625,43
C,1,261,261,1202.5120849609375,43
C,1,262,262,1167.4031982421875,43
C,1,263,263,1124.88671875,43
C,1,264,264,1134.56982421875,43
C,1,265,265,1105.47802734375,43
C,1,266,266,1103.367919921875,43
C,1,267,267,1100.8746337890625,43
C,1,268,268,1065.6846923828125,43
C,1,269,269,1063.4166259765625,43
C,1,270,270,1165.5499267578125,43
C,1,271,271,1180.2662353515625,43
C,1,272,272,1261.5755615234375,43
C,1,273,273,1327.1092529296875,43
C,1,274,274,1290.7982177734375,43
C,1,275,275,1287.0042724609375,43
C,1,276,276,1211.3721923828125,43
C,1,277,277,1220.54833984375,43
C,1,278,278,1299.1910400390625,43
C,1,279,279,1344.656494140625,43
C,1,280,280,1405.08349609375,43
C,1,281,281,1456.8587646484375,43
C,1,282,282,1409.705078125,43
C,1,283,283,1334.9073486328125,43
C,1,284,284,1278.66796875,43
C,1,285,285,1277.43408203125,43
C,1,286,286,1269.2890625,43
C,1,287,287,1229.041015625,43
C,1,288,288,1260.01416015625,43
C,1,289,289,1319.9425048828125,43
C,1,290,290,1278.3172607421875,43
C,1,291,291,1358.46484375,43
C,1,292,292,1402.0185546875,43
C,1,293,293,1314.44189453125,43
C,1,294,294,1321.1220703125,43
C,1,295,295,1317.6871337890625,43
C,1,296,296,1272.281494140625,43
C,1,297,297,1323.4371337890625,43
C,1,298,298,1390.466064453125,43
C,1,299,299,1336.163818359375,43
C,2,175,475,42.96677017211914,43
C,2,176,476,124.33103942871094,43
C,2,177,477,193.90147399902344,43
C,2,178,478,269.0785217285156,43
C,2,179,479,344.62908935546875,43
C,2,180,480,401.44708251953125,43
C,2,181,481,456.628662109375,43
C,2,182,482,537.4661865234375,43
C,2,183,483,601.9378662109375,43
C,2,184,484,658.4896850585938,43
C,2,185,485,653.9824829101562,43
C,2,186,486,765.8682250976562,43
C,2,187,487,814.354248046875,43
C,2,188,488,888.4111938476562,43
C,2,189,489,925.6365356445312,43
C,2,190,490,1048.115966796875,43
C,2,191,491,1006.7665405273438,43
C,2,192,492,1145.380615234375,43
C,2,193,493,1164.0888671875,43
C,2,194,494,1305.46826171875,43
C,2,195,495,1370.5770263671875,43
C,2,196,496,1300.292724609375,43
C,2,197,497,1355.367431640625,43
C,2,198,498,1324.84716796875,43
C,2,199,499,1338.7044677734375,43
C,2,200,500,1336.3995361328125,43
C,2,201,501,1318.1380615234375,43
C,2,202,502,1315.8436279296875,43
C,2,203,503,1219.607421875,43
C,2,204,504,1363.87548828125,43
C,2,205,505,1220.974365234375,43
C,2,206,506,1162.029541015625,43
C,2,207,507,1145.185546875,43
C,2,208,508,1133.87109375,43
C,2,209,509,1106.6048583984375,43
C,2,210,510,1204.653564453125,43
C,2,211,511,1199.6876220703125,43
C,2,212,512,1214.794921875,43
C,2,213,513,1157.166748046875,43
C,2,214,514,1081.3236083984375,43
C,2,215,515,1149.9691162109375,43
C,2,216,516,1149.8436279296875,43
C,2,217,517,1062.207763671875,43
C,2,218,518,1133.4364013671875,43
C,2,219,519,1171.7364501953125,43
C,2,220,520,1192.2056884765625,43
C,2,221,521,1174.6864013671875,43
C,2,222,522,1225.0975341796875,43
C,2,223,523,1234.95556640625,43
C,2,224,524,1287.170654296875,43
C,2,225,525,1274.06103515625,43
C,2,226,526,1204.3441162109375,43
C,2,227,527,1274.7100830078125,43
C,2,228,528,1175.4365234375,43
C,2,229,529,1262.376953125,43
C,2,230,530,1250.429931640625,43
C,2,231,531,1245.6064453125,43
C,2,232,532,1279.6802978515625,43
C,2,233,533,1253.3951416015625,43
C,2,234,534,1235.6484375,43
C,2,235,535,1238.0452880859375,43
C,2,236,536,1267.6617431640625,43
C,2,237,537,1243.0687255859375,43
C,2,238,538,1306.5462646484375,43
C,2,239,539,1319.0228271484375,43
C,2,240,540,1312.8868408203125,43
C,2,241,541,1286.409912109375,43
C,2,242,542,1425.528564453125,43
C,2,243,543,1397.8194580078125,43
C,2,244,544,1394.7381591796875,43
C,2,245,545,1345.1834716796875,43
C,2,246,546,1391.0455322265625,43
C,2,247,547,1395.193359375,43
C,2,248,548,1337.7420654296875,43
C,2,249,549,1335.0819091796875,43
C,2,250,550,1318.56201171875,43
C,2,251,551,1358.830810546875,43
C,2,252,552,1390.7027587890625,43
C,2,253,553,1392.5286865234375,43
C,2,254,554,1440.790283203125,43
C,2,255,555,1443.6563720703125,43
C,2,256,556,1363.5791015625,43
C,2,257,557,1389.5394287109375,43
C,2,258,558,1337.337646484375,43
C,2,259,559,1365.755615234375,43
C,2,260,560,1344.592529296875,43
C,2,261,561,1325.5380859375,43
C,2,262,562,1412.904052734375,43
C,2,263,563,1253.073974609375,43
C,2,264,564,1302.393310546875,43
C,2,265,565,686.637939453125,43
C,2,266,566,735.5380859375,43
C,2,267,567,765.702880859375,43
C,2,268,568,790.1446533203125,43
C,2,269,569,877.6575927734375,43
C,2,270,570,1044.702392578125,43
C,2,271,571,804.8678588867188,43
C,2,272,572,982.4262084960938,43
C,2,273,573,1160.215576171875,43
C,2,274,574,1182.260498046875,43
C,2,275,575,1175.328369140625,43
C,2,276,576,1305.5098876953125,43
C,2,277,577,1319.2802734375,43
C,2,278,578,1379.049072265625,43
C,2,279,579,1315.4124755859375,43
C,2,280,580,1395.780029296875,43
C,2,281,581,1422.671630859375,43
C,2,282,582,1307.741455078125,43
C,2,283,583,1340.794677734375,43
C,2,284,584,1357.0899658203125,43
C,2,285,585,1380.671875,43
C,2,286,586,1402.7027587890625,43
C,2,287,587,1415.680419921875,43
C,2,288,588,1387.7373046875,43
C,2,289,589,1404.390380859375,43
C,2,290,590,1295.284423828125,43
C,2,291,591,1354.850830078125,43
C,2,292,592,1349.642333984375,43
C,2,293,593,1302.480712890625,43
C,2,294,594,1348.178955078125,43
C,2,295,595,1280.8133544921875,43
C,2,296,596,1255.4588623046875,43
C,2,297,597,1312.6756591796875,43
C,2,298,598,1304.663330078125,43
C,2,299,599,1104.490478515625,43
C,2,300,600,1179.972412109375,43
C,2,301,601,1064.65771484375,43
C,2,302,602,1069.857177734375,43
C,2,303,603,1316.45068359375,43
C,2,304,604,1285.6517333984375,43
C,2,305,605,1190.8563232421875,43
C,2,306,606,1317.3883056640625,43
C,2,307,607,1274.03076171875,43
C,2,308,608,1246.508056640625,43
C,2,309,609,1294.2115478515625,43
C,2,310,610,1311.7296142578125,43
C,2,311,611,1271.9395751953125,43
C,2,312,612,1218.49853515625,43
C,2,313,613,1309.7132568359375,43
C,2,314,614,1229.4569091796875,43
C,2,315,615,1199.7763671875,43
C,2,316,616,1204.9283447265625,43
C,2,317,617,1271.125,43
C,2,318,618,1250.239501953125,43
C,2,319,619,1289.9530029296875,43
C,2,320,620,1242.0587158203125,43
C,2,321,621,1241.2044677734375,43
C,2,322,622,1299.0972900390625,43
C,2,323,623,1286.16357421875,43
C,2,324,624,1263.088134765625,43
C,2,325,625,1305.734130859375,43
C,2,326,626,1258.298095703125,43
C,2,327,627,1368.0748291015625,43
C,2,328,628,1180.5091552734375,43
C,2,329,629,1169.0257568359375,43
C,2,330,630,1318.258544921875,43
C,2,331,631,1337.5228271484375,43
C,2,332,632,1389.06494140625,43
C,2,333,633,1250.124755859375,43
C,2,334,634,849.1471557617188,43
C,2,335,635,695.8947143554688,43
C,2,336,636,957.48876953125,43
C,2,337,637,1191.501220703125,43
C,2,338,638,1290.6234130859375,43
C,2,339,639,1147.623779296875,43
C,2,340,640,1101.34326171875,43
C,2,341,641,1332.3326416015625,43
C,2,342,642,1301.7662353515625,43
C,2,343,643,1335.331787109375,43
C,2,344,644,1338.64453125,43
C,2,345,645,1345.024658203125,43
C,2,346,646,1390.8358154296875,43
C,2,347,647,1252.3973388671875,43
C,2,348,648,1374.087646484375,43
C,2,349,649,1363.2919921875,43
C,2,350,650,1141.55908203125,43
C,2,351,651,1256.1763916015625,43
C,2,352,652,1350.5345458984375,43
C,2,353,653,1409.5369873046875,43
C,2,354,654,1360.530517578125,43
C,2,355,655,1331.270751953125,43
C,2,356,656,1352.4151611328125,43
C,2,357,657,1307.73974609375,43
C,2,358,658,1302.6434326171875,43
C,2,359,659,1326.08056640625,43
C,2,360,660,1349.8546142578125,43
C,2,361,661,1383.509765625,43
C,2,362,662,1311.7911376953125,43
C,2,363,663,1346.1728515625,43
C,2,364,664,1247.2452392578125,43
C,2,365,665,1342.1297607421875,43
C,2,366,666,1358.384765625,43
C,2,367,667,1326.6983642578125,43
C,2,368,668,1332.4388427734375,43
C,2,369,669,1282.07470703125,43
C,2,370,670,1303.3724365234375,43
C,2,371,671,1256.5948486328125,43
C,2,372,672,1284.66796875,43
C,2,373,673,1259.8040771484375,43
C,2,374,674,1273.871826171875,43
C,2,375,675,1242.545654296875,43
C,2,376,676,1301.230712890625,43
C,2,377,677,1327.2384033203125,43
C,2,378,678,1259.0692138671875,43
C,2,379,679,1273.6729736328125,43
C,2,380,680,1367.9351806640625,43
C,2,381,681,1252.5546875,43
C,2,382,682,1281.8187255859375,43
C,2,383,683,1347.3544921875,43
C,2,384,684,1284.7867431640625,43
C,2,385,685,1246.2288818359375,43
C,2,386,686,1294.5789794921875,43
C,2,387,687,1301.6488037109375,43
C,2,388,688,1305.617431640625,43
C,2,389,689,1315.501708984375,43
C,2,390,690,1342.498291015625,43
C,2,391,691,1354.9451904296875,43
C,2,392,692,1315.0628662109375,43
C,2,393,693,1366.7069091796875,43
C,2,394,694,1356.7740478515625,43
C,2,395,695,1366.842529296875,43
C,2,396,696,1278.9349365234375,43
C,2,397,697,1349.3328857421875,43
C,2,398,698,1297.9012451171875,43
C,2,399,699,1325.69580078125,43
C,2,400,700,1327.8194580078125,43
C,2,401,701,1242.382080078125,43
C,2,402,702,1339.494140625,43
C,2,403,703,1319.8609619140625,43
C,2,404,704,1304.811279296875,43
C,2,405,705,1332.8974609375,43
C,2,406,706,1233.220947265625,43
C,2,407,707,1252.931396484375,43
C,2,408,708,1234.264892578125,43
C,2,409,709,1280.1829833984375,43
C,2,410,710,1302.316650390625,43
C,2,411,711,1248.7403564453125,43
C,2,412,712,1257.9764404296875,43
C,2,413,713,1316.907470703125,43
C,2,414,714,1326.9161376953125,43
C,2,415,715,1307.4962158203125,43
C,2,416,716,1373.7791748046875,43
C,2,417,717,1241.56494140625,43
C,2,418,718,1332.8507080078125,43
C,2,419,719,1304.6214599609375,43
C,2,420,720,1324.5396728515625,43
C,2,421,721,1318.64306640625,43
C,2,422,722,1356.767578125,43
C,2,423,723,1402.458251953125,43
C,2,424,724,1386.52978515625,43
C,2,425,725,1373.3902587890625,43
C,2,426,726,1318.9683837890625,43
C,2,427,727,1444.287109375,43
C,2,428,728,1413.3709716796875,43
C,2,429,729,1427.9285888671875,43
C,2,430,730,1284.7117919921875,43
C,2,431,731,1414.424072265625,43
C,2,432,732,1393.048828125,43
C,2,433,733,1408.0457763671875,43
C,2,434,734,1297.5836181640625,43
C,2,435,735,1401.0665283203125,43
C,2,436,736,1383.03076171875,43
C,2,437,737,1375.1131591796875,43
C,2,438,738,1365.0657958984375,43
C,2,439,739,1313.3468017578125,43
C,2,440,740,1307.695556640625,43
C,2,441,741,1375.3353271484375,43
C,2,442,742,1291.1483154296875,43
C,2,443,743,1303.874755859375,43
C,2,444,744,1288.4078369140625,43
C,2,445,745,1226.66552734375,43
C,2,446,746,1257.9305419921875,43
C,2,447,747,1248.6431884765625,43
C,2,448,748,1178.3631591796875,43
C,2,449,749,1257.05224609375,43
C,2,450,750,1178.047119140625,43
C,2,451,751,1234.8321533203125,43
C,2,452,752,1141.133544921875,43
C,2,453,753,1251.49853515625,43
C,2,454,754,1161.9693603515625,43
C,2,455,755,1174.71240234375,43
C,2,456,756,1162.2728271484375,43
C,2,457,757,1184.36474609375,43
C,2,458,758,1168.3287353515625,43
C,2,459,759,1215.3929443359375,43
C,2,460,760,1147.2943115234375,43
C,2,461,761,1256.4697265625,43
C,2,462,762,1219.790283203125,43
C,2,463,763,1269.0948486328125,43
C,2,464,764,1295.421630859375,43
C,2,465,765,1232.1416015625,43
C,2,466,766,1249.6627197265625,43
C,2,467,767,1238.9075927734375,43
C,2,468,768,1279.788818359375,43
C,2,469,769,1240.075927734375,43
C,2,470,770,1338.5040283203125,43
C,2,471,771,1330.5360107421875,43
C,2,472,772,1286.7471923828125,43
C,2,473,773,1282.83056640625,43
C,2,474,774,1349.95751953125,43
C,2,475,775,1308.6468505859375,43
C,2,476,776,1325.694580078125,43
C,2,477,777,1333.82421875,43
C,2,478,778,1228.0386962890625,43
C,2,479,779,1280.5682373046875,43
C,2,480,780,1289.8309326171875,43
C,2,481,781,1299.8729248046875,43
C,2,482,782,1335.493896484375,43
C,2,483,783,1370.2060546875,43
C,2,484,784,1290.7564697265625,43
C,2,485,785,1312.69287109375,43
C,2,486,786,1341.2333984375,43
C,2,487,787,1277.2412109375,43
C,2,488,788,1274.276611328125,43
C,2,489,789,1220.2093505859375,43
C,2,490,790,1360.1390380859375,43
C,2,491,791,1262.0662841796875,43
C,2,492,792,1336.8160400390625,43
C,2,493,793,1289.23876953125,43
C,2,494,794,1258.0804443359375,43
C,2,495,795,1289.178466796875,43
C,2,496,796,1264.2294921875,43
C,2,497,797,1332.4013671875,43
C,2,498,798,1279.8580322265625,43
C,2,499,799,1306.689208984375,43
C,2,500,800,1307.78662109375,43
C,2,501,801,1387.841552734375,43
C,2,502,802,1328.4156494140625,43
C,2,503,803,1373.1414794921875,43
C,2,504,804,1324.51318359375,43
C,2,505,805,1381.224609375,43
C,2,506,806,1359.48828125,43
C,2,507,807,1328.149169921875,43
C,2,508,808,1406.4183349609375,43
C,2,509,809,1311.0611572265625,43
C,2,510,810,1344.2066650390625,43
C,2,511,811,1423.9710693359375,43
C,2,512,812,1345.267333984375,43
C,2,513,813,1423.4705810546875,43
C,2,514,814,1407.747314453125,43
C,2,515,815,1372.8521728515625,43
C,2,516,816,1362.781494140625,43
C,2,517,817,1374.3502197265625,43
C,2,518,818,1420.692626953125,43
C,2,519,819,1416.7501220703125,43
C,2,520,820,1315.7197265625,43
C,2,521,821,1336.0850830078125,43
C,2,522,822,1343.35595703125,43
C,2,523,823,1363.3568115234375,43
C,2,524,824,1300.76806640625,43
C,3,400,1225,40.80424880981445,43
C,3,401,1226,125.24279022216797,43
C,3,402,1227,204.42080688476562,43
C,3,403,1228,257.33026123046875,43
C,3,404,1229,299.9642639160156,43
C,3,405,1230,375.5728759765625,43
C,3,406,1231,454.83447265625,43
C,3,407,1232,491.9092102050781,43
C,3,408,1233,570.5482177734375,43
C,3,409,1234,618.3240966796875,43
C,3,410,1235,654.8656005859375,43
C,3,411,1236,753.5435791015625,43
C,3,412,1237,841.5863647460938,43
C,3,413,1238,904.0286254882812,43
C,3,414,1239,926.4197998046875,43
C,3,415,1240,962.0435180664062,43
C,3,416,1241,1033.72900390625,43
C,3,417,1242,1113.66943359375,43
C,3,418,1243,1174.71630859375,43
C,3,419,1244,1127.608154296875,43
C,3,420,1245,1272.5155029296875,43
C,3,421,1246,1243.64013671875,43
C,3,422,1247,1195.220703125,43
C,3,423,1248,1359.075439453125,43
C,3,424,1249,1219.4422607421875,43
C,3,425,1250,1345.102294921875,43
C,3,426,1251,1244.67529296875,43
C,3,427,1252,1305.6778564453125,43
C,3,428,1253,1282.772216796875,43
C,3,429,1254,1357.281494140625,43
C,3,430,1255,1301.673828125,43
C,3,431,1256,1346.1373291015625,43
C,3,432,1257,1270.7174072265625,43
C,3,433,1258,1324.93603515625,43
C,3,434,1259,1340.166259765625,43
C,3,435,1260,1307.3890380859375,43
C,3,436,1261,1290.7633056640625,43
C,3,437,1262,1339.023193359375,43
C,3,438,1263,1382.9049072265625,43
C,3,439,1264,1273.683349609375,43
C,3,440,1265,1244.0750732421875,43
C,3,441,1266,1303.7711181640625,43
C,3,442,1267,1276.60302734375,43
C,3,443,1268,1321.0718994140625,43
C,3,444,1269,1385.154541015625,43
C,3,445,1270,1311.732177734375,43
C,3,446,1271,1300.0728759765625,43
C,3,447,1272,1284.9156494140625,43
C,3,448,1273,1295.287353515625,43
C,3,449,1274,1338.1834716796875,43
C,3,450,1275,1307.7393798828125,43
C,3,451,1276,1303.9244384765625,43
C,3,452,1277,1274.6536865234375,43
C,3,453,1278,1302.4974365234375,43
C,3,454,1279,1301.22216796875,43
C,3,455,1280,1299.99560546875,43
C,3,456,1281,1274.5511474609375,43
C,3,457,1282,1237.782470703125,43
C,3,458,1283,1286.6531982421875,43
C,3,459,1284,1333.927978515625,43
C,3,460,1285,1265.6041259765625,43
C,3,461,1286,1241.4091796875,43
C,3,462,1287,1268.704345703125,43
C,3,463,1288,1295.5498046875,43
C,3,464,1289,1350.5518798828125,43
C,3,465,1290,1283.2847900390625,43
C,3,466,1291,1326.9393310546875,43
C,3,467,1292,1265.45166015625,43
C,3,468,1293,1218.6083984375,43
C,3,469,1294,1194.5032958984375,43
C,3,470,1295,1214.448486328125,43
C,3,471,1296,1245.561279296875,43
C,3,472,1297,1140.7191162109375,43
C,3,473,1298,1190.754150390625,43
C,3,474,1299,1189.9725341796875,43
C,3,475,1300,1180.1591796875,43
C,3,476,1301,1231.337158203125,43
C,3,477,1302,1196.204345703125,43
C,3,478,1303,1100.0289306640625,43
C,3,479,1304,1119.008544921875,43
C,3,480,1305,1203.0284423828125,43
C,3,481,1306,1088.1268310546875,43
C,3,482,1307,1107.05517578125,43
C,3,483,1308,1146.68115234375,43
C,3,484,1309,1266.6441650390625,43
C,3,485,1310,1233.159912109375,43
C,3,486,1311,1334.79443359375,43
C,3,487,1312,1306.6064453125,43
C,3,488,1313,1379.269775390625,43
C,3,489,1314,1363.450439453125,43
C,3,490,1315,1295.7564697265625,43
C,3,491,1316,1309.256103515625,43
C,3,492,1317,1229.408935546875,43
C,3,493,1318,1297.3795166015625,43
C,3,494,1319,1304.3402099609375,43
C,3,495,1320,1251.5400390625,43
C,3,496,1321,1260.056884765625,43
C,3,497,1322,1239.2596435546875,43
C,3,498,1323,1298.5064697265625,43
C,3,499,1324,1291.0751953125,43
C,3,500,1325,1290.9776611328125,43
C,3,501,1326,1286.2147216796875,43
C,3,502,1327,1256.3316650390625,43
C,3,503,1328,1258.2552490234375,43
C,3,504,1329,1275.4400634765625,43
C,3,505,1330,1279.9180908203125,43
C,3,506,1331,1285.13232421875,43
C,3,507,1332,1219.5155029296875,43
C,3,508,1333,1278.3109130859375,43
C,3,509,1334,1193.517822265625,43
C,3,510,1335,1254.949462890625,43
C,3,511,1336,1205.8052978515625,43
C,3,512,1337,1248.5782470703125,43
C,3,513,1338,1262.35888671875,43
C,3,514,1339,1236.2442626953125,43
C,3,515,1340,1196.478759765625,43
C,3,516,1341,1211.2822265625,43
C,3,517,1342,1152.6339111328125,43
C,3,518,1343,1194.3463134765625,43
C,3,519,1344,1110.9046630859375,43
C,3,520,1345,1149.1605224609375,43
C,3,521,1346,1228.2332763671875,43
C,3,522,1347,1145.6346435546875,43
C,3,523,1348,1183.260009765625,43
C,3,524,1349,1172.16357421875,43
C,3,525,1350,1082.130615234375,43
C,3,526,1351,1100.1275634765625,43
C,3,527,1352,1153.668212890625,43
C,3,528,1353,999.2587280273438,43
C,3,529,1354,1038.6505126953125,43
C,3,530,1355,1063.5174560546875,43
C,3,531,1356,1102.6658935546875,43
C,3,532,1357,1132.275634765625,43
C,3,533,1358,1186.28515625,43
C,3,534,1359,1149.842041015625,43
C,3,535,1360,1110.25390625,43
C,3,536,1361,1136.9842529296875,43
C,3,537,1362,1120.40869140625,43
C,3,538,1363,1153.4686279296875,43
C,3,539,1364,1075.189697265625,43
C,3,540,1365,579.2669677734375,43
C,3,541,1366,643.8179321289062,43
C,3,542,1367,740.689208984375,43
C,3,543,1368,964.1312866210938,43
C,3,544,1369,970.8190307617188,43
C,3,545,1370,1167.2333984375,43
C,3,546,1371,1198.5404052734375,43
C,3,547,1372,1235.4324951171875,43
C,3,548,1373,1254.2547607421875,43
C,3,549,1374,1339.4185791015625,43
C,3,550,1375,1177.8792724609375,43
C,3,551,1376,1237.909423828125,43
C,3,552,1377,1244.4954833984375,43
C,3,553,1378,1323.0147705078125,43
C,3,554,1379,1301.384521484375,43
C,3,555,1380,1258.41845703125,43
C,3,556,1381,1251.8203125,43
C,3,557,1382,1241.9542236328125,43
C,3,558,1383,1187.441650390625,43
C,3,559,1384,1307.6839599609375,43
C,3,560,1385,1259.017822265625,43
C,3,561,1386,1319.915771484375,43
C,3,562,1387,1246.9703369140625,43
C,3,563,1388,1219.3001708984375,43
C,3,564,1389,1214.265380859375,43
C,3,565,1390,1281.6649169921875,43
C,3,566,1391,1277.16455078125,43
C,3,567,1392,1280.6966552734375,43
C,3,568,1393,1291.1614990234375,43
C,3,569,1394,1275.6871337890625,43
C,3,570,1395,1245.8316650390625,43
C,3,571,1396,1355.6295166015625,43
C,3,572,1397,1225.5439453125,43
C,3,573,1398,1259.3201904296875,43
C,3,574,1399,1301.68310546875,43
C,3,575,1400,1258.1953125,43
C,3,576,1401,1277.3494873046875,43
C,3,577,1402,1330.630615234375,43
C,3,578,1403,1305.478515625,43
C,3,579,1404,1335.4149169921875,43
C,3,580,1405,1281.5677490234375,43
C,3,581,1406,1293.787353515625,43
C,3,582,1407,1308.61962890625,43
C,3,583,1408,1281.20947265625,43
C,3,584,1409,1253.9229736328125,43
C,3,585,1410,1328.60498046875,43
C,3,586,1411,1315.25341796875,43
C,3,587,1412,1398.3612060546875,43
C,3,588,1413,1294.5074462890625,43
C,3,589,1414,1196.11865234375,43
C,3,590,1415,1298.125732421875,43
C,3,591,1416,1275.477783203125,43
C,3,592,1417,1279.501708984375,43
C,3,593,1418,1271.4683837890625,43
C,3,594,1419,1260.4920654296875,43
C,3,595,1420,1238.3614501953125,43
C,3,596,1421,1308.2626953125,43
C,3,597,1422,1226.208251953125,43
C,3,598,1423,1156.8619384765625,43
C,3,599,1424,1275.82275390625,43
C,4,599,2024,13.165775299072266,43
C,4,600,2025,60.53601837158203,43
C,4,601,2026,131.21827697753906,43
C,4,602,2027,212.5746612548828,43
C,4,603,2028,276.65704345703125,43
C,4,604,2029,327.42816162109375,43
C,4,605,2030,374.5472106933594,43
C,4,606,2031,432.93817138671875,43
C,4,607,2032,436.4151306152344,43
C,4,608,2033,504.0061340332031,43
C,4,609,2034,519.633544921875,43
C,4,610,2035,634.0242919921875,43
C,4,611,2036,628.3458251953125,43
C,4,612,2037,650.0665283203125,43
C,4,613,2038,801.7665405273438,43
C,4,614,2039,783.3172607421875,43
C,4,615,2040,886.6473388671875,43
C,4,616,2041,952.5794677734375,43
C,4,617,2042,1007.6378173828125,43
C,4,618,2043,1028.879638671875,43
C,4,619,2044,1210.3756103515625,43
C,4,620,2045,1046.6556396484375,43
C,4,621,2046,1128.8438720703125,43
C,4,622,2047,1146.73486328125,43
C,4,623,2048,1169.2520751953125,43
C,4,624,2049,1163.14111328125,43
C,4,625,2050,1184.524169921875,43
C,4,626,2051,1188.8958740234375,43
C,4,627,2052,1175.7135009765625,43
C,4,628,2053,1219.6085205078125,43
C,4,629,2054,1156.5108642578125,43
C,4,630,2055,1203.20458984375,43
C,4,631,2056,1217.7838134765625,43
C,4,632,2057,1088.537109375,43
C,4,633,2058,1210.6085205078125,43
C,4,634,2059,1218.4764404296875,43
C,4,635,2060,1238.93896484375,43
C,4,636,2061,1254.50830078125,43
C,4,637,2062,1216.0626220703125,43
C,4,638,2063,1275.959228515625,43
C,4,639,2064,1130.481201171875,43
C,4,640,2065,1167.275146484375,43
C,4,641,2066,1251.7901611328125,43
C,4,642,2067,1195.9951171875,43
C,4,643,2068,1185.0194091796875,43
C,4,644,2069,1141.87890625,43
C,4,645,2070,1160.53955078125,43
C,4,646,2071,1242.4522705078125,43
C,4,647,2072,1171.3709716796875,43
C,4,648,2073,1190.6651611328125,43
C,4,649,2074,1193.2886962890625,43
C,4,650,2075,1155.4852294921875,43
C,4,651,2076,1181.37939453125,43
C,4,652,2077,1162.991455078125,43
C,4,653,2078,1244.0550537109375,43
C,4,654,2079,1112.7696533203125,43
C,4,655,2080,1200.2010498046875,43
C,4,656,2081,1143.864501953125,43
C,4,657,2082,1208.2655029296875,43
C,4,658,2083,957.9821166992188,43
C,4,659,2084,1012.7001953125,43
C,4,660,2085,985.740966796875,43
C,4,661,2086,1125.8369140625,43
C,4,662,2087,1156.8599853515625,43
C,4,663,2088,1251.142822265625,43
C,4,664,2089,1117.4918212890625,43
C,4,665,2090,1158.886474609375,43
C,4,666,2091,1222.18359375,43
C,4,667,2092,1179.0166015625,43
C,4,668,2093,1239.46337890625,43
C,4,669,2094,1192.105712890625,43
C,4,670,2095,1170.22705078125,43
C,4,671,2096,1206.3592529296875,43
C,4,672,2097,1251.857666015625,43
C,4,673,2098,1187.8489990234375,43
C,4,674,2099,1185.5318603515625,43
C,4,675,2100,1228.4608154296875,43
C,4,676,2101,1237.362060546875,43
C,4,677,2102,1297.312255859375,43
C,4,678,2103,1245.2681884765625,43
C,4,679,2104,1164.548583984375,43
C,4,680,2105,1176.0828857421875,43
C,4,681,2106,1197.41259765625,43
C,4,682,2107,1189.71630859375,43
C,4,683,2108,1191.03857421875,43
C,4,684,2109,1163.850341796875,43
C,4,685,2110,1152.0928955078125,43
C,4,686,2111,1240.7855224609375,43
C,4,687,2112,1133.290771484375,43
C,4,688,2113,1214.367919921875,43
C,4,689,2114,932.7728271484375,43
C,4,690,2115,1065.1209716796875,43
C,4,691,2116,1056.6705322265625,43
C,4,692,2117,925.6098022460938,43
C,4,693,2118,935.141357421875,43
C,4,694,2119,948.89404296875,43
C,4,695,2120,982.9066162109375,43
C,4,696,2121,1003.5526123046875,43
C,4,697,2122,1019.9366455078125,43
C,4,698,2123,1065.0465087890625,43
C,4,699,2124,974.0052490234375,43
C,4,700,2125,1063.2620849609375,43
C,4,701,2126,1125.87060546875,43
C,4,702,2127,1004.0997924804688,43
C,4,703,2128,976.0963134765625,43
C,4,704,2129,1059.5966796875,43
C,4,705,2130,1039.7674560546875,43
C,4,706,2131,1096.021728515625,43
C,4,707,2132,1103.6328125,43
C,4,708,2133,1038.357666015625,43
C,4,709,2134,1030.10791015625,43
C,4,710,2135,1093.9476318359375,43
C,4,711,2136,1176.2210693359375,43
C,4,712,2137,1134.5025634765625,43
C,4,713,2138,1102.0316162109375,43
C,4,714,2139,1233.6697998046875,43
C,4,715,2140,1043.113037109375,43
C,4,716,2141,1101.81640625,43
C,4,717,2142,1209.4549560546875,43
C,4,718,2143,1075.5205078125,43
C,4,719,2144,1265.3143310546875,43
C,4,720,2145,1139.9171142578125,43
C,4,721,2146,1227.8995361328125,43
C,4,722,2147,1168.875,43
C,4,723,2148,1191.6851806640625,43
C,4,724,2149,1123.465087890625,43
C,4,725,2150,1120.5225830078125,43
C,4,726,2151,1117.588134765625,43
C,4,727,2152,1191.209716796875,43
C,4,728,2153,1165.4342041015625,43
C,4,729,2154,1210.8330078125,43
C,4,730,2155,1141.1732177734375,43
C,4,731,2156,1083.1998291015625,43
C,4,732,2157,1164.8089599609375,43
C,4,733,2158,1164.8841552734375,43
C,4,734,2159,1163.51513671875,43
C,4,735,2160,1163.6529541015625,43
C,4,736,2161,1248.47412109375,43
C,4,737,2162,1234.4906005859375,43
C,4,738,2163,1223.5045166015625,43
C,4,739,2164,1268.250244140625,43
C,4,740,2165,1186.9951171875,43
C,4,741,2166,1191.0595703125,43
C,4,742,2167,1242.0362548828125,43
C,4,743,2168,1115.0462646484375,43
C,4,744,2169,1164.315185546875,43
C,4,745,2170,1187.5709228515625,43
C,4,746,2171,1188.754150390625,43
C,4,747,2172,1218.6490478515625,43
C,4,748,2173,1160.3228759765625,43
C,4,749,2174,1152.4053955078125,43
C,4,750,2175,1108.2174072265625,43
C,4,751,2176,1195.388427734375,43
C,4,752,2177,1119.8309326171875,43
C,4,753,2178,1158.9666748046875,43
C,4,754,2179,1206.84326171875,43
C,4,755,2180,1205.13525390625,43
C,4,756,2181,1203.59619140625,43
C,4,757,2182,1192.5146484375,43
C,4,758,2183,1156.33837890625,43
C,4,759,2184,1171.0555419921875,43
C,4,760,2185,1194.9744873046875,43
C,4,761,2186,1263.5394287109375,43
C,4,762,2187,1133.84326171875,43
C,4,763,2188,1246.299072265625,43
C,4,764,2189,1189.3109130859375,43
C,4,765,2190,1194.8048095703125,43
C,4,766,2191,1169.8848876953125,43
C,4,767,2192,1242.8538818359375,43
C,4,768,2193,1243.92236328125,43
C,4,769,2194,1167.46533203125,43
C,4,770,2195,1162.5252685546875,43
C,4,771,2196,1200.364990234375,43
C,4,772,2197,1220.0799560546875,43
C,4,773,2198,1147.357421875,43
C,4,774,2199,1248.433349609375,43
C,4,775,2200,1208.5706787109375,43
C,4,776,2201,1198.3265380859375,43
C,4,777,2202,1269.907470703125,43
C,4,778,2203,1285.244873046875,43
C,4,779,2204,1213.82177734375,43
C,4,780,2205,1201.2784423828125,43
C,4,781,2206,1186.5521240234375,43
C,4,782,2207,1220.0506591796875,43
C,4,783,2208,1162.5855712890625,43
C,4,784,2209,1195.7734375,43
C,4,785,2210,1216.3182373046875,43
C,4,786,2211,1195.8106689453125,43
C,4,787,2212,1251.7686767578125,43
C,4,788,2213,1193.339599609375,43
C,4,789,2214,1219.1005859375,43
C,4,790,2215,1254.6773681640625,43
C,4,791,2216,1201.444580078125,43
C,4,792,2217,1241.305908203125,43
C,4,793,2218,1156.34326171875,43
C,4,794,2219,1191.0799560546875,43
C,4,795,2220,1135.6834716796875,43
C,4,796,2221,1274.9132080078125,43
C,4,797,2222,1221.6990966796875,43
C,4,798,2223,1165.1859130859375,43
C,4,799,2224,1201.8216552734375,43
C,4,800,2225,1241.79052734375,43
C,4,801,2226,1210.6922607421875,43
C,4,802,2227,1133.7138671875,43
C,4,803,2228,1184.763427734375,43
C,4,804,2229,1254.240966796875,43
C,4,805,2230,1228.770263671875,43
C,4,806,2231,1211.0338134765625,43
C,4,807,2232,1215.6171875,43
C,4,808,2233,1227.7828369140625,43
C,4,809,2234,1239.25439453125,43
C,4,810,2235,1206.7542724609375,43
C,4,811,2236,1292.5523681640625,43
C,4,812,2237,1257.382080078125,43
C,4,813,2238,1263.291259765625,43
C,4,814,2239,1200.6544189453125,43
C,4,815,2240,1197.5712890625,43
C,4,816,2241,1201.05419921875,43
C,4,817,2242,1182.077392578125,43
C,4,818,2243,1175.239990234375,43
C,4,819,2244,1187.5302734375,43
C,4,820,2245,1145.4586181640625,43
C,4,821,2246,1124.2388916015625,43
C,4,822,2247,1055.8702392578125,43
C,4,823,2248,881.1890869140625,43
C,4,824,2249,856.0760498046875,43
C,4,825,2250,1044.7825927734375,43
C,4,826,2251,1144.605712890625,43
C,4,827,2252,1116.1279296875,43
C,4,828,2253,1238.0491943359375,43
C,4,829,2254,1178.80908203125,43
C,4,830,2255,1125.7552490234375,43
C,4,831,2256,1145.9007568359375,43
C,4,832,2257,1218.3343505859375,43
C,4,833,2258,1282.89013671875,43
C,4,834,2259,1221.7236328125,43
C,4,835,2260,1245.7691650390625,43
C,4,836,2261,1156.011474609375,43
C,4,837,2262,1188.211181640625,43
C,4,838,2263,1188.32763671875,43
C,4,839,2264,1153.7091064453125,43
C,4,840,2265,1139.6182861328125,43
C,4,841,2266,1052.6019287109375,43
C,4,842,2267,1094.5079345703125,43
C,4,843,2268,1177.1729736328125,43
C,4,844,2269,1138.2916259765625,43
C,4,845,2270,1241.75439453125,43
C,4,846,2271,1114.7738037109375,43
C,4,847,2272,1195.798828125,43
C,4,848,2273,1191.7264404296875,43
C,5,800,3074,43.14542770385742,43
C,5,801,3075,106.69522857666016,43
C,5,802,3076,150.3107147216797,43
C,5,803,3077,233.69436645507812,43
C,5,804,3078,295.653076171875,43
C,5,805,3079,364.4875793457031,43
C,5,806,3080,411.6242370605469,43
C,5,807,3081,455.44073486328125,43
C,5,808,3082,514.6831665039062,43
C,5,809,3083,590.0480346679688,43
C,5,810,3084,615.8256225585938,43
C,5,811,3085,637.5789184570312,43
C,5,812,3086,769.0220336914062,43
C,5,813,3087,707.9267578125,43
C,5,814,3088,877.3989868164062,43
C,5,815,3089,928.2193603515625,43
C,5,816,3090,925.1611938476562,43
C,5,817,3091,1082.25439453125,43
C,5,818,3092,1084.6536865234375,43
C,5,819,3093,1110.3775634765625,43
C,5,820,3094,1178.6640625,43
C,5,821,3095,1122.8311767578125,43
C,5,822,3096,1191.42138671875,43
C,5,823,3097,1174.611572265625,43
C,5,824,3098,1163.36865234375,43
C,5,825,3099,1114.400390625,43
C,5,826,3100,1223.26123046875,43
C,5,827,3101,1203.5677490234375,43
C,5,828,3102,1165.69580078125,43
C,5,829,3103,1292.845458984375,43
C,5,830,3104,1261.068359375,43
C,5,831,3105,1253.3699951171875,43
C,5,832,3106,1197.08740234375,43
C,5,833,3107,1173.5810546875,43
C,5,834,3108,1227.319580078125,43
C,5,835,3109,1214.2559814453125,43
C,5,836,3110,1240.2977294921875,43
C,5,837,3111,1225.4342041015625,43
C,5,838,3112,1215.666259765625,43
C,5,839,3113,1307.4781494140625,43
C,5,840,3114,1171.1383056640625,43
C,5,841,3115,1252.3544921875,43
C,5,842,3116,1176.8800048828125,43
C,5,843,3117,1185.2115478515625,43
C,5,844,3118,1258.6497802734375,43
C,5,845,3119,1204.4093017578125,43
C,5,846,3120,1177.13720703125,43
C,5,847,3121,1157.6925048828125,43
C,5,848,3122,1234.1951904296875,43
C,5,849,3123,1201.54150390625,43
C,5,850,3124,1208.654052734375,43
C,5,851,3125,1245.3165283203125,43
C,5,852,3126,1279.7108154296875,43
C,5,853,3127,1183.3336181640625,43
C,5,854,3128,1197.9393310546875,43
C,5,855,3129,1163.1744384765625,43
C,5,856,3130,1241.318603515625,43
C,5,857,3131,1226.546630859375,43
C,5,858,3132,1260.4154052734375,43
C,5,859,3133,1141.3648681640625,43
C,5,860,3134,1210.726318359375,43
C,5,861,3135,1123.6163330078125,43
C,5,862,3136,1276.99560546875,43
C,5,863,3137,1172.31298828125,43
C,5,864,3138,1191.9818115234375,43
C,5,865,3139,1199.9361572265625,43
C,5,866,3140,1152.6693115234375,43
C,5,867,3141,1185.4730224609375,43
C,5,868,3142,1108.608154296875,43
C,5,869,3143,1157.745849609375,43
C,5,870,3144,1233.2772216796875,43
C,5,871,3145,1147.765625,43
C,5,872,3146,1174.706298828125,43
C,5,873,3147,879.5271606445312,43
C,5,874,3148,784.5446166992188,43
C,5,875,3149,849.8497314453125,43
C,5,876,3150,910.8179321289062,43
C,5,877,3151,973.8303833007812,43
C,5,878,3152,1022.7400512695312,43
C,5,879,3153,1044.125244140625,43
C,5,880,3154,1105.7138671875,43
C,5,881,3155,1091.7144775390625,43
C,5,882,3156,1169.462158203125,43
C,5,883,3157,1116.0643310546875,43
C,5,884,3158,1180.823974609375,43
C,5,885,3159,1151.44970703125,43
C,5,886,3160,1143.4324951171875,43
C,5,887,3161,1183.496826171875,43
C,5,888,3162,1196.963623046875,43
C,5,889,3163,1054.808837890625,43
C,5,890,3164,1145.233154296875,43
C,5,891,3165,1147.0328369140625,43
C,5,892,3166,1200.2750244140625,43
C,5,893,3167,1198.0369873046875,43
C,5,894,3168,1209.5556640625,43
C,5,895,3169,1244.7611083984375,43
C,5,896,3170,1186.5936279296875,43
C,5,897,3171,1191.621337890625,43
C,5,898,3172,1238.2369384765625,43
C,5,899,3173,1135.0057373046875,43
C,5,900,3174,1191.2296142578125,43
C,5,901,3175,1185.1173095703125,43
C,5,902,3176,1177.1290283203125,43
C,5,903,3177,1164.9246826171875,43
C,5,904,3178,1195.360107421875,43
C,5,905,3179,1164.7379150390625,43
C,5,906,3180,1206.998779296875,43
C,5,907,3181,1173.0799560546875,43
C,5,908,3182,1178.7333984375,43
C,5,909,3183,1119.615234375,43
C,5,910,3184,1150.439453125,43
C,5,911,3185,1209.81982421875,43
C,5,912,3186,1146.234130859375,43
C,5,913,3187,1152.415771484375,43
C,5,914,3188,1198.3675537109375,43
C,5,915,3189,1171.945068359375,43
C,5,916,3190,1246.056640625,43
C,5,917,3191,1185.3905029296875,43
C,5,918,3192,1139.2100830078125,43
C,5,919,3193,1173.9300537109375,43
C,5,920,3194,1171.7733154296875,43
C,5,921,3195,1154.1395263671875,43
C,5,922,3196,1063.5029296875,43
C,5,923,3197,1078.1976318359375,43
C,5,924,3198,1156.37255859375,43
C,5,925,3199,1103.3662109375,43
C,5,926,3200,1088.7962646484375,43
C,5,927,3201,1066.674072265625,43
C,5,928,3202,975.998046875,43
C,5,929,3203,1014.48583984375,43
C,5,930,3204,1096.151123046875,43
C,5,931,3205,1081.178955078125,43
C,5,932,3206,1175.998291015625,43
C,5,933,3207,1090.9852294921875,43
C,5,934,3208,1131.2353515625,43
C,5,935,3209,1147.9219970703125,43
C,5,936,3210,1093.7852783203125,43
C,5,937,3211,1077.3717041015625,43
C,5,938,3212,1105.998779296875,43
C,5,939,3213,871.2691040039062,43
C,5,940,3214,1099.20849609375,43
C,5,941,3215,990.6377563476562,43
C,5,942,3216,1029.9840087890625,43
C,5,943,3217,944.4520874023438,43
C,5,944,3218,1040.357421875,43
C,5,945,3219,970.6509399414062,43
C,5,946,3220,1143.0322265625,43
C,5,947,3221,1051.4161376953125,43
C,5,948,3222,1179.0064697265625,43
C,5,949,3223,1146.5045166015625,43
C,5,950,3224,1113.024169921875,43
C,5,951,3225,1168.5380859375,43
C,5,952,3226,1177.5914306640625,43
C,5,953,3227,1219.8349609375,43
C,5,954,3228,1277.6558837890625,43
C,5,955,3229,1239.5484619140625,43
C,5,956,3230,1157.4447021484375,43
C,5,957,3231,1151.5794677734375,43
C,5,958,3232,1246.175048828125,43
C,5,959,3233,1100.8458251953125,43
C,5,960,3234,1242.595947265625,43
C,5,961,3235,1155.33935546875,43
C,5,962,3236,1211.1397705078125,43
C,5,963,3237,1123.481201171875,43
C,5,964,3238,1181.97900390625,43
C,5,965,3239,1134.4737548828125,43
C,5,966,3240,1257.7015380859375,43
C,5,967,3241,1172.23974609375,43
C,5,968,3242,1131.8648681640625,43
C,5,969,3243,1228.4111328125,43
C,5,970,3244,1143.25537109375,43
C,5,971,3245,1171.9287109375,43
C,5,972,3246,1281.0438232421875,43
C,5,973,3247,1208.2506103515625,43
C,5,974,3248,1150.477783203125,43
C,5,975,3249,1207.5526123046875,43
C,5,976,3250,1153.2308349609375,43
C,5,977,3251,1217.4146728515625,43
C,5,978,3252,1195.19580078125,43
C,5,979,3253,1258.4722900390625,43
C,5,980,3254,1308.78564453125,43
C,5,981,3255,1183.6197509765625,43
C,5,982,3256,1213.5758056640625,43
C,5,983,3257,1211.933349609375,43
C,5,984,3258,1232.7947998046875,43
C,5,985,3259,1196.9755859375,43
C,5,986,3260,1224.9798583984375,43
C,5,987,3261,1254.5260009765625,43
C,5,988,3262,1223.1551513671875,43
C,5,989,3263,1178.4547119140625,43
C,5,990,3264,1223.92431640625,43
C,5,991,3265,1331.67626953125,43
C,5,992,3266,1291.6873779296875,43
C,5,993,3267,1259.5,43
C,5,994,3268,1260.20263671875,43
C,5,995,3269,1251.499755859375,43
C,5,996,3270,821.6381225585938,43
C,5,997,3271,885.4189453125,43
C,5,998,3272,997.0288696289062,43
C,5,999,3273,1179.53173828125,43
C,5,1000,3274,1152.065185546875,43
C,5,1001,3275,1300.2452392578125,43
C,5,1002,3276,1073.8692626953125,43
C,5,1003,3277,1248.2005615234375,43
C,5,1004,3278,1201.257080078125,43
C,5,1005,3279,1128.767578125,43
C,5,1006,3280,1095.315185546875,43
C,5,1007,3281,1251.753662109375,43
C,5,1008,3282,1302.7364501953125,43
C,5,1009,3283,1195.6124267578125,43
C,5,1010,3284,1155.1624755859375,43
C,5,1011,3285,1229.7669677734375,43
C,5,1012,3286,1282.50439453125,43
C,5,1013,3287,1273.8785400390625,43
C,5,1014,3288,1215.4295654296875,43
C,5,1015,3289,1265.2615966796875,43
C,5,1016,3290,1283.53466796875,43
C,5,1017,3291,1221.7720947265625,43
C,5,1018,3292,1199.7999267578125,43
C,5,1019,3293,1217.5958251953125,43
C,5,1020,3294,1221.533203125,43
C,5,1021,3295,1234.748046875,43
C,5,1022,3296,1233.2025146484375,43
C,5,1023,3297,1281.902099609375,43
C,5,1024,3298,1286.3214111328125,43
C,5,1025,3299,1277.832763671875,43
C,5,1026,3300,1285.7509765625,43
C,5,1027,3301,1228.2557373046875,43
C,5,1028,3302,1139.35546875,43
C,5,1029,3303,1231.803466796875,43
C,5,1030,3304,1234.933349609375,43
C,5,1031,3305,1211.443359375,43
C,5,1032,3306,1265.9674072265625,43
C,5,1033,3307,1313.9532470703125,43
C,5,1034,3308,1252.981201171875,43
C,5,1035,3309,1189.81494140625,43
C,5,1036,3310,1200.5762939453125,43
C,5,1037,3311,1250.3914794921875,43
C,5,1038,3312,1344.1337890625,43
C,5,1039,3313,1277.950927734375,43
C,5,1040,3314,1295.887939453125,43
C,5,1041,3315,1282.7193603515625,43
C,5,1042,3316,1286.405517578125,43
C,5,1043,3317,1217.518310546875,43
C,5,1044,3318,1210.854736328125,43
C,5,1045,3319,1253.0546875,43
C,5,1046,3320,1192.1278076171875,43
C,5,1047,3321,1288.3795166015625,43
C,5,1048,3322,1251.5072021484375,43
C,5,1049,3323,1302.4715576171875,43
C,5,1050,3324,1213.0968017578125,43
C,5,1051,3325,1208.941162109375,43
C,5,1052,3326,1336.22021484375,43
C,5,1053,3327,1314.004638671875,43
C,5,1054,3328,1242.4534912109375,43
C,5,1055,3329,1237.2113037109375,43
C,5,1056,3330,1169.43310546875,43
C,5,1057,3331,1161.3541259765625,43
C,5,1058,3332,1251.1318359375,43
C,5,1059,3333,1218.9141845703125,43
C,5,1060,3334,1277.87548828125,43
C,5,1061,3335,1218.5235595703125,43
C,5,1062,3336,1275.0711669921875,43
C,5,1063,3337,1299.30126953125,43
C,5,1064,3338,1272.556640625,43
C,5,1065,3339,1269.9818115234375,43
C,5,1066,3340,1291.1407470703125,43
C,5,1067,3341,1122.9879150390625,43
C,5,1068,3342,1266.8009033203125,43
C,5,1069,3343,1248.06005859375,43
C,5,1070,3344,1202.8365478515625,43
C,5,1071,3345,1270.7701416015625,43
C,5,1072,3346,1212.7744140625,43
C,5,1073,3347,1232.265380859375,43
C,5,1074,3348,1169.8695068359375,43
C,5,1075,3349,1088.22119140625,43
C,5,1076,3350,1119.91748046875,43
C,5,1077,3351,1102.2520751953125,43
C,5,1078,3352,1135.486328125,43
C,5,1079,3353,1161.084716796875,43
C,5,1080,3354,1174.9879150390625,43
C,5,1081,3355,1167.0439453125,43
C,5,1082,3356,1218.927490234375,43
C,5,1083,3357,1089.46728515625,43
C,5,1084,3358,1152.1676025390625,43
C,5,1085,3359,1129.2950439453125,43
C,5,1086,3360,1112.1182861328125,43
C,5,1087,3361,1111.3116455078125,43
C,5,1088,3362,1112.172607421875,43
C,5,1089,3363,1130.0889892578125,43
C,5,1090,3364,1091.6287841796875,43
C,5,1091,3365,1017.0909423828125,43
C,5,1092,3366,1089.79150390625,43
C,5,1093,3367,1125.113525390625,43
C,5,1094,3368,1069.884033203125,43
C,5,1095,3369,1031.0870361328125,43
C,5,1096,3370,1108.0054931640625,43
C,5,1097,3371,1189.376220703125,43
C,5,1098,3372,1259.8175048828125,43
C,5,1099,3373,1206.473388671875,43
A,1,0,0,-92.4078369140625,44
A,1,1,1,-114.07180786132812,44
A,1,2,2,-108.976318359375,44
A,1,3,3,-92.580322265625,44
A,1,4,4,-88.34144592285156,44
A,1,5,5,-84.85071563720703,44
A,1,6,6,-85.89410400390625,44
A,1,7,7,-80.35710906982422,44
A,1,8,8,-80.11060333251953,44
A,1,9,9,-82.77325439453125,44
A,1,10,10,-82.4409408569336,44
A,1,11,11,-86.00316619873047,44
A,1,12,12,-79.36441802978516,44
A,1,13,13,-90.7484130859375,44
A,1,14,14,-91.23336029052734,44
A,1,15,15,-96.03305053710938,44
A,1,16,16,-111.4088363647461,44
A,1,17,17,-108.53803253173828,44
A,1,18,18,-124.77284240722656,44
A,1,19,19,-124.77802276611328,44
A,1,20,20,-159.19837951660156,44
A,1,21,21,-196.58627319335938,44
A,1,22,22,-218.0163116455078,44
A,1,23,23,-200.07350158691406,44
A,1,24,24,-274.4394836425781,44
A,1,25,25,-273.0181884765625,44
A,1,26,26,-255.58755493164062,44
A,1,27,27,-320.7120361328125,44
A,1,28,28,-321.1036682128906,44
A,1,29,29,-333.5901794433594,44
A,1,30,30,-352.15191650390625,44
A,1,31,31,-364.06109619140625,44
A,1,32,32,-320.4239501953125,44
A,1,33,33,-332.4550476074219,44
A,1,34,34,-288.3824462890625,44
A,1,35,35,-220.891845703125,44
A,1,36,36,-205.22589111328125,44
A,1,37,37,-140.74203491210938,44
A,1,38,38,-168.48207092285156,44
A,1,39,39,-186.0027618408203,44
A,1,40,40,-119.8445816040039,44
A,1,41,41,-111.73078918457031,44
A,1,42,42,-78.80953979492188,44
A,1,43,43,-20.620145797729492,44
A,1,44,44,-127.99166107177734,44
A,1,45,45,-83.17906188964844,44
A,1,46,46,32.474815368652344,44
A,1,47,47,122.19690704345703,44
A,1,48,48,59.406089782714844,44
A,1,49,49,59.82762145996094,44
A,1,50,50,1.4390171766281128,44
A,1,51,51,-10.76050090789795,44
A,1,52,52,49.97032928466797,44
A,1,53,53,59.85076141357422,44
A,1,54,54,149.58102416992188,44
A,1,55,55,281.5585021972656,44
A,1,56,56,272.7686462402344,44
A,1,57,57,404.5162658691406,44
A,1,58,58,436.8945617675781,44
A,1,59,59,435.116943359375,44
A,1,60,60,476.0365295410156,44
A,1,61,61,435.4840393066406,44
A,1,62,62,325.0415344238281,44
A,1,63,63,521.219970703125,44
A,1,64,64,546.1818237304688,44
A,1,65,65,543.674560546875,44
A,1,66,66,598.805419921875,44
A,1,67,67,602.3435668945312,44
A,1,68,68,524.7622680664062,44
A,1,69,69,593.472900390625,44
A,1,70,70,644.9771118164062,44
A,1,71,71,614.3145141601562,44
A,1,72,72,609.806396484375,44
A,1,73,73,603.9700317382812,44
A,1,74,74,656.9404907226562,44
A,1,75,75,700.9623413085938,44
A,1,76,76,703.9053344726562,44
A,1,77,77,758.49609375,44
A,1,78,78,563.4357299804688,44
A,1,79,79,535.59716796875,44
A,1,80,80,617.1456298828125,44
A,1,81,81,686.7830200195312,44
A,1,82,82,720.2449340820312,44
A,1,83,83,761.9388427734375,44
A,1,84,84,652.50732421875,44
A,1,85,85,782.490966796875,44
A,1,86,86,825.4508666992188,44
A,1,87,87,837.6503295898438,44
A,1,88,88,875.6603393554688,44
A,1,89,89,798.0885620117188,44
A,1,90,90,775.43115234375,44
A,1,91,91,816.9049682617188,44
A,1,92,92,816.1065673828125,44
A,1,93,93,834.6283569335938,44
A,1,94,94,851.0362548828125,44
A,1,95,95,907.2223510742188,44
A,1,96,96,940.7833251953125,44
A,1,97,97,967.958251953125,44
A,1,98,98,991.1286010742188,44
A,1,99,99,1043.982177734375,44
A,1,100,100,1014.5181884765625,44
A,1,101,101,993.670654296875,44
A,1,102,102,1022.228515625,44
A,1,103,103,1055.38525390625,44
A,1,104,104,1015.4347534179688,44
A,1,105,105,1035.7174072265625,44
A,1,106,106,1069.2259521484375,44
A,1,107,107,1112.0582275390625,44
A,1,108,108,1151.368896484375,44
A,1,109,109,1091.9307861328125,44
A,1,110,110,1126.7314453125,44
A,1,111,111,1091.363525390625,44
A,1,112,112,1147.708740234375,44
A,1,113,113,1106.6513671875,44
A,1,114,114,1120.6181640625,44
A,1,115,115,1093.7239990234375,44
A,1,116,116,1043.543701171875,44
A,1,117,117,1086.444091796875,44
A,1,118,118,1144.4488525390625,44
A,1,119,119,1173.4918212890625,44
A,1,120,120,1265.092529296875,44
A,1,121,121,1217.1907958984375,44
A,1,122,122,1179.2874755859375,44
A,1,123,123,1172.8240966796875,44
A,1,124,124,1223.0364990234375,44
A,1,125,125,1171.568115234375,44
A,1,126,126,1210.64453125,44
A,1,127,127,1177.9134521484375,44
A,1,128,128,1166.6512451171875,44
A,1,129,129,1197.662841796875,44
A,1,130,130,1238.6915283203125,44
A,1,131,131,1160.1168212890625,44
A,1,132,132,1076.7210693359375,44
A,1,133,133,1107.1158447265625,44
A,1,134,134,1080.5029296875,44
A,1,135,135,1066.0494384765625,44
A,1,136,136,1094.4407958984375,44
A,1,137,137,1185.56689453125,44
A,1,138,138,1234.8472900390625,44
A,1,139,139,1205.146484375,44
A,1,140,140,1212.7515869140625,44
A,1,141,141,1271.2144775390625,44
A,1,142,142,1191.68701171875,44
A,1,143,143,1193.4337158203125,44
A,1,144,144,1239.69482421875,44
A,1,145,145,1269.9898681640625,44
A,1,146,146,1343.2879638671875,44
A,1,147,147,1192.49951171875,44
A,1,148,148,818.9909057617188,44
A,1,149,149,817.4644165039062,44
A,1,150,150,749.82666015625,44
A,1,151,151,722.7661743164062,44
A,1,152,152,936.8786010742188,44
A,1,153,153,957.0287475585938,44
A,1,154,154,1068.31494140625,44
A,1,155,155,1124.4912109375,44
A,1,156,156,1150.4345703125,44
A,1,157,157,1085.5533447265625,44
A,1,158,158,1008.1151733398438,44
A,1,159,159,1094.4520263671875,44
A,1,160,160,1163.03564453125,44
A,1,161,161,1119.83349609375,44
A,1,162,162,1171.50927734375,44
A,1,163,163,1160.801513671875,44
A,1,164,164,1133.158203125,44
A,1,165,165,1099.737548828125,44
A,1,166,166,1076.87744140625,44
A,1,167,167,1117.656494140625,44
A,1,168,168,1116.6434326171875,44
A,1,169,169,1013.0816040039062,44
A,1,170,170,1133.2166748046875,44
A,1,171,171,1251.8372802734375,44
A,1,172,172,1183.1470947265625,44
A,1,173,173,1228.219482421875,44
A,1,174,174,1175.2806396484375,44
A,1,175,175,1154.80029296875,44
A,1,176,176,1135.8408203125,44
A,1,177,177,1116.1708984375,44
A,1,178,178,1211.922119140625,44
A,1,179,179,1251.07421875,44
A,1,180,180,1220.8037109375,44
A,1,181,181,1231.929931640625,44
A,1,182,182,1238.4544677734375,44
A,1,183,183,1216.234130859375,44
A,1,184,184,1165.575439453125,44
A,1,185,185,1208.4315185546875,44
A,1,186,186,1197.267578125,44
A,1,187,187,1184.9766845703125,44
A,1,188,188,1161.0020751953125,44
A,1,189,189,1285.177001953125,44
A,1,190,190,1146.7520751953125,44
A,1,191,191,1185.663818359375,44
A,1,192,192,1144.8984375,44
A,1,193,193,1130.2042236328125,44
A,1,194,194,1095.85595703125,44
A,1,195,195,1140.0921630859375,44
A,1,196,196,1137.206787109375,44
A,1,197,197,1118.9149169921875,44
A,1,198,198,1151.639404296875,44
A,1,199,199,1094.36767578125,44
A,1,200,200,1101.4100341796875,44
A,1,201,201,1216.82861328125,44
A,1,202,202,1248.332275390625,44
A,1,203,203,1228.3634033203125,44
A,1,204,204,1213.56005859375,44
A,1,205,205,1201.4107666015625,44
A,1,206,206,1249.1912841796875,44
A,1,207,207,1217.7066650390625,44
A,1,208,208,1281.42822265625,44
A,1,209,209,1230.9576416015625,44
A,1,210,210,1238.390869140625,44
A,1,211,211,1201.2083740234375,44
A,1,212,212,1238.0557861328125,44
A,1,213,213,1147.458984375,44
A,1,214,214,1156.8189697265625,44
A,1,215,215,1239.000244140625,44
A,1,216,216,1253.94921875,44
A,1,217,217,1265.845703125,44
A,1,218,218,1205.966552734375,44
A,1,219,219,1177.1640625,44
A,1,220,220,1126.346435546875,44
A,1,221,221,1128.2530517578125,44
A,1,222,222,1228.5784912109375,44
A,1,223,223,1104.9595947265625,44
A,1,224,224,1161.2525634765625,44
A,1,225,225,1166.49462890625,44
A,1,226,226,1240.389404296875,44
A,1,227,227,1182.8936767578125,44
A,1,228,228,1164.68505859375,44
A,1,229,229,1203.221923828125,44
A,1,230,230,1198.85888671875,44
A,1,231,231,1176.2679443359375,44
A,1,232,232,1102.92822265625,44
A,1,233,233,1207.1427001953125,44
A,1,234,234,1184.001708984375,44
A,1,235,235,1147.2994384765625,44
A,1,236,236,1096.521484375,44
A,1,237,237,1111.7965087890625,44
A,1,238,238,1166.446044921875,44
A,1,239,239,1178.33056640625,44
A,1,240,240,1192.3443603515625,44
A,1,241,241,1125.3212890625,44
A,1,242,242,1029.9346923828125,44
A,1,243,243,1110.963623046875,44
A,1,244,244,1188.3690185546875,44
A,1,245,245,1147.307861328125,44
A,1,246,246,965.3704833984375,44
A,1,247,247,1156.7930908203125,44
A,1,248,248,1172.57958984375,44
A,1,249,249,1224.643798828125,44
A,1,250,250,1221.3466796875,44
A,1,251,251,1093.797119140625,44
A,1,252,252,1257.77978515625,44
A,1,253,253,1187.3038330078125,44
A,1,254,254,1184.8131103515625,44
A,1,255,255,1144.3592529296875,44
A,1,256,256,1154.65966796875,44
A,1,257,257,1132.2049560546875,44
A,1,258,258,1125.593994140625,44
A,1,259,259,1145.52978515625,44
A,1,260,260,1147.9024658203125,44
A,1,261,261,1194.516357421875,44
A,1,262,262,1164.7669677734375,44
A,1,263,263,1229.5250244140625,44
A,1,264,264,1220.9755859375,44
A,1,265,265,1189.2593994140625,44
A,1,266,266,1149.36962890625,44
A,1,267,267,1225.6971435546875,44
A,1,268,268,1231.36865234375,44
A,1,269,269,1201.393310546875,44
A,1,270,270,1183.283447265625,44
A,1,271,271,1301.3411865234375,44
A,1,272,272,1281.0902099609375,44
A,1,273,273,1177.4637451171875,44
A,1,274,274,1226.2310791015625,44
A,1,275,275,1206.56787109375,44
A,1,276,276,1293.640869140625,44
A,1,277,277,1269.1004638671875,44
A,1,278,278,1235.4405517578125,44
A,1,279,279,1239.4901123046875,44
A,1,280,280,1215.7464599609375,44
A,1,281,281,1189.434326171875,44
A,1,282,282,1159.637939453125,44
A,1,283,283,1217.4625244140625,44
A,1,284,284,1281.4775390625,44
A,1,285,285,1100.1229248046875,44
A,1,286,286,1277.8319091796875,44
A,1,287,287,1095.5872802734375,44
A,1,288,288,1228.8177490234375,44
A,1,289,289,1161.9302978515625,44
A,1,290,290,1219.1207275390625,44
A,1,291,291,1213.9205322265625,44
A,1,292,292,1249.100341796875,44
A,1,293,293,1186.3079833984375,44
A,1,294,294,1257.2242431640625,44
A,1,295,295,1300.843017578125,44
A,1,296,296,1234.9676513671875,44
A,1,297,297,1223.0677490234375,44
A,1,298,298,1231.3040771484375,44
A,1,299,299,1193.5845947265625,44
A,2,250,550,39.825775146484375,44
A,2,251,551,106.98419952392578,44
A,2,252,552,178.57455444335938,44
A,2,253,553,231.92425537109375,44
A,2,254,554,310.38128662109375,44
A,2,255,555,352.2956237792969,44
A,2,256,556,425.2951354980469,44
A,2,257,557,457.6838073730469,44
A,2,258,558,460.5377197265625,44
A,2,259,559,560.4684448242188,44
A,2,260,560,613.1814575195312,44
A,2,261,561,649.7589721679688,44
A,2,262,562,751.6914672851562,44
A,2,263,563,769.566650390625,44
A,2,264,564,836.0922241210938,44
A,2,265,565,838.52880859375,44
A,2,266,566,914.0947265625,44
A,2,267,567,1034.2095947265625,44
A,2,268,568,916.6376342773438,44
A,2,269,569,922.2671508789062,44
A,2,270,570,1191.166748046875,44
A,2,271,571,1175.154296875,44
A,2,272,572,1154.9747314453125,44
A,2,273,573,1146.9632568359375,44
A,2,274,574,1190.5914306640625,44
A,2,275,575,1226.2198486328125,44
A,2,276,576,1129.1009521484375,44
A,2,277,577,1126.9407958984375,44
A,2,278,578,1136.0196533203125,44
A,2,279,579,1106.8336181640625,44
A,2,280,580,1153.1402587890625,44
A,2,281,581,1167.7476806640625,44
A,2,282,582,1136.51953125,44
A,2,283,583,1140.8529052734375,44
A,2,284,584,1221.9183349609375,44
A,2,285,585,1219.7369384765625,44
A,2,286,586,1151.8380126953125,44
A,2,287,587,1093.548828125,44
A,2,288,588,1170.71923828125,44
A,2,289,589,1260.327392578125,44
A,2,290,590,1123.8665771484375,44
A,2,291,591,1149.7789306640625,44
A,2,292,592,1179.8629150390625,44
A,2,293,593,1093.556884765625,44
A,2,294,594,1239.39306640625,44
A,2,295,595,1143.269287109375,44
A,2,296,596,1144.0057373046875,44
A,2,297,597,1176.6407470703125,44
A,2,298,598,1178.76220703125,44
A,2,299,599,1214.392822265625,44
A,2,300,600,1119.19580078125,44
A,2,301,601,1164.879150390625,44
A,2,302,602,1216.939208984375,44
A,2,303,603,1156.642333984375,44
A,2,304,604,1189.0933837890625,44
A,2,305,605,1204.5439453125,44
A,2,306,606,1160.3262939453125,44
A,2,307,607,1225.64404296875,44
A,2,308,608,1189.1422119140625,44
A,2,309,609,1282.4002685546875,44
A,2,310,610,1242.2523193359375,44
A,2,311,611,1233.6446533203125,44
A,2,312,612,1094.3404541015625,44
A,2,313,613,1166.5899658203125,44
A,2,314,614,1192.16552734375,44
A,2,315,615,1168.431640625,44
A,2,316,616,1217.75732421875,44
A,2,317,617,1182.1361083984375,44
A,2,318,618,1266.0101318359375,44
A,2,319,619,1164.9095458984375,44
A,2,320,620,1199.4937744140625,44
A,2,321,621,1184.4395751953125,44
A,2,322,622,1171.6812744140625,44
A,2,323,623,1241.3623046875,44
A,2,324,624,1189.4970703125,44
A,2,325,625,1233.1312255859375,44
A,2,326,626,1226.135986328125,44
A,2,327,627,1254.2147216796875,44
A,2,328,628,1213.581787109375,44
A,2,329,629,1171.736328125,44
A,2,330,630,1146.346435546875,44
A,2,331,631,1229.367431640625,44
A,2,332,632,1202.5556640625,44
A,2,333,633,1187.10693359375,44
A,2,334,634,1227.03515625,44
A,2,335,635,1167.5748291015625,44
A,2,336,636,1176.090087890625,44
A,2,337,637,1274.473388671875,44
A,2,338,638,1167.3759765625,44
A,2,339,639,1174.009521484375,44
A,2,340,640,1166.15869140625,44
A,2,341,641,1226.5091552734375,44
A,2,342,642,1180.1702880859375,44
A,2,343,643,1208.38916015625,44
A,2,344,644,1202.3406982421875,44
A,2,345,645,1199.0107421875,44
A,2,346,646,1195.576171875,44
A,2,347,647,1164.1796875,44
A,2,348,648,1119.0166015625,44
A,2,349,649,1210.23193359375,44
A,2,350,650,1117.0936279296875,44
A,2,351,651,1206.401123046875,44
A,2,352,652,1193.7593994140625,44
A,2,353,653,1128.449462890625,44
A,2,354,654,1093.4744873046875,44
A,2,355,655,1199.260498046875,44
A,2,356,656,1202.1827392578125,44
A,2,357,657,1171.086669921875,44
A,2,358,658,1144.5919189453125,44
A,2,359,659,1182.5894775390625,44
A,2,360,660,1221.240234375,44
A,2,361,661,1131.8052978515625,44
A,2,362,662,1244.771240234375,44
A,2,363,663,1130.716552734375,44
A,2,364,664,1197.510498046875,44
A,2,365,665,1188.3936767578125,44
A,2,366,666,1197.65234375,44
A,2,367,667,1136.8280029296875,44
A,2,368,668,1193.8604736328125,44
A,2,369,669,1164.0499267578125,44
A,2,370,670,1142.1435546875,44
A,2,371,671,1164.048583984375,44
A,2,372,672,1111.1796875,44
A,2,373,673,1132.8741455078125,44
A,2,374,674,1174.7294921875,44
A,2,375,675,1241.628662109375,44
A,2,376,676,1202.5013427734375,44
A,2,377,677,1199.6151123046875,44
A,2,378,678,1206.3585205078125,44
A,2,379,679,1209.9078369140625,44
A,2,380,680,1152.274169921875,44
A,2,381,681,1133.626953125,44
A,2,382,682,1174.6422119140625,44
A,2,383,683,1196.0460205078125,44
A,2,384,684,1143.9300537109375,44
A,2,385,685,1226.3751220703125,44
A,2,386,686,1220.1153564453125,44
A,2,387,687,1211.6866455078125,44
A,2,388,688,1238.9725341796875,44
A,2,389,689,1221.2005615234375,44
A,2,390,690,1188.66650390625,44
A,2,391,691,1176.6959228515625,44
A,2,392,692,1250.3577880859375,44
A,2,393,693,1200.0699462890625,44
A,2,394,694,1131.50048828125,44
A,2,395,695,1246.607177734375,44
A,2,396,696,1143.605224609375,44
A,2,397,697,1214.0615234375,44
A,2,398,698,1263.3990478515625,44
A,2,399,699,1213.1243896484375,44
A,2,400,700,1217.846923828125,44
A,2,401,701,1221.1265869140625,44
A,2,402,702,1178.373779296875,44
A,2,403,703,1237.8419189453125,44
A,2,404,704,1170.6142578125,44
A,2,405,705,1200.9857177734375,44
A,2,406,706,1192.29248046875,44
A,2,407,707,1172.924072265625,44
A,2,408,708,1171.9549560546875,44
A,2,409,709,1153.008056640625,44
A,2,410,710,1155.710693359375,44
A,2,411,711,1252.923583984375,44
A,2,412,712,1235.0245361328125,44
A,2,413,713,1190.3406982421875,44
A,2,414,714,1211.3270263671875,44
A,2,415,715,1178.1436767578125,44
A,2,416,716,1181.0909423828125,44
A,2,417,717,1166.52685546875,44
A,2,418,718,1177.2596435546875,44
A,2,419,719,1178.063232421875,44
A,2,420,720,1183.0555419921875,44
A,2,421,721,1157.5433349609375,44
A,2,422,722,1172.2288818359375,44
A,2,423,723,1130.324951171875,44
A,2,424,724,1182.552734375,44
A,2,425,725,1169.936767578125,44
A,2,426,726,1082.9901123046875,44
A,2,427,727,1189.923828125,44
A,2,428,728,1107.9608154296875,44
A,2,429,729,1160.6539306640625,44
A,2,430,730,1100.777099609375,44
A,2,431,731,1184.7821044921875,44
A,2,432,732,1159.8114013671875,44
A,2,433,733,1181.48974609375,44
A,2,434,734,1086.1954345703125,44
A,2,435,735,1157.385009765625,44
A,2,436,736,1197.650634765625,44
A,2,437,737,1156.7706298828125,44
A,2,438,738,1189.7901611328125,44
A,2,439,739,1159.6458740234375,44
A,2,440,740,1178.7576904296875,44
A,2,441,741,1210.8782958984375,44
A,2,442,742,1054.5228271484375,44
A,2,443,743,1175.834716796875,44
A,2,444,744,1145.151611328125,44
A,2,445,745,1197.751953125,44
A,2,446,746,1159.97900390625,44
A,2,447,747,1183.361572265625,44
A,2,448,748,1104.1646728515625,44
A,2,449,749,1150.7838134765625,44
A,2,450,750,1151.77587890625,44
A,2,451,751,1146.359619140625,44
A,2,452,752,1186.938720703125,44
A,2,453,753,1203.052734375,44
A,2,454,754,1258.1490478515625,44
A,2,455,755,1159.5550537109375,44
A,2,456,756,1062.6416015625,44
A,2,457,757,1085.6575927734375,44
A,2,458,758,1148.30615234375,44
A,2,459,759,1122.4981689453125,44
A,2,460,760,1104.5516357421875,44
A,2,461,761,1163.958740234375,44
A,2,462,762,1069.4752197265625,44
A,2,463,763,1194.8446044921875,44
A,2,464,764,1155.8111572265625,44
A,2,465,765,1210.0240478515625,44
A,2,466,766,1161.9017333984375,44
A,2,467,767,1158.016845703125,44
A,2,468,768,1091.060302734375,44
A,2,469,769,1076.864013671875,44
A,2,470,770,1162.5528564453125,44
A,2,471,771,1179.3101806640625,44
A,2,472,772,1163.439697265625,44
A,2,473,773,1181.9085693359375,44
A,2,474,774,1167.494873046875,44
A,2,475,775,1128.253173828125,44
A,2,476,776,1173.1171875,44
A,2,477,777,1235.5767822265625,44
A,2,478,778,1172.8465576171875,44
A,2,479,779,1234.4140625,44
A,2,480,780,1175.177734375,44
A,2,481,781,1133.0491943359375,44
A,2,482,782,1182.209228515625,44
A,2,483,783,1141.9554443359375,44
A,2,484,784,1128.27685546875,44
A,2,485,785,1150.345947265625,44
A,2,486,786,1141.4151611328125,44
A,2,487,787,1164.097900390625,44
A,2,488,788,1107.2025146484375,44
A,2,489,789,1188.871826171875,44
A,2,490,790,1040.8214111328125,44
A,2,491,791,1172.602294921875,44
A,2,492,792,1213.21533203125,44
A,2,493,793,1156.08251953125,44
A,2,494,794,1209.8011474609375,44
A,2,495,795,1174.5213623046875,44
A,2,496,796,1119.4146728515625,44
A,2,497,797,1171.4842529296875,44
A,2,498,798,1115.28564453125,44
A,2,499,799,1164.1298828125,44
A,2,500,800,1203.66552734375,44
A,2,501,801,1103.85498046875,44
A,2,502,802,1273.7882080078125,44
A,2,503,803,1108.8038330078125,44
A,2,504,804,1187.1160888671875,44
A,2,505,805,1186.0946044921875,44
A,2,506,806,1219.4000244140625,44
A,2,507,807,1144.7764892578125,44
A,2,508,808,1147.5506591796875,44
A,2,509,809,1147.20068359375,44
A,2,510,810,1100.5548095703125,44
A,2,511,811,1112.281494140625,44
A,2,512,812,1242.2811279296875,44
A,2,513,813,1197.1846923828125,44
A,2,514,814,1146.8785400390625,44
A,2,515,815,1170.946044921875,44
A,2,516,816,1175.7872314453125,44
A,2,517,817,1169.0762939453125,44
A,2,518,818,1127.21728515625,44
A,2,519,819,1208.75439453125,44
A,2,520,820,1142.05712890625,44
A,2,521,821,1194.55078125,44
A,2,522,822,1226.724853515625,44
A,2,523,823,1228.158203125,44
A,2,524,824,1184.5997314453125,44
A,2,525,825,1105.5843505859375,44
A,2,526,826,1135.3953857421875,44
A,2,527,827,1233.257080078125,44
A,2,528,828,1186.3939208984375,44
A,2,529,829,1185.244384765625,44
A,2,530,830,1155.9068603515625,44
A,2,531,831,1134.305908203125,44
A,2,532,832,1095.7421875,44
A,2,533,833,1162.5113525390625,44
A,2,534,834,1140.8695068359375,44
A,2,535,835,1193.909912109375,44
A,2,536,836,1209.8040771484375,44
A,2,537,837,1190.486083984375,44
A,2,538,838,1281.02001953125,44
A,2,539,839,1260.9788818359375,44
A,2,540,840,1147.505859375,44
A,2,541,841,1249.9891357421875,44
A,2,542,842,1193.500244140625,44
A,2,543,843,1229.9432373046875,44
A,2,544,844,1199.656494140625,44
A,2,545,845,1189.6396484375,44
A,2,546,846,1254.3372802734375,44
A,2,547,847,1157.080322265625,44
A,2,548,848,1233.20849609375,44
A,2,549,849,1213.9708251953125,44
A,2,550,850,1253.9873046875,44
A,2,551,851,1289.6968994140625,44
A,2,552,852,1238.5673828125,44
A,2,553,853,1263.6929931640625,44
A,2,554,854,1177.9471435546875,44
A,2,555,855,1256.96435546875,44
A,2,556,856,1197.0679931640625,44
A,2,557,857,1185.3604736328125,44
A,2,558,858,1300.360595703125,44
A,2,559,859,1213.448486328125,44
A,2,560,860,1201.24072265625,44
A,2,561,861,1247.25830078125,44
A,2,562,862,1268.6131591796875,44
A,2,563,863,1198.4794921875,44
A,2,564,864,1237.9178466796875,44
A,2,565,865,1220.794189453125,44
A,2,566,866,1197.886962890625,44
A,2,567,867,1302.6317138671875,44
A,2,568,868,1208.432861328125,44
A,2,569,869,1240.1181640625,44
A,2,570,870,1219.5057373046875,44
A,2,571,871,1205.85546875,44
A,2,572,872,1217.9923095703125,44
A,2,573,873,1175.845458984375,44
A,2,574,874,1267.3656005859375,44
A,2,575,875,1207.3995361328125,44
A,2,576,876,1197.6064453125,44
A,2,577,877,1223.971923828125,44
A,2,578,878,1301.3529052734375,44
A,2,579,879,1231.807861328125,44
A,2,580,880,1170.1434326171875,44
A,2,581,881,1218.9979248046875,44
A,2,582,882,1213.6790771484375,44
A,2,583,883,1137.1907958984375,44
A,2,584,884,1206.0133056640625,44
A,2,585,885,1242.747802734375,44
A,2,586,886,1250.86669921875,44
A,2,587,887,1247.8062744140625,44
A,2,588,888,1159.9193115234375,44
A,2,589,889,1200.631591796875,44
A,2,590,890,1241.5731201171875,44
A,2,591,891,1139.7734375,44
A,2,592,892,1250.0537109375,44
A,2,593,893,1249.8739013671875,44
A,2,594,894,1127.0333251953125,44
A,2,595,895,1237.3826904296875,44
A,2,596,896,1186.2821044921875,44
A,2,597,897,1156.3328857421875,44
A,2,598,898,1208.63623046875,44
A,2,599,899,1232.1783447265625,44
A,3,375,1275,41.73915100097656,44
A,3,376,1276,103.5208511352539,44
A,3,377,1277,181.74073791503906,44
A,3,378,1278,234.86085510253906,44
A,3,379,1279,297.1304626464844,44
A,3,380,1280,351.61224365234375,44
A,3,381,1281,389.0630187988281,44
A,3,382,1282,472.51983642578125,44
A,3,383,1283,536.79443359375,44
A,3,384,1284,569.9090576171875,44
A,3,385,1285,606.608154296875,44
A,3,386,1286,655.93798828125,44
A,3,387,1287,724.2593383789062,44
A,3,388,1288,705.13623046875,44
A,3,389,1289,847.076904296875,44
A,3,390,1290,856.589599609375,44
A,3,391,1291,899.4530029296875,44
A,3,392,1292,963.5476684570312,44
A,3,393,1293,1041.644775390625,44
A,3,394,1294,1070.57177734375,44
A,3,395,1295,1081.325439453125,44
A,3,396,1296,1111.2056884765625,44
A,3,397,1297,1111.6890869140625,44
A,3,398,1298,1118.5233154296875,44
A,3,399,1299,1143.8621826171875,44
A,3,400,1300,1142.628662109375,44
A,3,401,1301,1164.235107421875,44
A,3,402,1302,1211.7303466796875,44
A,3,403,1303,1098.1697998046875,44
A,3,404,1304,1168.688232421875,44
A,3,405,1305,1218.5540771484375,44
A,3,406,1306,1099.7833251953125,44
A,3,407,1307,1193.2099609375,44
A,3,408,1308,1179.2578125,44
A,3,409,1309,1161.160888671875,44
A,3,410,1310,1167.157470703125,44
A,3,411,1311,1159.52099609375,44
A,3,412,1312,1143.6578369140625,44
A,3,413,1313,1076.1494140625,44
A,3,414,1314,1150.5189208984375,44
A,3,415,1315,1079.64404296875,44
A,3,416,1316,1147.613037109375,44
A,3,417,1317,1102.888916015625,44
A,3,418,1318,1167.495849609375,44
A,3,419,1319,1117.036865234375,44
A,3,420,1320,1044.4691162109375,44
A,3,421,1321,1080.516357421875,44
A,3,422,1322,1145.7254638671875,44
A,3,423,1323,1047.5137939453125,44
A,3,424,1324,1101.23095703125,44
A,3,425,1325,1031.8599853515625,44
A,3,426,1326,1137.8179931640625,44
A,3,427,1327,1143.8369140625,44
A,3,428,1328,1066.7335205078125,44
A,3,429,1329,1109.25048828125,44
A,3,430,1330,1032.443359375,44
A,3,431,1331,1085.3770751953125,44
A,3,432,1332,1057.6630859375,44
A,3,433,1333,1092.3968505859375,44
A,3,434,1334,1055.2686767578125,44
A,3,435,1335,1021.5078125,44
A,3,436,1336,1133.1365966796875,44
A,3,437,1337,1125.301513671875,44
A,3,438,1338,1154.724365234375,44
A,3,439,1339,1084.5794677734375,44
A,3,440,1340,1084.73681640625,44
A,3,441,1341,1058.225341796875,44
A,3,442,1342,1001.8594970703125,44
A,3,443,1343,1132.1011962890625,44
A,3,444,1344,1110.395751953125,44
A,3,445,1345,1133.008056640625,44
A,3,446,1346,973.9663696289062,44
A,3,447,1347,1072.210693359375,44
A,3,448,1348,1150.007568359375,44
A,3,449,1349,1115.8282470703125,44
A,3,450,1350,1119.0865478515625,44
A,3,451,1351,998.88916015625,44
A,3,452,1352,1148.8223876953125,44
A,3,453,1353,1105.71630859375,44
A,3,454,1354,1142.46875,44
A,3,455,1355,1076.12109375,44
A,3,456,1356,1085.5078125,44
A,3,457,1357,1146.25634765625,44
A,3,458,1358,1186.0240478515625,44
A,3,459,1359,1214.5693359375,44
A,3,460,1360,1183.0894775390625,44
A,3,461,1361,1183.8548583984375,44
A,3,462,1362,1139.152099609375,44
A,3,463,1363,1086.2318115234375,44
A,3,464,1364,1110.0697021484375,44
A,3,465,1365,1149.7177734375,44
A,3,466,1366,1075.174560546875,44
A,3,467,1367,1142.523193359375,44
A,3,468,1368,1073.2357177734375,44
A,3,469,1369,1056.031982421875,44
A,3,470,1370,1096.0772705078125,44
A,3,471,1371,1140.7763671875,44
A,3,472,1372,1167.384521484375,44
A,3,473,1373,1162.39208984375,44
A,3,474,1374,1090.04443359375,44
A,3,475,1375,1089.5699462890625,44
A,3,476,1376,1077.461669921875,44
A,3,477,1377,1128.994873046875,44
A,3,478,1378,1155.188720703125,44
A,3,479,1379,1076.9454345703125,44
A,3,480,1380,1138.3370361328125,44
A,3,481,1381,1071.53759765625,44
A,3,482,1382,1119.8802490234375,44
A,3,483,1383,1166.3931884765625,44
A,3,484,1384,1114.57861328125,44
A,3,485,1385,1074.2880859375,44
A,3,486,1386,1152.03857421875,44
A,3,487,1387,1086.2362060546875,44
A,3,488,1388,1068.7236328125,44
A,3,489,1389,1121.996337890625,44
A,3,490,1390,1108.8743896484375,44
A,3,491,1391,1074.6187744140625,44
A,3,492,1392,1047.0101318359375,44
A,3,493,1393,1219.193603515625,44
A,3,494,1394,1147.04296875,44
A,3,495,1395,1093.7899169921875,44
A,3,496,1396,1120.5333251953125,44
A,3,497,1397,1133.168701171875,44
A,3,498,1398,1124.063232421875,44
A,3,499,1399,1073.969970703125,44
A,3,500,1400,1119.6688232421875,44
A,3,501,1401,1168.716552734375,44
A,3,502,1402,1093.33642578125,44
A,3,503,1403,1065.416259765625,44
A,3,504,1404,1095.435546875,44
A,3,505,1405,1105.3641357421875,44
A,3,506,1406,1166.802734375,44
A,3,507,1407,1142.512451171875,44
A,3,508,1408,1190.7469482421875,44
A,3,509,1409,1153.3433837890625,44
A,3,510,1410,1085.2142333984375,44
A,3,511,1411,1039.1927490234375,44
A,3,512,1412,1092.02490234375,44
A,3,513,1413,1131.3095703125,44
A,3,514,1414,1096.4661865234375,44
A,3,515,1415,1149.0228271484375,44
A,3,516,1416,1110.3516845703125,44
A,3,517,1417,1045.9713134765625,44
A,3,518,1418,1170.2225341796875,44
A,3,519,1419,1108.1512451171875,44
A,3,520,1420,1166.4522705078125,44
A,3,521,1421,1145.4404296875,44
A,3,522,1422,1142.8006591796875,44
A,3,523,1423,1108.68505859375,44
A,3,524,1424,1100.29931640625,44
A,3,525,1425,1134.8927001953125,44
A,3,526,1426,1110.2470703125,44
A,3,527,1427,1209.7513427734375,44
A,3,528,1428,1110.178466796875,44
A,3,529,1429,1130.626708984375,44
A,3,530,1430,1167.06396484375,44
A,3,531,1431,1063.1793212890625,44
A,3,532,1432,1131.010009765625,44
A,3,533,1433,1150.2701416015625,44
A,3,534,1434,1129.6019287109375,44
A,3,535,1435,1193.8134765625,44
A,3,536,1436,1184.09765625,44
A,3,537,1437,1153.35205078125,44
A,3,538,1438,1207.0089111328125,44
A,3,539,1439,1131.444580078125,44
A,3,540,1440,1140.4659423828125,44
A,3,541,1441,1117.2242431640625,44
A,3,542,1442,1081.0045166015625,44
A,3,543,1443,1094.68017578125,44
A,3,544,1444,1079.744140625,44
A,3,545,1445,1045.7393798828125,44
A,3,546,1446,1000.2664184570312,44
A,3,547,1447,1169.810546875,44
A,3,548,1448,1072.1402587890625,44
A,3,549,1449,1161.761962890625,44
A,3,550,1450,1133.328857421875,44
A,3,551,1451,1159.833984375,44
A,3,552,1452,1213.7689208984375,44
A,3,553,1453,1121.6241455078125,44
A,3,554,1454,1111.436767578125,44
A,3,555,1455,1194.308837890625,44
A,3,556,1456,1133.6522216796875,44
A,3,557,1457,1137.812255859375,44
A,3,558,1458,1172.3453369140625,44
A,3,559,1459,1131.67138671875,44
A,3,560,1460,1115.45751953125,44
A,3,561,1461,1156.6929931640625,44
A,3,562,1462,1114.8475341796875,44
A,3,563,1463,1101.9012451171875,44
A,3,564,1464,1202.2242431640625,44
A,3,565,1465,1142.287109375,44
A,3,566,1466,1176.8829345703125,44
A,3,567,1467,1224.1998291015625,44
A,3,568,1468,1131.6568603515625,44
A,3,569,1469,1152.905029296875,44
A,3,570,1470,1285.330078125,44
A,3,571,1471,1220.095703125,44
A,3,572,1472,1129.3817138671875,44
A,3,573,1473,1129.7523193359375,44
A,3,574,1474,1137.109619140625,44
A,4,574,2049,-9.680489540100098,44
A,4,575,2050,6.204588413238525,44
A,4,576,2051,95.42993927001953,44
A,4,577,2052,153.63720703125,44
A,4,578,2053,225.52972412109375,44
A,4,579,2054,245.4537811279297,44
A,4,580,2055,285.0378723144531,44
A,4,581,2056,370.9756774902344,44
A,4,582,2057,415.495849609375,44
A,4,583,2058,435.8271789550781,44
A,4,584,2059,456.70416259765625,44
A,4,585,2060,510.560302734375,44
A,4,586,2061,563.9769897460938,44
A,4,587,2062,543.5440063476562,44
A,4,588,2063,653.7263793945312,44
A,4,589,2064,714.2304077148438,44
A,4,590,2065,711.950439453125,44
A,4,591,2066,745.5039672851562,44
A,4,592,2067,802.5176391601562,44
A,4,593,2068,944.6649169921875,44
A,4,594,2069,1033.5693359375,44
A,4,595,2070,1047.7838134765625,44
A,4,596,2071,1051.0028076171875,44
A,4,597,2072,891.778076171875,44
A,4,598,2073,910.0562133789062,44
A,4,599,2074,944.56396484375,44
A,4,600,2075,949.3738403320312,44
A,4,601,2076,930.5426025390625,44
A,4,602,2077,957.6587524414062,44
A,4,603,2078,984.8729858398438,44
A,4,604,2079,930.2058715820312,44
A,4,605,2080,916.8009033203125,44
A,4,606,2081,892.7457275390625,44
A,4,607,2082,993.1109619140625,44
A,4,608,2083,990.6415405273438,44
A,4,609,2084,850.0928955078125,44
A,4,610,2085,931.04736328125,44
A,4,611,2086,957.0694580078125,44
A,4,612,2087,898.3480834960938,44
A,4,613,2088,1028.2296142578125,44
A,4,614,2089,915.8355712890625,44
A,4,615,2090,990.496337890625,44
A,4,616,2091,999.2090454101562,44
A,4,617,2092,980.2992553710938,44
A,4,618,2093,906.2465209960938,44
A,4,619,2094,910.9026489257812,44
A,4,620,2095,895.1995849609375,44
A,4,621,2096,944.5496826171875,44
A,4,622,2097,975.6094360351562,44
A,4,623,2098,984.9573364257812,44
A,4,624,2099,936.6057739257812,44
A,4,625,2100,996.6123046875,44
A,4,626,2101,1064.9642333984375,44
A,4,627,2102,868.6077270507812,44
A,4,628,2103,936.3856201171875,44
A,4,629,2104,988.20166015625,44
A,4,630,2105,1007.2944946289062,44
A,4,631,2106,950.759033203125,44
A,4,632,2107,1059.0003662109375,44
A,4,633,2108,979.3060302734375,44
A,4,634,2109,957.9878540039062,44
A,4,635,2110,831.4330444335938,44
A,4,636,2111,1058.7752685546875,44
A,4,637,2112,997.5166625976562,44
A,4,638,2113,1017.0094604492188,44
A,4,639,2114,902.5360717773438,44
A,4,640,2115,940.3317260742188,44
A,4,641,2116,870.6828002929688,44
A,4,642,2117,920.359375,44
A,4,643,2118,988.4431762695312,44
A,4,644,2119,842.253662109375,44
A,4,645,2120,936.5596313476562,44
A,4,646,2121,950.2529907226562,44
A,4,647,2122,932.0450439453125,44
A,4,648,2123,989.3833618164062,44
A,4,649,2124,976.7557373046875,44
A,4,650,2125,921.187744140625,44
A,4,651,2126,964.5167236328125,44
A,4,652,2127,893.7340698242188,44
A,4,653,2128,959.3937377929688,44
A,4,654,2129,926.2855834960938,44
A,4,655,2130,900.7353515625,44
A,4,656,2131,960.5442504882812,44
A,4,657,2132,995.5673217773438,44
A,4,658,2133,947.320068359375,44
A,4,659,2134,997.3719482421875,44
A,4,660,2135,906.5778198242188,44
A,4,661,2136,991.5701904296875,44
A,4,662,2137,978.5032348632812,44
A,4,663,2138,984.0051879882812,44
A,4,664,2139,920.85546875,44
A,4,665,2140,961.5517578125,44
A,4,666,2141,886.9656372070312,44
A,4,667,2142,1023.4373779296875,44
A,4,668,2143,925.1949462890625,44
A,4,669,2144,934.6202392578125,44
A,4,670,2145,908.4544067382812,44
A,4,671,2146,829.1854248046875,44
A,4,672,2147,830.543701171875,44
A,4,673,2148,908.0751953125,44
A,4,674,2149,882.2136840820312,44
A,4,675,2150,1005.9791870117188,44
A,4,676,2151,900.827392578125,44
A,4,677,2152,940.99365234375,44
A,4,678,2153,931.1415405273438,44
A,4,679,2154,948.7227783203125,44
A,4,680,2155,955.712158203125,44
A,4,681,2156,841.771728515625,44
A,4,682,2157,980.2130126953125,44
A,4,683,2158,943.0491333007812,44
A,4,684,2159,948.3107299804688,44
A,4,685,2160,942.0829467773438,44
A,4,686,2161,991.9465942382812,44
A,4,687,2162,968.5609130859375,44
A,4,688,2163,930.7188720703125,44
A,4,689,2164,1002.98681640625,44
A,4,690,2165,1037.6226806640625,44
A,4,691,2166,1001.013671875,44
A,4,692,2167,883.0499877929688,44
A,4,693,2168,935.93408203125,44
A,4,694,2169,918.3988037109375,44
A,4,695,2170,1066.7071533203125,44
A,4,696,2171,1013.67236328125,44
A,4,697,2172,906.7192993164062,44
A,4,698,2173,916.8496704101562,44
A,4,699,2174,916.5819091796875,44
A,4,700,2175,887.0010375976562,44
A,4,701,2176,833.2250366210938,44
A,4,702,2177,916.7914428710938,44
A,4,703,2178,1004.657958984375,44
A,4,704,2179,947.3602905273438,44
A,4,705,2180,990.3216552734375,44
A,4,706,2181,923.3445434570312,44
A,4,707,2182,937.5623168945312,44
A,4,708,2183,894.0924072265625,44
A,4,709,2184,953.4345703125,44
A,4,710,2185,971.291015625,44
A,4,711,2186,992.4993896484375,44
A,4,712,2187,864.25927734375,44
A,4,713,2188,830.10400390625,44
A,4,714,2189,909.985595703125,44
A,4,715,2190,907.7570190429688,44
A,4,716,2191,948.4099731445312,44
A,4,717,2192,964.2182006835938,44
A,4,718,2193,854.9849243164062,44
A,4,719,2194,959.7891235351562,44
A,4,720,2195,931.9575805664062,44
A,4,721,2196,909.9136962890625,44
A,4,722,2197,960.6296997070312,44
A,4,723,2198,869.401611328125,44
A,4,724,2199,929.4900512695312,44
A,4,725,2200,943.6331787109375,44
A,4,726,2201,879.4410400390625,44
A,4,727,2202,912.21484375,44
A,4,728,2203,902.4429321289062,44
A,4,729,2204,953.9509887695312,44
A,4,730,2205,881.7733154296875,44
A,4,731,2206,864.8749389648438,44
A,4,732,2207,925.6845703125,44
A,4,733,2208,977.4173583984375,44
A,4,734,2209,944.5060424804688,44
A,4,735,2210,869.305419921875,44
A,4,736,2211,875.2322998046875,44
A,4,737,2212,989.3314819335938,44
A,4,738,2213,999.187255859375,44
A,4,739,2214,895.5972900390625,44
A,4,740,2215,880.5064697265625,44
A,4,741,2216,1000.138427734375,44
A,4,742,2217,920.6318969726562,44
A,4,743,2218,955.3938598632812,44
A,4,744,2219,950.2025756835938,44
A,4,745,2220,908.230224609375,44
A,4,746,2221,946.5913696289062,44
A,4,747,2222,1016.3792114257812,44
A,4,748,2223,1003.0801391601562,44
A,4,749,2224,930.2091064453125,44
A,4,750,2225,1006.9244995117188,44
A,4,751,2226,886.293212890625,44
A,4,752,2227,955.9933471679688,44
A,4,753,2228,875.3865966796875,44
A,4,754,2229,851.8743896484375,44
A,4,755,2230,912.0104370117188,44
A,4,756,2231,976.2352294921875,44
A,4,757,2232,869.0309448242188,44
A,4,758,2233,858.4815063476562,44
A,4,759,2234,895.4956665039062,44
A,4,760,2235,845.1395263671875,44
A,4,761,2236,873.2249755859375,44
A,4,762,2237,946.8245849609375,44
A,4,763,2238,981.7705688476562,44
A,4,764,2239,941.287353515625,44
A,4,765,2240,926.3029174804688,44
A,4,766,2241,923.9317626953125,44
A,4,767,2242,928.3225708007812,44
A,4,768,2243,927.9240112304688,44
A,4,769,2244,961.9735107421875,44
A,4,770,2245,925.5587158203125,44
A,4,771,2246,945.1231689453125,44
A,4,772,2247,992.3263549804688,44
A,4,773,2248,1036.2535400390625,44
A,4,774,2249,820.664794921875,44
A,4,775,2250,951.1411743164062,44
A,4,776,2251,989.3106689453125,44
A,4,777,2252,893.4166870117188,44
A,4,778,2253,920.6404418945312,44
A,4,779,2254,930.0289916992188,44
A,4,780,2255,974.5498046875,44
A,4,781,2256,936.5382080078125,44
A,4,782,2257,956.901611328125,44
A,4,783,2258,1006.3629760742188,44
A,4,784,2259,958.1898193359375,44
A,4,785,2260,953.4862060546875,44
A,4,786,2261,915.7752075195312,44
A,4,787,2262,1089.1971435546875,44
A,4,788,2263,922.6658325195312,44
A,4,789,2264,981.01611328125,44
A,4,790,2265,929.8150634765625,44
A,4,791,2266,871.1834106445312,44
A,4,792,2267,970.1923828125,44
A,4,793,2268,902.441162109375,44
A,4,794,2269,964.3046264648438,44
A,4,795,2270,983.8160400390625,44
A,4,796,2271,939.3072509765625,44
A,4,797,2272,993.9164428710938,44
A,4,798,2273,930.818115234375,44
A,4,799,2274,1007.2755126953125,44
A,4,800,2275,976.992919921875,44
A,4,801,2276,952.009765625,44
A,4,802,2277,963.39453125,44
A,4,803,2278,973.5560302734375,44
A,4,804,2279,898.0022583007812,44
A,4,805,2280,945.910888671875,44
A,4,806,2281,980.4275512695312,44
A,4,807,2282,992.7808837890625,44
A,4,808,2283,976.0156860351562,44
A,4,809,2284,1024.197509765625,44
A,4,810,2285,1002.8870239257812,44
A,4,811,2286,1007.0377807617188,44
A,4,812,2287,957.9449462890625,44
A,4,813,2288,997.6754760742188,44
A,4,814,2289,898.8156127929688,44
A,4,815,2290,948.6064453125,44
A,4,816,2291,922.5355224609375,44
A,4,817,2292,1032.3006591796875,44
A,4,818,2293,943.4964599609375,44
A,4,819,2294,996.3630981445312,44
A,4,820,2295,946.1936645507812,44
A,4,821,2296,974.285400390625,44
A,4,822,2297,951.3245239257812,44
A,4,823,2298,942.91845703125,44
A,5,750,3049,24.932992935180664,44
A,5,751,3050,68.11360931396484,44
A,5,752,3051,122.88749694824219,44
A,5,753,3052,185.23194885253906,44
A,5,754,3053,227.03268432617188,44
A,5,755,3054,267.5619812011719,44
A,5,756,3055,279.718994140625,44
A,5,757,3056,387.7912292480469,44
A,5,758,3057,427.2901916503906,44
A,5,759,3058,423.1874694824219,44
A,5,760,3059,512.4134521484375,44
A,5,761,3060,574.7435302734375,44
A,5,762,3061,529.6640014648438,44
A,5,763,3062,646.09375,44
A,5,764,3063,655.4793701171875,44
A,5,765,3064,784.4857788085938,44
A,5,766,3065,822.3660888671875,44
A,5,767,3066,867.1722412109375,44
A,5,768,3067,806.7168579101562,44
A,5,769,3068,905.2510986328125,44
A,5,770,3069,966.8550415039062,44
A,5,771,3070,1033.6070556640625,44
A,5,772,3071,888.4448852539062,44
A,5,773,3072,983.1965942382812,44
A,5,774,3073,942.6115112304688,44
A,5,775,3074,977.1183471679688,44
A,5,776,3075,1053.686279296875,44
A,5,777,3076,1026.1944580078125,44
A,5,778,3077,972.5890502929688,44
A,5,779,3078,893.20166015625,44
A,5,780,3079,940.3115234375,44
A,5,781,3080,959.2059326171875,44
A,5,782,3081,991.603515625,44
A,5,783,3082,960.1906127929688,44
A,5,784,3083,948.4642333984375,44
A,5,785,3084,828.909423828125,44
A,5,786,3085,910.2385864257812,44
A,5,787,3086,974.242919921875,44
A,5,788,3087,904.1500854492188,44
A,5,789,3088,999.0529174804688,44
A,5,790,3089,881.9642333984375,44
A,5,791,3090,963.5039672851562,44
A,5,792,3091,915.197998046875,44
A,5,793,3092,976.2901611328125,44
A,5,794,3093,913.7433471679688,44
A,5,795,3094,1002.533203125,44
A,5,796,3095,1051.423095703125,44
A,5,797,3096,880.1947021484375,44
A,5,798,3097,893.4313354492188,44
A,5,799,3098,924.950439453125,44
A,5,800,3099,1039.8544921875,44
A,5,801,3100,1035.1387939453125,44
A,5,802,3101,1007.8372192382812,44
A,5,803,3102,904.9024658203125,44
A,5,804,3103,972.5072631835938,44
A,5,805,3104,938.7785034179688,44
A,5,806,3105,909.3648071289062,44
A,5,807,3106,955.40234375,44
A,5,808,3107,819.2617797851562,44
A,5,809,3108,758.8955078125,44
A,5,810,3109,902.9859619140625,44
A,5,811,3110,879.9885864257812,44
A,5,812,3111,853.4525756835938,44
A,5,813,3112,932.4365234375,44
A,5,814,3113,913.0916748046875,44
A,5,815,3114,934.10009765625,44
A,5,816,3115,910.0407104492188,44
A,5,817,3116,916.4532470703125,44
A,5,818,3117,820.32958984375,44
A,5,819,3118,897.63818359375,44
A,5,820,3119,972.2939453125,44
A,5,821,3120,938.5676879882812,44
A,5,822,3121,1068.4327392578125,44
A,5,823,3122,1016.1002807617188,44
A,5,824,3123,918.1759643554688,44
A,5,825,3124,1032.95947265625,44
A,5,826,3125,988.800537109375,44
A,5,827,3126,919.7500610351562,44
A,5,828,3127,984.276611328125,44
A,5,829,3128,932.2850341796875,44
A,5,830,3129,945.977783203125,44
A,5,831,3130,991.356201171875,44
A,5,832,3131,934.5935668945312,44
A,5,833,3132,957.0838012695312,44
A,5,834,3133,999.5083618164062,44
A,5,835,3134,936.2636108398438,44
A,5,836,3135,980.0338134765625,44
A,5,837,3136,1028.0999755859375,44
A,5,838,3137,947.4027709960938,44
A,5,839,3138,897.7115478515625,44
A,5,840,3139,1020.264892578125,44
A,5,841,3140,923.0133056640625,44
A,5,842,3141,894.7871704101562,44
A,5,843,3142,950.875244140625,44
A,5,844,3143,1056.53369140625,44
A,5,845,3144,898.5113525390625,44
A,5,846,3145,975.225830078125,44
A,5,847,3146,1068.578125,44
A,5,848,3147,1024.4271240234375,44
A,5,849,3148,919.9343872070312,44
A,5,850,3149,1067.9093017578125,44
A,5,851,3150,959.9248046875,44
A,5,852,3151,905.5043334960938,44
A,5,853,3152,980.951416015625,44
A,5,854,3153,965.8358154296875,44
A,5,855,3154,942.232421875,44
A,5,856,3155,1036.8736572265625,44
A,5,857,3156,1021.0196533203125,44
A,5,858,3157,1016.223876953125,44
A,5,859,3158,1065.2335205078125,44
A,5,860,3159,994.6345825195312,44
A,5,861,3160,981.0745849609375,44
A,5,862,3161,933.8598022460938,44
A,5,863,3162,989.9334106445312,44
A,5,864,3163,933.2991333007812,44
A,5,865,3164,1015.0455932617188,44
A,5,866,3165,883.8563232421875,44
A,5,867,3166,982.3447265625,44
A,5,868,3167,953.9891357421875,44
A,5,869,3168,968.6823120117188,44
A,5,870,3169,969.237060546875,44
A,5,871,3170,954.935546875,44
A,5,872,3171,926.8634033203125,44
A,5,873,3172,1055.9129638671875,44
A,5,874,3173,1047.181396484375,44
A,5,875,3174,917.7413940429688,44
A,5,876,3175,1017.5174560546875,44
A,5,877,3176,994.1404418945312,44
A,5,878,3177,988.2809448242188,44
A,5,879,3178,996.285888671875,44
A,5,880,3179,1003.3861694335938,44
A,5,881,3180,921.4630737304688,44
A,5,882,3181,904.6488647460938,44
A,5,883,3182,970.1427001953125,44
A,5,884,3183,962.2069091796875,44
A,5,885,3184,1019.2433471679688,44
A,5,886,3185,1048.1864013671875,44
A,5,887,3186,1070.947265625,44
A,5,888,3187,885.0175170898438,44
A,5,889,3188,1007.0094604492188,44
A,5,890,3189,966.7918090820312,44
A,5,891,3190,975.3426513671875,44
A,5,892,3191,990.8213500976562,44
A,5,893,3192,978.6687622070312,44
A,5,894,3193,979.3656005859375,44
A,5,895,3194,1069.259521484375,44
A,5,896,3195,1015.8408203125,44
A,5,897,3196,974.5628051757812,44
A,5,898,3197,1048.232666015625,44
A,5,899,3198,1001.89697265625,44
A,5,900,3199,975.4214477539062,44
A,5,901,3200,999.2030639648438,44
A,5,902,3201,963.1306762695312,44
A,5,903,3202,1077.718505859375,44
A,5,904,3203,940.2567138671875,44
A,5,905,3204,1061.3736572265625,44
A,5,906,3205,994.088134765625,44
A,5,907,3206,1097.29296875,44
A,5,908,3207,936.4796752929688,44
A,5,909,3208,963.7420043945312,44
A,5,910,3209,948.40380859375,44
A,5,911,3210,951.436279296875,44
A,5,912,3211,998.3184204101562,44
A,5,913,3212,1039.5047607421875,44
A,5,914,3213,1063.4989013671875,44
A,5,915,3214,1101.454833984375,44
A,5,916,3215,933.0530395507812,44
A,5,917,3216,1054.9014892578125,44
A,5,918,3217,939.697265625,44
A,5,919,3218,1075.4295654296875,44
A,5,920,3219,1025.1856689453125,44
A,5,921,3220,1003.497802734375,44
A,5,922,3221,956.9857177734375,44
A,5,923,3222,1000.1970825195312,44
A,5,924,3223,983.4794921875,44
A,5,925,3224,1060.2279052734375,44
A,5,926,3225,1016.9697265625,44
A,5,927,3226,958.3999633789062,44
A,5,928,3227,1044.4862060546875,44
A,5,929,3228,966.0724487304688,44
A,5,930,3229,1060.510986328125,44
A,5,931,3230,933.3956298828125,44
A,5,932,3231,1009.7597045898438,44
A,5,933,3232,1098.3416748046875,44
A,5,934,3233,996.3558959960938,44
A,5,935,3234,1144.3004150390625,44
A,5,936,3235,1021.2597045898438,44
A,5,937,3236,972.0078735351562,44
A,5,938,3237,972.0714111328125,44
A,5,939,3238,995.517578125,44
A,5,940,3239,1012.8818359375,44
A,5,941,3240,1109.190673828125,44
A,5,942,3241,1024.683837890625,44
A,5,943,3242,958.7638549804688,44
A,5,944,3243,997.6488037109375,44
A,5,945,3244,921.1329956054688,44
A,5,946,3245,968.8185424804688,44
A,5,947,3246,928.21142578125,44
A,5,948,3247,1013.2631225585938,44
A,5,949,3248,975.2470092773438,44
A,5,950,3249,1083.9249267578125,44
A,5,951,3250,962.46826171875,44
A,5,952,3251,998.707275390625,44
A,5,953,3252,955.7572021484375,44
A,5,954,3253,854.53955078125,44
A,5,955,3254,936.5643310546875,44
A,5,956,3255,948.9478149414062,44
A,5,957,3256,1050.12939453125,44
A,5,958,3257,922.6954345703125,44
A,5,959,3258,1043.8385009765625,44
A,5,960,3259,992.6310424804688,44
A,5,961,3260,1030.6822509765625,44
A,5,962,3261,950.5205688476562,44
A,5,963,3262,1021.81201171875,44
A,5,964,3263,954.9686889648438,44
A,5,965,3264,963.3583984375,44
A,5,966,3265,1015.8104248046875,44
A,5,967,3266,1101.1968994140625,44
A,5,968,3267,1011.4019775390625,44
A,5,969,3268,924.7645263671875,44
A,5,970,3269,1003.3379516601562,44
A,5,971,3270,910.921630859375,44
A,5,972,3271,970.5717163085938,44
A,5,973,3272,891.8194580078125,44
A,5,974,3273,964.8526000976562,44
A,5,975,3274,980.7434692382812,44
A,5,976,3275,1024.1285400390625,44
A,5,977,3276,982.74169921875,44
A,5,978,3277,950.0537719726562,44
A,5,979,3278,1097.924072265625,44
A,5,980,3279,1032.058837890625,44
A,5,981,3280,977.7752075195312,44
A,5,982,3281,1012.2880249023438,44
A,5,983,3282,973.2803955078125,44
A,5,984,3283,965.8046875,44
A,5,985,3284,963.4375610351562,44
A,5,986,3285,939.0643310546875,44
A,5,987,3286,1062.9832763671875,44
A,5,988,3287,946.8226318359375,44
A,5,989,3288,1006.2651977539062,44
A,5,990,3289,980.729248046875,44
A,5,991,3290,1011.2195434570312,44
A,5,992,3291,1000.1475219726562,44
A,5,993,3292,936.7589721679688,44
A,5,994,3293,1035.004638671875,44
A,5,995,3294,957.97314453125,44
A,5,996,3295,1001.2797241210938,44
A,5,997,3296,1045.748046875,44
A,5,998,3297,1063.6683349609375,44
A,5,999,3298,1004.9536743164062,44
A,5,1000,3299,1052.350830078125,44
A,5,1001,3300,924.2713012695312,44
A,5,1002,3301,844.5485229492188,44
A,5,1003,3302,910.2632446289062,44
A,5,1004,3303,963.5298461914062,44
A,5,1005,3304,896.5694580078125,44
A,5,1006,3305,887.5370483398438,44
A,5,1007,3306,1069.8497314453125,44
A,5,1008,3307,924.949462890625,44
A,5,1009,3308,871.5051879882812,44
A,5,1010,3309,810.0173950195312,44
A,5,1011,3310,877.90869140625,44
A,5,1012,3311,953.4788208007812,44
A,5,1013,3312,929.5889282226562,44
A,5,1014,3313,943.0283203125,44
A,5,1015,3314,918.6188354492188,44
A,5,1016,3315,911.7249755859375,44
A,5,1017,3316,993.655029296875,44
A,5,1018,3317,951.185302734375,44
A,5,1019,3318,922.51708984375,44
A,5,1020,3319,963.6075439453125,44
A,5,1021,3320,1001.6343383789062,44
A,5,1022,3321,990.0009155273438,44
A,5,1023,3322,941.7222290039062,44
A,5,1024,3323,891.9403686523438,44
A,5,1025,3324,975.15771484375,44
A,5,1026,3325,1067.7930908203125,44
A,5,1027,3326,971.6636352539062,44
A,5,1028,3327,960.393310546875,44
A,5,1029,3328,1003.1614990234375,44
A,5,1030,3329,976.6297607421875,44
A,5,1031,3330,936.9712524414062,44
A,5,1032,3331,997.790283203125,44
A,5,1033,3332,1010.5328369140625,44
A,5,1034,3333,999.2254028320312,44
A,5,1035,3334,943.5785522460938,44
A,5,1036,3335,937.1454467773438,44
A,5,1037,3336,1012.0555419921875,44
A,5,1038,3337,866.597900390625,44
A,5,1039,3338,1062.8089599609375,44
A,5,1040,3339,1092.875244140625,44
A,5,1041,3340,974.7733764648438,44
A,5,1042,3341,1072.8475341796875,44
A,5,1043,3342,962.08837890625,44
A,5,1044,3343,948.73291015625,44
A,5,1045,3344,965.75,44
A,5,1046,3345,925.536865234375,44
A,5,1047,3346,900.3107299804688,44
A,5,1048,3347,1013.0484008789062,44
A,5,1049,3348,972.9675903320312,44
B,1,0,0,-93.1412124633789,44
B,1,1,1,-91.45330810546875,44
B,1,2,2,-90.2096939086914,44
B,1,3,3,-83.54098510742188,44
B,1,4,4,-77.24020385742188,44
B,1,5,5,-73.02828979492188,44
B,1,6,6,-73.35285186767578,44
B,1,7,7,-79.0565414428711,44
B,1,8,8,-72.52055358886719,44
B,1,9,9,-76.79552459716797,44
B,1,10,10,-79.97472381591797,44
B,1,11,11,-85.68287658691406,44
B,1,12,12,-90.26063537597656,44
B,1,13,13,-91.94937896728516,44
B,1,14,14,-105.76386260986328,44
B,1,15,15,-105.24898529052734,44
B,1,16,16,-108.9874038696289,44
B,1,17,17,-134.51544189453125,44
B,1,18,18,-141.7159881591797,44
B,1,19,19,-149.49649047851562,44
B,1,20,20,-148.0771484375,44
B,1,21,21,-199.23309326171875,44
B,1,22,22,-243.13204956054688,44
B,1,23,23,-233.08363342285156,44
B,1,24,24,-283.45989990234375,44
B,1,25,25,-336.89007568359375,44
B,1,26,26,-356.53900146484375,44
B,1,27,27,-380.4442443847656,44
B,1,28,28,-352.2268371582031,44
B,1,29,29,-354.3214416503906,44
B,1,30,30,-406.21893310546875,44
B,1,31,31,-391.768798828125,44
B,1,32,32,-373.0967712402344,44
B,1,33,33,-316.42657470703125,44
B,1,34,34,-217.0596923828125,44
B,1,35,35,-254.35716247558594,44
B,1,36,36,-343.9181823730469,44
B,1,37,37,-235.9576873779297,44
B,1,38,38,-154.97454833984375,44
B,1,39,39,-201.7827911376953,44
B,1,40,40,-220.85406494140625,44
B,1,41,41,-87.91173553466797,44
B,1,42,42,-175.9906463623047,44
B,1,43,43,-298.2142028808594,44
B,1,44,44,-181.22900390625,44
B,1,45,45,-198.65628051757812,44
B,1,46,46,-138.28306579589844,44
B,1,47,47,-19.48150634765625,44
B,1,48,48,-46.41031265258789,44
B,1,49,49,-93.11026000976562,44
B,1,50,50,-157.09982299804688,44
B,1,51,51,-91.33296966552734,44
B,1,52,52,46.717803955078125,44
B,1,53,53,53.9024772644043,44
B,1,54,54,-3.380664825439453,44
B,1,55,55,136.3641357421875,44
B,1,56,56,-26.3207950592041,44
B,1,57,57,114.18045806884766,44
B,1,58,58,159.78482055664062,44
B,1,59,59,63.04249572753906,44
B,1,60,60,166.0088348388672,44
B,1,61,61,163.0663604736328,44
B,1,62,62,186.0319061279297,44
B,1,63,63,206.40335083007812,44
B,1,64,64,170.63003540039062,44
B,1,65,65,290.0400695800781,44
B,1,66,66,311.2851257324219,44
B,1,67,67,214.21820068359375,44
B,1,68,68,267.2574768066406,44
B,1,69,69,367.89324951171875,44
B,1,70,70,327.45660400390625,44
B,1,71,71,374.088134765625,44
B,1,72,72,378.2494812011719,44
B,1,73,73,370.80218505859375,44
B,1,74,74,458.20184326171875,44
B,1,75,75,373.5818786621094,44
B,1,76,76,314.6748962402344,44
B,1,77,77,311.99713134765625,44
B,1,78,78,375.5875244140625,44
B,1,79,79,441.2110290527344,44
B,1,80,80,417.8524475097656,44
B,1,81,81,369.58050537109375,44
B,1,82,82,428.8934020996094,44
B,1,83,83,450.9306335449219,44
B,1,84,84,461.3985290527344,44
B,1,85,85,519.0604248046875,44
B,1,86,86,490.64031982421875,44
B,1,87,87,659.7724609375,44
B,1,88,88,652.8618774414062,44
B,1,89,89,718.1288452148438,44
B,1,90,90,689.7146606445312,44
B,1,91,91,609.5305786132812,44
B,1,92,92,565.1174926757812,44
B,1,93,93,584.94970703125,44
B,1,94,94,564.4490966796875,44
B,1,95,95,526.2725219726562,44
B,1,96,96,671.5511474609375,44
B,1,97,97,641.550537109375,44
B,1,98,98,778.539306640625,44
B,1,99,99,802.0010375976562,44
B,1,100,100,808.54638671875,44
B,1,101,101,788.6378173828125,44
B,1,102,102,856.4715576171875,44
B,1,103,103,747.8098754882812,44
B,1,104,104,872.6547241210938,44
B,1,105,105,881.5724487304688,44
B,1,106,106,861.8251342773438,44
B,1,107,107,934.0716552734375,44
B,1,108,108,992.5471801757812,44
B,1,109,109,1073.5946044921875,44
B,1,110,110,1058.6624755859375,44
B,1,111,111,1001.8257446289062,44
B,1,112,112,1076.89794921875,44
B,1,113,113,1103.9874267578125,44
B,1,114,114,1123.3232421875,44
B,1,115,115,1083.823486328125,44
B,1,116,116,1089.6234130859375,44
B,1,117,117,1106.1092529296875,44
B,1,118,118,1123.39208984375,44
B,1,119,119,1172.9747314453125,44
B,1,120,120,1149.8040771484375,44
B,1,121,121,1250.818359375,44
B,1,122,122,1234.2608642578125,44
B,1,123,123,1105.55908203125,44
B,1,124,124,1179.900146484375,44
B,1,125,125,1165.091796875,44
B,1,126,126,1179.3133544921875,44
B,1,127,127,1215.7291259765625,44
B,1,128,128,1175.4488525390625,44
B,1,129,129,1194.498291015625,44
B,1,130,130,1203.45556640625,44
B,1,131,131,1231.151123046875,44
B,1,132,132,1198.32470703125,44
B,1,133,133,1147.426025390625,44
B,1,134,134,1165.6175537109375,44
B,1,135,135,1225.1317138671875,44
B,1,136,136,1219.434814453125,44
B,1,137,137,1211.923095703125,44
B,1,138,138,1210.395263671875,44
B,1,139,139,1317.64599609375,44
B,1,140,140,1141.1478271484375,44
B,1,141,141,1217.0662841796875,44
B,1,142,142,1167.47802734375,44
B,1,143,143,1255.0491943359375,44
B,1,144,144,1227.3387451171875,44
B,1,145,145,1177.653564453125,44
B,1,146,146,1159.1788330078125,44
B,1,147,147,1283.87353515625,44
B,1,148,148,1180.190673828125,44
B,1,149,149,1182.766357421875,44
B,1,150,150,1168.276123046875,44
B,1,151,151,1125.3184814453125,44
B,1,152,152,1204.19287109375,44
B,1,153,153,1209.621826171875,44
B,1,154,154,1172.416748046875,44
B,1,155,155,1149.4854736328125,44
B,1,156,156,1160.7659912109375,44
B,1,157,157,1160.3148193359375,44
B,1,158,158,1203.99853515625,44
B,1,159,159,1117.0416259765625,44
B,1,160,160,1244.03076171875,44
B,1,161,161,1231.51123046875,44
B,1,162,162,1108.09423828125,44
B,1,163,163,1212.719970703125,44
B,1,164,164,1087.5556640625,44
B,1,165,165,1159.4119873046875,44
B,1,166,166,1234.0059814453125,44
B,1,167,167,1209.525146484375,44
B,1,168,168,1176.05859375,44
B,1,169,169,1195.0721435546875,44
B,1,170,170,1223.4229736328125,44
B,1,171,171,1142.1226806640625,44
B,1,172,172,1227.79541015625,44
B,1,173,173,1184.4613037109375,44
B,1,174,174,1191.8826904296875,44
B,1,175,175,1204.565185546875,44
B,1,176,176,1269.1375732421875,44
B,1,177,177,1194.3382568359375,44
B,1,178,178,1165.7060546875,44
B,1,179,179,1221.989501953125,44
B,1,180,180,1132.248291015625,44
B,1,181,181,1203.629638671875,44
B,1,182,182,1154.6898193359375,44
B,1,183,183,1176.6986083984375,44
B,1,184,184,1216.7718505859375,44
B,1,185,185,1171.8621826171875,44
B,1,186,186,1206.397216796875,44
B,1,187,187,1191.92578125,44
B,1,188,188,1185.5684814453125,44
B,1,189,189,1251.42333984375,44
B,1,190,190,1227.00634765625,44
B,1,191,191,1164.7032470703125,44
B,1,192,192,1217.322021484375,44
B,1,193,193,1194.1693115234375,44
B,1,194,194,1168.8851318359375,44
B,1,195,195,1173.15966796875,44
B,1,196,196,1143.816162109375,44
B,1,197,197,1102.5965576171875,44
B,1,198,198,1150.501220703125,44
B,1,199,199,1337.419677734375,44
B,1,200,200,1262.6861572265625,44
B,1,201,201,1193.740478515625,44
B,1,202,202,1282.4761962890625,44
B,1,203,203,1168.791015625,44
B,1,204,204,1274.41845703125,44
B,1,205,205,1254.7210693359375,44
B,1,206,206,1214.59521484375,44
B,1,207,207,1234.218994140625,44
B,1,208,208,1301.0216064453125,44
B,1,209,209,1225.548583984375,44
B,1,210,210,1280.427490234375,44
B,1,211,211,1185.0948486328125,44
B,1,212,212,1194.8619384765625,44
B,1,213,213,1219.0941162109375,44
B,1,214,214,1252.3729248046875,44
B,1,215,215,1201.5142822265625,44
B,1,216,216,1178.897705078125,44
B,1,217,217,1253.8616943359375,44
B,1,218,218,1261.8262939453125,44
B,1,219,219,1192.098876953125,44
B,1,220,220,1177.8516845703125,44
B,1,221,221,1226.1470947265625,44
B,1,222,222,1268.1207275390625,44
B,1,223,223,1100.331787109375,44
B,1,224,224,1331.252685546875,44
B,1,225,225,1287.56103515625,44
B,1,226,226,1295.1170654296875,44
B,1,227,227,1351.5780029296875,44
B,1,228,228,1252.7464599609375,44
B,1,229,229,1227.7393798828125,44
B,1,230,230,1347.260009765625,44
B,1,231,231,1244.1767578125,44
B,1,232,232,1295.885498046875,44
B,1,233,233,1162.371337890625,44
B,1,234,234,1258.0164794921875,44
B,1,235,235,1251.1439208984375,44
B,1,236,236,1324.584716796875,44
B,1,237,237,1277.951904296875,44
B,1,238,238,1254.078125,44
B,1,239,239,1292.785400390625,44
B,1,240,240,1292.325439453125,44
B,1,241,241,1257.343017578125,44
B,1,242,242,1230.1585693359375,44
B,1,243,243,1364.0157470703125,44
B,1,244,244,1288.705078125,44
B,1,245,245,1314.8631591796875,44
B,1,246,246,1268.3043212890625,44
B,1,247,247,1279.1788330078125,44
B,1,248,248,1174.2769775390625,44
B,1,249,249,1230.5887451171875,44
B,1,250,250,1269.30029296875,44
B,1,251,251,1260.553466796875,44
B,1,252,252,1307.610107421875,44
B,1,253,253,1223.0750732421875,44
B,1,254,254,1295.89453125,44
B,1,255,255,1285.77294921875,44
B,1,256,256,1208.6280517578125,44
B,1,257,257,1262.4117431640625,44
B,1,258,258,1265.233642578125,44
B,1,259,259,1239.768310546875,44
B,1,260,260,1280.596923828125,44
B,1,261,261,1255.7513427734375,44
B,1,262,262,1294.580078125,44
B,1,263,263,1257.30517578125,44
B,1,264,264,1249.7767333984375,44
B,1,265,265,1350.9954833984375,44
B,1,266,266,1330.7723388671875,44
B,1,267,267,1339.1429443359375,44
B,1,268,268,1310.0753173828125,44
B,1,269,269,1289.5748291015625,44
B,1,270,270,1203.2000732421875,44
B,1,271,271,1402.9036865234375,44
B,1,272,272,1317.34130859375,44
B,1,273,273,1268.7139892578125,44
B,1,274,274,1223.998779296875,44
B,1,275,275,1254.482666015625,44
B,1,276,276,1272.9307861328125,44
B,1,277,277,1224.6400146484375,44
B,1,278,278,1187.5362548828125,44
B,1,279,279,1209.0206298828125,44
B,1,280,280,1213.8641357421875,44
B,1,281,281,1161.0511474609375,44
B,1,282,282,1168.943603515625,44
B,1,283,283,1215.0963134765625,44
B,1,284,284,1201.2467041015625,44
B,1,285,285,1273.789306640625,44
B,1,286,286,1199.60400390625,44
B,1,287,287,1097.8499755859375,44
B,1,288,288,1162.59619140625,44
B,1,289,289,1214.7513427734375,44
B,1,290,290,1186.476318359375,44
B,1,291,291,1196.8748779296875,44
B,1,292,292,1214.440673828125,44
B,1,293,293,1231.0792236328125,44
B,1,294,294,1281.8138427734375,44
B,1,295,295,1242.1280517578125,44
B,1,296,296,1220.8675537109375,44
B,1,297,297,1142.140625,44
B,1,298,298,1164.124755859375,44
B,1,299,299,1195.646240234375,44
B,2,200,500,48.87737274169922,44
B,2,201,501,103.68360137939453,44
B,2,202,502,180.14297485351562,44
B,2,203,503,221.47244262695312,44
B,2,204,504,318.2834777832031,44
B,2,205,505,355.0282897949219,44
B,2,206,506,447.7086486816406,44
B,2,207,507,460.85333251953125,44
B,2,208,508,490.0419921875,44
B,2,209,509,573.0784912109375,44
B,2,210,510,655.8487548828125,44
B,2,211,511,710.3318481445312,44
B,2,212,512,771.1785278320312,44
B,2,213,513,810.5997924804688,44
B,2,214,514,866.3648071289062,44
B,2,215,515,871.7783813476562,44
B,2,216,516,968.7940673828125,44
B,2,217,517,1069.3948974609375,44
B,2,218,518,1010.4693603515625,44
B,2,219,519,1063.974365234375,44
B,2,220,520,1208.6875,44
B,2,221,521,1210.80029296875,44
B,2,222,522,1251.579345703125,44
B,2,223,523,1221.200439453125,44
B,2,224,524,1218.64501953125,44
B,2,225,525,1159.89501953125,44
B,2,226,526,1206.5499267578125,44
B,2,227,527,1223.532470703125,44
B,2,228,528,1205.2987060546875,44
B,2,229,529,1223.5506591796875,44
B,2,230,530,1209.1588134765625,44
B,2,231,531,1188.93798828125,44
B,2,232,532,1186.1617431640625,44
B,2,233,533,1185.39794921875,44
B,2,234,534,1243.0357666015625,44
B,2,235,535,1278.6805419921875,44
B,2,236,536,1152.18212890625,44
B,2,237,537,1197.44287109375,44
B,2,238,538,1243.1390380859375,44
B,2,239,539,1167.5848388671875,44
B,2,240,540,1177.337890625,44
B,2,241,541,1187.2281494140625,44
B,2,242,542,1300.7200927734375,44
B,2,243,543,1276.93701171875,44
B,2,244,544,1130.715576171875,44
B,2,245,545,1239.117919921875,44
B,2,246,546,1240.0601806640625,44
B,2,247,547,1233.8709716796875,44
B,2,248,548,1237.2896728515625,44
B,2,249,549,1243.6348876953125,44
B,2,250,550,1147.8741455078125,44
B,2,251,551,1208.1895751953125,44
B,2,252,552,1235.9061279296875,44
B,2,253,553,1251.20849609375,44
B,2,254,554,1249.0814208984375,44
B,2,255,555,1177.2913818359375,44
B,2,256,556,1196.7440185546875,44
B,2,257,557,1213.2906494140625,44
B,2,258,558,1140.81494140625,44
B,2,259,559,1268.2088623046875,44
B,2,260,560,1277.1937255859375,44
B,2,261,561,1242.0865478515625,44
B,2,262,562,1101.8782958984375,44
B,2,263,563,1263.595458984375,44
B,2,264,564,1185.2835693359375,44
B,2,265,565,1180.8359375,44
B,2,266,566,1236.393798828125,44
B,2,267,567,1263.322509765625,44
B,2,268,568,1263.0062255859375,44
B,2,269,569,1138.779296875,44
B,2,270,570,1167.345947265625,44
B,2,271,571,1163.923583984375,44
B,2,272,572,1266.232177734375,44
B,2,273,573,1134.1871337890625,44
B,2,274,574,1239.253662109375,44
B,2,275,575,1165.6949462890625,44
B,2,276,576,1277.1495361328125,44
B,2,277,577,1199.046142578125,44
B,2,278,578,1193.2147216796875,44
B,2,279,579,1188.77587890625,44
B,2,280,580,976.9020385742188,44
B,2,281,581,992.3029174804688,44
B,2,282,582,1141.322021484375,44
B,2,283,583,1213.331298828125,44
B,2,284,584,1240.888427734375,44
B,2,285,585,1160.008544921875,44
B,2,286,586,1214.738525390625,44
B,2,287,587,1239.445556640625,44
B,2,288,588,1187.926025390625,44
B,2,289,589,1228.2271728515625,44
B,2,290,590,1235.9356689453125,44
B,2,291,591,1180.13818359375,44
B,2,292,592,1171.9061279296875,44
B,2,293,593,1164.3101806640625,44
B,2,294,594,1158.954833984375,44
B,2,295,595,1186.26220703125,44
B,2,296,596,1026.87451171875,44
B,2,297,597,1150.5013427734375,44
B,2,298,598,1225.9097900390625,44
B,2,299,599,1216.428466796875,44
B,2,300,600,1091.7073974609375,44
B,2,301,601,1222.8375244140625,44
B,2,302,602,1145.4447021484375,44
B,2,303,603,1116.6142578125,44
B,2,304,604,1109.0474853515625,44
B,2,305,605,1203.078857421875,44
B,2,306,606,1235.92333984375,44
B,2,307,607,1261.067138671875,44
B,2,308,608,1222.3974609375,44
B,2,309,609,1223.828857421875,44
B,2,310,610,1142.7464599609375,44
B,2,311,611,1101.292724609375,44
B,2,312,612,1180.9842529296875,44
B,2,313,613,1092.3309326171875,44
B,2,314,614,1199.677490234375,44
B,2,315,615,1112.4700927734375,44
B,2,316,616,1216.94775390625,44
B,2,317,617,1237.968994140625,44
B,2,318,618,1207.6265869140625,44
B,2,319,619,1130.35986328125,44
B,2,320,620,1262.7347412109375,44
B,2,321,621,1174.0609130859375,44
B,2,322,622,1265.767822265625,44
B,2,323,623,1241.9100341796875,44
B,2,324,624,1242.5867919921875,44
B,2,325,625,1228.2081298828125,44
B,2,326,626,1190.337158203125,44
B,2,327,627,1142.8162841796875,44
B,2,328,628,1245.782958984375,44
B,2,329,629,1154.5135498046875,44
B,2,330,630,1184.2244873046875,44
B,2,331,631,1140.4981689453125,44
B,2,332,632,1252.646240234375,44
B,2,333,633,1248.438232421875,44
B,2,334,634,1217.4749755859375,44
B,2,335,635,1227.6182861328125,44
B,2,336,636,1276.3265380859375,44
B,2,337,637,1259.326904296875,44
B,2,338,638,1206.1546630859375,44
B,2,339,639,1319.6422119140625,44
B,2,340,640,1262.9268798828125,44
B,2,341,641,1122.4814453125,44
B,2,342,642,1055.52294921875,44
B,2,343,643,941.6220092773438,44
B,2,344,644,1042.7125244140625,44
B,2,345,645,1023.96728515625,44
B,2,346,646,866.912841796875,44
B,2,347,647,841.1676025390625,44
B,2,348,648,1008.5624389648438,44
B,2,349,649,1241.925048828125,44
B,2,350,650,1174.3065185546875,44
B,2,351,651,1179.1739501953125,44
B,2,352,652,1201.3138427734375,44
B,2,353,653,1126.7615966796875,44
B,2,354,654,1220.378662109375,44
B,2,355,655,1108.485107421875,44
B,2,356,656,1160.967041015625,44
B,2,357,657,1156.9608154296875,44
B,2,358,658,1172.2218017578125,44
B,2,359,659,1157.632568359375,44
B,2,360,660,1209.500732421875,44
B,2,361,661,1145.8062744140625,44
B,2,362,662,1195.253173828125,44
B,2,363,663,1191.3114013671875,44
B,2,364,664,1152.90966796875,44
B,2,365,665,1175.639892578125,44
B,2,366,666,1178.635009765625,44
B,2,367,667,1220.46630859375,44
B,2,368,668,1177.5321044921875,44
B,2,369,669,1152.8992919921875,44
B,2,370,670,1199.2784423828125,44
B,2,371,671,1158.0396728515625,44
B,2,372,672,1159.1435546875,44
B,2,373,673,1253.59130859375,44
B,2,374,674,1184.13427734375,44
B,2,375,675,1189.6522216796875,44
B,2,376,676,1235.9864501953125,44
B,2,377,677,1292.5382080078125,44
B,2,378,678,1185.658447265625,44
B,2,379,679,1202.6885986328125,44
B,2,380,680,1242.244873046875,44
B,2,381,681,1243.3592529296875,44
B,2,382,682,1142.7073974609375,44
B,2,383,683,1225.5325927734375,44
B,2,384,684,1205.702392578125,44
B,2,385,685,1256.0152587890625,44
B,2,386,686,1249.796142578125,44
B,2,387,687,1277.5364990234375,44
B,2,388,688,1240.64501953125,44
B,2,389,689,1199.7783203125,44
B,2,390,690,1262.9942626953125,44
B,2,391,691,1264.1226806640625,44
B,2,392,692,1257.7178955078125,44
B,2,393,693,1346.85546875,44
B,2,394,694,1253.713134765625,44
B,2,395,695,1231.322265625,44
B,2,396,696,1292.7606201171875,44
B,2,397,697,1288.3021240234375,44
B,2,398,698,1213.355224609375,44
B,2,399,699,1234.81494140625,44
B,2,400,700,1261.705322265625,44
B,2,401,701,1212.7249755859375,44
B,2,402,702,1287.1134033203125,44
B,2,403,703,1245.4908447265625,44
B,2,404,704,1320.4420166015625,44
B,2,405,705,1237.3192138671875,44
B,2,406,706,1214.2081298828125,44
B,2,407,707,1250.906005859375,44
B,2,408,708,1262.6434326171875,44
B,2,409,709,1237.5013427734375,44
B,2,410,710,1251.6170654296875,44
B,2,411,711,1244.031494140625,44
B,2,412,712,1231.0972900390625,44
B,2,413,713,1312.8177490234375,44
B,2,414,714,1273.00732421875,44
B,2,415,715,1276.08935546875,44
B,2,416,716,1262.14111328125,44
B,2,417,717,1322.219482421875,44
B,2,418,718,1235.79443359375,44
B,2,419,719,1229.1864013671875,44
B,2,420,720,1270.256103515625,44
B,2,421,721,1265.6444091796875,44
B,2,422,722,1167.7626953125,44
B,2,423,723,1272.6597900390625,44
B,2,424,724,1244.2926025390625,44
B,2,425,725,1250.3638916015625,44
B,2,426,726,1255.090087890625,44
B,2,427,727,1254.6824951171875,44
B,2,428,728,1148.406005859375,44
B,2,429,729,1235.5281982421875,44
B,2,430,730,1210.7322998046875,44
B,2,431,731,1238.3004150390625,44
B,2,432,732,1163.458984375,44
B,2,433,733,1209.047119140625,44
B,2,434,734,1220.820068359375,44
B,2,435,735,1140.929931640625,44
B,2,436,736,1038.7908935546875,44
B,2,437,737,1124.875732421875,44
B,2,438,738,1124.9432373046875,44
B,2,439,739,1111.0107421875,44
B,2,440,740,1116.2120361328125,44
B,2,441,741,1129.6690673828125,44
B,2,442,742,1170.862060546875,44
B,2,443,743,1190.279296875,44
B,2,444,744,1088.2216796875,44
B,2,445,745,1156.355224609375,44
B,2,446,746,1124.18017578125,44
B,2,447,747,1087.0340576171875,44
B,2,448,748,1114.9765625,44
B,2,449,749,1007.9937133789062,44
B,2,450,750,1091.94921875,44
B,2,451,751,1079.997314453125,44
B,2,452,752,1011.59716796875,44
B,2,453,753,1103.81689453125,44
B,2,454,754,1051.844482421875,44
B,2,455,755,1030.67822265625,44
B,2,456,756,1086.3094482421875,44
B,2,457,757,1035.8292236328125,44
B,2,458,758,1010.5899658203125,44
B,2,459,759,1120.979248046875,44
B,2,460,760,1055.388916015625,44
B,2,461,761,1106.342529296875,44
B,2,462,762,1041.546630859375,44
B,2,463,763,1079.9951171875,44
B,2,464,764,1156.133056640625,44
B,2,465,765,1145.4952392578125,44
B,2,466,766,1075.4400634765625,44
B,2,467,767,1155.563232421875,44
B,2,468,768,1060.9134521484375,44
B,2,469,769,1113.869873046875,44
B,2,470,770,1116.7677001953125,44
B,2,471,771,1077.02587890625,44
B,2,472,772,1041.4835205078125,44
B,2,473,773,1127.8055419921875,44
B,2,474,774,1101.7601318359375,44
B,2,475,775,1071.179443359375,44
B,2,476,776,1049.42431640625,44
B,2,477,777,1078.93896484375,44
B,2,478,778,1124.1829833984375,44
B,2,479,779,1110.5667724609375,44
B,2,480,780,1087.821533203125,44
B,2,481,781,1092.9449462890625,44
B,2,482,782,1114.521240234375,44
B,2,483,783,1043.764892578125,44
B,2,484,784,1090.5465087890625,44
B,2,485,785,1104.958740234375,44
B,2,486,786,1068.551513671875,44
B,2,487,787,1026.34619140625,44
B,2,488,788,1057.769287109375,44
B,2,489,789,1110.9434814453125,44
B,2,490,790,1155.996826171875,44
B,2,491,791,1148.360595703125,44
B,2,492,792,1037.3270263671875,44
B,2,493,793,1048.459228515625,44
B,2,494,794,1097.4014892578125,44
B,2,495,795,1010.0736083984375,44
B,2,496,796,1108.604736328125,44
B,2,497,797,1121.6973876953125,44
B,2,498,798,1067.622314453125,44
B,2,499,799,1129.5751953125,44
B,2,500,800,1134.0355224609375,44
B,2,501,801,1165.3895263671875,44
B,2,502,802,1150.317138671875,44
B,2,503,803,1132.8858642578125,44
B,2,504,804,1132.656494140625,44
B,2,505,805,1152.402099609375,44
B,2,506,806,1131.918701171875,44
B,2,507,807,1194.9190673828125,44
B,2,508,808,1216.2908935546875,44
B,2,509,809,1103.334228515625,44
B,2,510,810,1154.00927734375,44
B,2,511,811,1198.414794921875,44
B,2,512,812,1196.1151123046875,44
B,2,513,813,1234.8675537109375,44
B,2,514,814,1227.93896484375,44
B,2,515,815,1205.3519287109375,44
B,2,516,816,1132.553955078125,44
B,2,517,817,1152.3267822265625,44
B,2,518,818,1113.46044921875,44
B,2,519,819,1128.574462890625,44
B,2,520,820,1149.94482421875,44
B,2,521,821,1235.146240234375,44
B,2,522,822,1216.8043212890625,44
B,2,523,823,1120.7333984375,44
B,2,524,824,1245.11767578125,44
B,2,525,825,1222.5859375,44
B,2,526,826,1175.2667236328125,44
B,2,527,827,1273.416259765625,44
B,2,528,828,1291.5487060546875,44
B,2,529,829,1237.8438720703125,44
B,2,530,830,1152.09326171875,44
B,2,531,831,1258.404541015625,44
B,2,532,832,1234.4075927734375,44
B,2,533,833,1176.1610107421875,44
B,2,534,834,1254.5035400390625,44
B,2,535,835,1171.4002685546875,44
B,2,536,836,1285.2314453125,44
B,2,537,837,1274.5003662109375,44
B,2,538,838,1283.6805419921875,44
B,2,539,839,1227.1322021484375,44
B,2,540,840,1280.3656005859375,44
B,2,541,841,1240.9521484375,44
B,2,542,842,1222.041015625,44
B,2,543,843,1277.381103515625,44
B,2,544,844,1265.874267578125,44
B,2,545,845,1330.7666015625,44
B,2,546,846,1318.9267578125,44
B,2,547,847,1304.228271484375,44
B,2,548,848,1268.9114990234375,44
B,2,549,849,1247.554443359375,44
B,3,400,1250,38.960079193115234,44
B,3,401,1251,98.02372741699219,44
B,3,402,1252,184.71800231933594,44
B,3,403,1253,228.25901794433594,44
B,3,404,1254,301.8238220214844,44
B,3,405,1255,351.5421142578125,44
B,3,406,1256,387.9839782714844,44
B,3,407,1257,466.0622253417969,44
B,3,408,1258,524.9749145507812,44
B,3,409,1259,542.0288696289062,44
B,3,410,1260,628.9072265625,44
B,3,411,1261,662.2498168945312,44
B,3,412,1262,740.79248046875,44
B,3,413,1263,731.3197631835938,44
B,3,414,1264,859.83544921875,44
B,3,415,1265,891.4142456054688,44
B,3,416,1266,980.84375,44
B,3,417,1267,1030.757080078125,44
B,3,418,1268,1083.440185546875,44
B,3,419,1269,1115.6446533203125,44
B,3,420,1270,1092.739990234375,44
B,3,421,1271,1143.8963623046875,44
B,3,422,1272,1162.9534912109375,44
B,3,423,1273,1156.461669921875,44
B,3,424,1274,1169.84619140625,44
B,3,425,1275,1126.6507568359375,44
B,3,426,1276,1189.8035888671875,44
B,3,427,1277,1144.246337890625,44
B,3,428,1278,1132.8507080078125,44
B,3,429,1279,1106.814697265625,44
B,3,430,1280,1181.977783203125,44
B,3,431,1281,1129.37646484375,44
B,3,432,1282,1179.030029296875,44
B,3,433,1283,1179.3192138671875,44
B,3,434,1284,1166.470458984375,44
B,3,435,1285,1189.4329833984375,44
B,3,436,1286,1134.152099609375,44
B,3,437,1287,1194.7086181640625,44
B,3,438,1288,1168.0072021484375,44
B,3,439,1289,1250.7012939453125,44
B,3,440,1290,1142.541748046875,44
B,3,441,1291,1134.8348388671875,44
B,3,442,1292,1197.818115234375,44
B,3,443,1293,1174.2166748046875,44
B,3,444,1294,1186.715087890625,44
B,3,445,1295,1220.1939697265625,44
B,3,446,1296,1132.02392578125,44
B,3,447,1297,1154.98828125,44
B,3,448,1298,1165.9139404296875,44
B,3,449,1299,1189.3345947265625,44
B,3,450,1300,1079.244384765625,44
B,3,451,1301,1170.9952392578125,44
B,3,452,1302,1089.065673828125,44
B,3,453,1303,1118.2786865234375,44
B,3,454,1304,1191.893310546875,44
B,3,455,1305,1227.985107421875,44
B,3,456,1306,1192.74755859375,44
B,3,457,1307,1193.6414794921875,44
B,3,458,1308,1213.091796875,44
B,3,459,1309,1159.1158447265625,44
B,3,460,1310,1176.032470703125,44
B,3,461,1311,1150.7615966796875,44
B,3,462,1312,1235.88916015625,44
B,3,463,1313,1132.5157470703125,44
B,3,464,1314,1127.1805419921875,44
B,3,465,1315,1122.3343505859375,44
B,3,466,1316,1194.018798828125,44
B,3,467,1317,1212.2052001953125,44
B,3,468,1318,1142.2200927734375,44
B,3,469,1319,1200.2142333984375,44
B,3,470,1320,1109.205322265625,44
B,3,471,1321,981.1275024414062,44
B,3,472,1322,1077.6868896484375,44
B,3,473,1323,1073.837158203125,44
B,3,474,1324,1159.23583984375,44
B,3,475,1325,1046.1092529296875,44
B,3,476,1326,1094.2685546875,44
B,3,477,1327,1093.093994140625,44
B,3,478,1328,1100.277099609375,44
B,3,479,1329,1133.7259521484375,44
B,3,480,1330,1154.076171875,44
B,3,481,1331,1064.143310546875,44
B,3,482,1332,1077.08349609375,44
B,3,483,1333,1046.1876220703125,44
B,3,484,1334,1054.4931640625,44
B,3,485,1335,1075.076171875,44
B,3,486,1336,1087.5279541015625,44
B,3,487,1337,1057.4625244140625,44
B,3,488,1338,1116.900634765625,44
B,3,489,1339,1125.102783203125,44
B,3,490,1340,1024.2252197265625,44
B,3,491,1341,1012.2210083007812,44
B,3,492,1342,1124.918701171875,44
B,3,493,1343,1057.6015625,44
B,3,494,1344,969.724365234375,44
B,3,495,1345,1059.929931640625,44
B,3,496,1346,1073.352294921875,44
B,3,497,1347,1116.21337890625,44
B,3,498,1348,974.9490966796875,44
B,3,499,1349,998.166259765625,44
B,3,500,1350,1078.4344482421875,44
B,3,501,1351,1146.288330078125,44
B,3,502,1352,1093.182861328125,44
B,3,503,1353,1068.8316650390625,44
B,3,504,1354,1035.16845703125,44
B,3,505,1355,1071.6229248046875,44
B,3,506,1356,1136.4462890625,44
B,3,507,1357,1128.6456298828125,44
B,3,508,1358,1075.092041015625,44
B,3,509,1359,1081.9476318359375,44
B,3,510,1360,1075.3914794921875,44
B,3,511,1361,1071.3121337890625,44
B,3,512,1362,1053.02685546875,44
B,3,513,1363,1072.1180419921875,44
B,3,514,1364,1107.59814453125,44
B,3,515,1365,1032.9913330078125,44
B,3,516,1366,1066.1136474609375,44
B,3,517,1367,1068.1649169921875,44
B,3,518,1368,1119.6507568359375,44
B,3,519,1369,1090.1973876953125,44
B,3,520,1370,1069.255859375,44
B,3,521,1371,1062.9322509765625,44
B,3,522,1372,1053.57177734375,44
B,3,523,1373,1014.0910034179688,44
B,3,524,1374,1013.1408081054688,44
B,3,525,1375,1122.316650390625,44
B,3,526,1376,1061.136474609375,44
B,3,527,1377,980.9866943359375,44
B,3,528,1378,743.6382446289062,44
B,3,529,1379,1024.07861328125,44
B,3,530,1380,1037.9478759765625,44
B,3,531,1381,1000.8275756835938,44
B,3,532,1382,1057.0552978515625,44
B,3,533,1383,1046.8702392578125,44
B,3,534,1384,1102.7806396484375,44
B,3,535,1385,1086.232177734375,44
B,3,536,1386,1109.4122314453125,44
B,3,537,1387,1116.5029296875,44
B,3,538,1388,1111.4552001953125,44
B,3,539,1389,1045.221435546875,44
B,3,540,1390,1067.5888671875,44
B,3,541,1391,1104.8992919921875,44
B,3,542,1392,1112.1175537109375,44
B,3,543,1393,1075.39697265625,44
B,3,544,1394,1090.7237548828125,44
B,3,545,1395,1070.633544921875,44
B,3,546,1396,1107.685302734375,44
B,3,547,1397,1028.527099609375,44
B,3,548,1398,1112.2786865234375,44
B,3,549,1399,1092.2825927734375,44
B,3,550,1400,1119.0142822265625,44
B,3,551,1401,1028.4239501953125,44
B,3,552,1402,1028.29833984375,44
B,3,553,1403,1070.18359375,44
B,3,554,1404,1081.5625,44
B,3,555,1405,1143.971435546875,44
B,3,556,1406,1155.6383056640625,44
B,3,557,1407,1125.849609375,44
B,3,558,1408,1114.699951171875,44
B,3,559,1409,1160.0067138671875,44
B,3,560,1410,1120.5018310546875,44
B,3,561,1411,1184.105712890625,44
B,3,562,1412,1170.0362548828125,44
B,3,563,1413,1170.7427978515625,44
B,3,564,1414,1144.0469970703125,44
B,3,565,1415,1171.8433837890625,44
B,3,566,1416,1125.4619140625,44
B,3,567,1417,1180.9947509765625,44
B,3,568,1418,1156.4732666015625,44
B,3,569,1419,1049.5947265625,44
B,3,570,1420,1145.5533447265625,44
B,3,571,1421,1084.296630859375,44
B,3,572,1422,1105.940673828125,44
B,3,573,1423,1113.979248046875,44
B,3,574,1424,1154.5689697265625,44
B,3,575,1425,1160.0179443359375,44
B,3,576,1426,1136.739013671875,44
B,3,577,1427,1159.9381103515625,44
B,3,578,1428,1120.4442138671875,44
B,3,579,1429,1165.563720703125,44
B,3,580,1430,1244.9376220703125,44
B,3,581,1431,1267.645263671875,44
B,3,582,1432,1222.050048828125,44
B,3,583,1433,1189.85595703125,44
B,3,584,1434,1230.20263671875,44
B,3,585,1435,1251.5216064453125,44
B,3,586,1436,1237.9832763671875,44
B,3,587,1437,1142.0062255859375,44
B,3,588,1438,1270.981201171875,44
B,3,589,1439,1253.685791015625,44
B,3,590,1440,1224.732666015625,44
B,3,591,1441,1204.4100341796875,44
B,3,592,1442,1279.8299560546875,44
B,3,593,1443,1204.714111328125,44
B,3,594,1444,1264.2689208984375,44
B,3,595,1445,1222.714111328125,44
B,3,596,1446,1251.4912109375,44
B,3,597,1447,1249.7900390625,44
B,3,598,1448,1212.2313232421875,44
B,3,599,1449,1219.37060546875,44
B,4,599,2049,-49.78007125854492,44
B,4,600,2050,17.127031326293945,44
B,4,601,2051,123.1010971069336,44
B,4,602,2052,169.7172088623047,44
B,4,603,2053,268.1124572753906,44
B,4,604,2054,306.6312255859375,44
B,4,605,2055,341.6237487792969,44
B,4,606,2056,391.5142822265625,44
B,4,607,2057,475.2045593261719,44
B,4,608,2058,491.4229431152344,44
B,4,609,2059,475.1217041015625,44
B,4,610,2060,545.5880737304688,44
B,4,611,2061,615.4805297851562,44
B,4,612,2062,618.0617065429688,44
B,4,613,2063,678.2310180664062,44
B,4,614,2064,788.316162109375,44
B,4,615,2065,751.5673828125,44
B,4,616,2066,832.22119140625,44
B,4,617,2067,893.7510375976562,44
B,4,618,2068,997.4899291992188,44
B,4,619,2069,1051.630615234375,44
B,4,620,2070,1025.260498046875,44
B,4,621,2071,974.3289794921875,44
B,4,622,2072,1064.6552734375,44
B,4,623,2073,962.83642578125,44
B,4,624,2074,1097.24658203125,44
B,4,625,2075,1062.6494140625,44
B,4,626,2076,998.3839721679688,44
B,4,627,2077,1088.8492431640625,44
B,4,628,2078,903.2404174804688,44
B,4,629,2079,958.6561889648438,44
B,4,630,2080,957.1830444335938,44
B,4,631,2081,988.151611328125,44
B,4,632,2082,890.843994140625,44
B,4,633,2083,939.9824829101562,44
B,4,634,2084,1095.707763671875,44
B,4,635,2085,1015.9725952148438,44
B,4,636,2086,1059.834228515625,44
B,4,637,2087,1020.0740356445312,44
B,4,638,2088,1026.6048583984375,44
B,4,639,2089,971.356201171875,44
B,4,640,2090,981.0865478515625,44
B,4,641,2091,1048.597412109375,44
B,4,642,2092,1048.362548828125,44
B,4,643,2093,997.5671997070312,44
B,4,644,2094,914.3944702148438,44
B,4,645,2095,1052.503173828125,44
B,4,646,2096,999.1481323242188,44
B,4,647,2097,1023.59521484375,44
B,4,648,2098,985.7212524414062,44
B,4,649,2099,821.3245849609375,44
B,4,650,2100,853.959716796875,44
B,4,651,2101,819.3623657226562,44
B,4,652,2102,872.9461669921875,44
B,4,653,2103,934.2743530273438,44
B,4,654,2104,973.81494140625,44
B,4,655,2105,1038.34130859375,44
B,4,656,2106,927.0648803710938,44
B,4,657,2107,954.1264038085938,44
B,4,658,2108,890.4283447265625,44
B,4,659,2109,964.9141845703125,44
B,4,660,2110,893.5018920898438,44
B,4,661,2111,997.2993774414062,44
B,4,662,2112,918.9296875,44
B,4,663,2113,882.3858642578125,44
B,4,664,2114,916.9678955078125,44
B,4,665,2115,1001.7687377929688,44
B,4,666,2116,981.978515625,44
B,4,667,2117,881.0393676757812,44
B,4,668,2118,910.8934936523438,44
B,4,669,2119,849.3579711914062,44
B,4,670,2120,934.7265014648438,44
B,4,671,2121,990.3732299804688,44
B,4,672,2122,1052.8980712890625,44
B,4,673,2123,953.3023681640625,44
B,4,674,2124,965.035400390625,44
B,4,675,2125,959.3338623046875,44
B,4,676,2126,961.4837646484375,44
B,4,677,2127,1035.4661865234375,44
B,4,678,2128,969.5840454101562,44
B,4,679,2129,1092.149658203125,44
B,4,680,2130,1004.368896484375,44
B,4,681,2131,1035.116943359375,44
B,4,682,2132,951.3992919921875,44
B,4,683,2133,945.823486328125,44
B,4,684,2134,1074.267578125,44
B,4,685,2135,979.5099487304688,44
B,4,686,2136,991.8413696289062,44
B,4,687,2137,968.5999755859375,44
B,4,688,2138,969.764404296875,44
B,4,689,2139,954.0656127929688,44
B,4,690,2140,1106.2681884765625,44
B,4,691,2141,1019.4365844726562,44
B,4,692,2142,1017.8155517578125,44
B,4,693,2143,977.3543701171875,44
B,4,694,2144,1067.6668701171875,44
B,4,695,2145,955.5416259765625,44
B,4,696,2146,1011.49169921875,44
B,4,697,2147,998.4486083984375,44
B,4,698,2148,894.5361328125,44
B,4,699,2149,1028.0201416015625,44
B,4,700,2150,939.849365234375,44
B,4,701,2151,956.93603515625,44
B,4,702,2152,897.8292236328125,44
B,4,703,2153,1124.48291015625,44
B,4,704,2154,1026.1966552734375,44
B,4,705,2155,1062.0526123046875,44
B,4,706,2156,946.8229370117188,44
B,4,707,2157,927.5062255859375,44
B,4,708,2158,925.6366577148438,44
B,4,709,2159,963.6378173828125,44
B,4,710,2160,980.362060546875,44
B,4,711,2161,1015.0004272460938,44
B,4,712,2162,977.2653198242188,44
B,4,713,2163,976.700439453125,44
B,4,714,2164,1042.2606201171875,44
B,4,715,2165,943.0419311523438,44
B,4,716,2166,1025.7822265625,44
B,4,717,2167,1069.38525390625,44
B,4,718,2168,988.0956420898438,44
B,4,719,2169,964.2825317382812,44
B,4,720,2170,964.4119262695312,44
B,4,721,2171,985.306884765625,44
B,4,722,2172,935.1065063476562,44
B,4,723,2173,1000.7543334960938,44
B,4,724,2174,999.4088134765625,44
B,4,725,2175,1096.6378173828125,44
B,4,726,2176,1078.9375,44
B,4,727,2177,950.5118408203125,44
B,4,728,2178,963.9663696289062,44
B,4,729,2179,1129.4139404296875,44
B,4,730,2180,1090.840087890625,44
B,4,731,2181,925.5777587890625,44
B,4,732,2182,935.4655151367188,44
B,4,733,2183,1033.2835693359375,44
B,4,734,2184,934.582275390625,44
B,4,735,2185,1023.962158203125,44
B,4,736,2186,998.1290893554688,44
B,4,737,2187,974.5166015625,44
B,4,738,2188,979.1796264648438,44
B,4,739,2189,1029.7088623046875,44
B,4,740,2190,987.4348754882812,44
B,4,741,2191,983.784912109375,44
B,4,742,2192,969.4620361328125,44
B,4,743,2193,1009.5822143554688,44
B,4,744,2194,1037.7657470703125,44
B,4,745,2195,961.4061889648438,44
B,4,746,2196,1007.961669921875,44
B,4,747,2197,979.7646484375,44
B,4,748,2198,1058.7091064453125,44
B,4,749,2199,1087.351806640625,44
B,4,750,2200,1035.5574951171875,44
B,4,751,2201,983.323486328125,44
B,4,752,2202,1029.43505859375,44
B,4,753,2203,868.9710083007812,44
B,4,754,2204,1049.0211181640625,44
B,4,755,2205,1065.1639404296875,44
B,4,756,2206,1080.2833251953125,44
B,4,757,2207,1117.3092041015625,44
B,4,758,2208,926.2155151367188,44
B,4,759,2209,956.196533203125,44
B,4,760,2210,984.7269897460938,44
B,4,761,2211,956.305908203125,44
B,4,762,2212,988.8570556640625,44
B,4,763,2213,1028.719482421875,44
B,4,764,2214,976.61865234375,44
B,4,765,2215,944.2959594726562,44
B,4,766,2216,1024.7952880859375,44
B,4,767,2217,987.50244140625,44
B,4,768,2218,950.598388671875,44
B,4,769,2219,980.7984619140625,44
B,4,770,2220,988.4490966796875,44
B,4,771,2221,950.3890380859375,44
B,4,772,2222,1037.686279296875,44
B,4,773,2223,1030.6165771484375,44
B,4,774,2224,993.8511962890625,44
B,4,775,2225,1020.8513793945312,44
B,4,776,2226,993.8507690429688,44
B,4,777,2227,892.3777465820312,44
B,4,778,2228,963.3131713867188,44
B,4,779,2229,985.4817504882812,44
B,4,780,2230,955.4824829101562,44
B,4,781,2231,1018.298828125,44
B,4,782,2232,1053.501953125,44
B,4,783,2233,888.8834838867188,44
B,4,784,2234,1083.9215087890625,44
B,4,785,2235,941.011474609375,44
B,4,786,2236,882.2054443359375,44
B,4,787,2237,938.559814453125,44
B,4,788,2238,946.2771606445312,44
B,4,789,2239,1009.9978637695312,44
B,4,790,2240,964.1608276367188,44
B,4,791,2241,1084.6668701171875,44
B,4,792,2242,938.1358032226562,44
B,4,793,2243,925.412353515625,44
B,4,794,2244,1029.47607421875,44
B,4,795,2245,819.8442993164062,44
B,4,796,2246,996.593017578125,44
B,4,797,2247,1012.8043823242188,44
B,4,798,2248,959.2742309570312,44
B,4,799,2249,935.7929077148438,44
B,4,800,2250,1034.1300048828125,44
B,4,801,2251,987.7647705078125,44
B,4,802,2252,1000.5450439453125,44
B,4,803,2253,1049.49560546875,44
B,4,804,2254,968.1612548828125,44
B,4,805,2255,984.0663452148438,44
B,4,806,2256,939.8331298828125,44
B,4,807,2257,1015.6889038085938,44
B,4,808,2258,1002.2879638671875,44
B,4,809,2259,1026.466796875,44
B,4,810,2260,950.1624145507812,44
B,4,811,2261,960.5902709960938,44
B,4,812,2262,959.43212890625,44
B,4,813,2263,983.722900390625,44
B,4,814,2264,979.3192749023438,44
B,4,815,2265,965.0736083984375,44
B,4,816,2266,1064.5018310546875,44
B,4,817,2267,1034.2269287109375,44
B,4,818,2268,980.1231689453125,44
B,4,819,2269,1038.2374267578125,44
B,4,820,2270,1013.0833129882812,44
B,4,821,2271,1027.5750732421875,44
B,4,822,2272,998.701904296875,44
B,4,823,2273,1099.2132568359375,44
B,4,824,2274,978.0107421875,44
B,4,825,2275,1065.7734375,44
B,4,826,2276,985.6198120117188,44
B,4,827,2277,1033.3477783203125,44
B,4,828,2278,1066.7830810546875,44
B,4,829,2279,1084.7344970703125,44
B,4,830,2280,945.9036865234375,44
B,4,831,2281,949.1575317382812,44
B,4,832,2282,1005.54931640625,44
B,4,833,2283,919.9624633789062,44
B,4,834,2284,1045.4091796875,44
B,4,835,2285,1037.3079833984375,44
B,4,836,2286,1029.8074951171875,44
B,4,837,2287,1027.510986328125,44
B,4,838,2288,991.008544921875,44
B,4,839,2289,913.9600830078125,44
B,4,840,2290,957.9456787109375,44
B,4,841,2291,1001.1146850585938,44
B,4,842,2292,1023.5162353515625,44
B,4,843,2293,936.0339965820312,44
B,4,844,2294,1042.07568359375,44
B,4,845,2295,1051.8822021484375,44
B,4,846,2296,1104.812744140625,44
B,4,847,2297,970.8280029296875,44
B,4,848,2298,1036.94384765625,44
B,5,625,2924,9.304098129272461,44
B,5,626,2925,65.63970184326172,44
B,5,627,2926,157.76010131835938,44
B,5,628,2927,192.24053955078125,44
B,5,629,2928,263.32403564453125,44
B,5,630,2929,304.1275939941406,44
B,5,631,2930,347.9535217285156,44
B,5,632,2931,448.8289794921875,44
B,5,633,2932,458.8435974121094,44
B,5,634,2933,457.44189453125,44
B,5,635,2934,545.2969360351562,44
B,5,636,2935,574.0072021484375,44
B,5,637,2936,563.5228271484375,44
B,5,638,2937,680.453125,44
B,5,639,2938,668.928955078125,44
B,5,640,2939,866.9913940429688,44
B,5,641,2940,819.3778076171875,44
B,5,642,2941,908.4080200195312,44
B,5,643,2942,849.2915649414062,44
B,5,644,2943,909.89697265625,44
B,5,645,2944,933.2442626953125,44
B,5,646,2945,1058.211181640625,44
B,5,647,2946,1086.5391845703125,44
B,5,648,2947,992.3428955078125,44
B,5,649,2948,1009.8189697265625,44
B,5,650,2949,1007.603271484375,44
B,5,651,2950,975.4735717773438,44
B,5,652,2951,1021.9638061523438,44
B,5,653,2952,974.6452026367188,44
B,5,654,2953,1045.9375,44
B,5,655,2954,1048.7086181640625,44
B,5,656,2955,1073.440185546875,44
B,5,657,2956,1012.7493286132812,44
B,5,658,2957,1027.530029296875,44
B,5,659,2958,1086.9549560546875,44
B,5,660,2959,1030.2088623046875,44
B,5,661,2960,1035.8873291015625,44
B,5,662,2961,1087.875732421875,44
B,5,663,2962,977.1204833984375,44
B,5,664,2963,969.0125732421875,44
B,5,665,2964,1035.6085205078125,44
B,5,666,2965,1084.7034912109375,44
B,5,667,2966,1032.3204345703125,44
B,5,668,2967,1023.512939453125,44
B,5,669,2968,1018.724365234375,44
B,5,670,2969,993.7653198242188,44
B,5,671,2970,1074.329833984375,44
B,5,672,2971,1039.426025390625,44
B,5,673,2972,1070.730224609375,44
B,5,674,2973,1088.93505859375,44
B,5,675,2974,1030.4439697265625,44
B,5,676,2975,1059.03173828125,44
B,5,677,2976,938.2852783203125,44
B,5,678,2977,1075.8038330078125,44
B,5,679,2978,1053.6483154296875,44
B,5,680,2979,1044.3590087890625,44
B,5,681,2980,963.9600219726562,44
B,5,682,2981,1089.0595703125,44
B,5,683,2982,1030.953857421875,44
B,5,684,2983,1033.4000244140625,44
B,5,685,2984,1064.8126220703125,44
B,5,686,2985,1061.15283203125,44
B,5,687,2986,1013.7095947265625,44
B,5,688,2987,1115.8721923828125,44
B,5,689,2988,1062.9267578125,44
B,5,690,2989,1099.8485107421875,44
B,5,691,2990,1061.3428955078125,44
B,5,692,2991,1021.9967041015625,44
B,5,693,2992,1110.222412109375,44
B,5,694,2993,971.8477172851562,44
B,5,695,2994,1111.206787109375,44
B,5,696,2995,1102.18017578125,44
B,5,697,2996,1015.4143676757812,44
B,5,698,2997,1076.6998291015625,44
B,5,699,2998,991.6060180664062,44
B,5,700,2999,1005.16259765625,44
B,5,701,3000,1077.454345703125,44
B,5,702,3001,947.3095092773438,44
B,5,703,3002,1022.1187744140625,44
B,5,704,3003,1022.0015869140625,44
B,5,705,3004,1055.811279296875,44
B,5,706,3005,1046.0692138671875,44
B,5,707,3006,1008.9357299804688,44
B,5,708,3007,1145.8082275390625,44
B,5,709,3008,1057.15625,44
B,5,710,3009,1061.479248046875,44
B,5,711,3010,1089.0281982421875,44
B,5,712,3011,1034.5247802734375,44
B,5,713,3012,1017.7239379882812,44
B,5,714,3013,1032.22900390625,44
B,5,715,3014,1005.8817749023438,44
B,5,716,3015,1070.34423828125,44
B,5,717,3016,1073.476806640625,44
B,5,718,3017,941.4508056640625,44
B,5,719,3018,1077.4649658203125,44
B,5,720,3019,1127.6673583984375,44
B,5,721,3020,969.899658203125,44
B,5,722,3021,1091.7408447265625,44
B,5,723,3022,1085.7811279296875,44
B,5,724,3023,1116.1124267578125,44
B,5,725,3024,1090.4874267578125,44
B,5,726,3025,1075.2777099609375,44
B,5,727,3026,1093.3409423828125,44
B,5,728,3027,1037.535888671875,44
B,5,729,3028,1037.441650390625,44
B,5,730,3029,1032.9722900390625,44
B,5,731,3030,1007.0883178710938,44
B,5,732,3031,1041.829345703125,44
B,5,733,3032,1084.636474609375,44
B,5,734,3033,1143.900634765625,44
B,5,735,3034,974.5044555664062,44
B,5,736,3035,1000.3928833007812,44
B,5,737,3036,976.147705078125,44
B,5,738,3037,1001.3702392578125,44
B,5,739,3038,1020.5923461914062,44
B,5,740,3039,1019.2930908203125,44
B,5,741,3040,1023.8629760742188,44
B,5,742,3041,1097.0311279296875,44
B,5,743,3042,1046.9239501953125,44
B,5,744,3043,1095.42333984375,44
B,5,745,3044,1135.6942138671875,44
B,5,746,3045,995.2783203125,44
B,5,747,3046,963.8360595703125,44
B,5,748,3047,1119.3692626953125,44
B,5,749,3048,1031.2281494140625,44
B,5,750,3049,1130.1019287109375,44
B,5,751,3050,1100.241943359375,44
B,5,752,3051,983.1640014648438,44
B,5,753,3052,1071.4696044921875,44
B,5,754,3053,1131.9073486328125,44
B,5,755,3054,1138.2843017578125,44
B,5,756,3055,1191.3004150390625,44
B,5,757,3056,1117.5457763671875,44
B,5,758,3057,978.4979248046875,44
B,5,759,3058,1150.8621826171875,44
B,5,760,3059,1126.22802734375,44
B,5,761,3060,998.6312255859375,44
B,5,762,3061,1052.530517578125,44
B,5,763,3062,1066.129638671875,44
B,5,764,3063,1125.5914306640625,44
B,5,765,3064,1079.18798828125,44
B,5,766,3065,1039.2940673828125,44
B,5,767,3066,1014.9502563476562,44
B,5,768,3067,1125.451904296875,44
B,5,769,3068,1068.4549560546875,44
B,5,770,3069,987.7774658203125,44
B,5,771,3070,970.4494018554688,44
B,5,772,3071,1088.4388427734375,44
B,5,773,3072,1035.522216796875,44
B,5,774,3073,1017.3963623046875,44
B,5,775,3074,991.144287109375,44
B,5,776,3075,1006.822265625,44
B,5,777,3076,1160.5499267578125,44
B,5,778,3077,1055.3060302734375,44
B,5,779,3078,1116.6995849609375,44
B,5,780,3079,1094.728271484375,44
B,5,781,3080,1048.2896728515625,44
B,5,782,3081,973.4066772460938,44
B,5,783,3082,1066.5894775390625,44
B,5,784,3083,1093.24365234375,44
B,5,785,3084,1058.144287109375,44
B,5,786,3085,967.8876342773438,44
B,5,787,3086,1068.6221923828125,44
B,5,788,3087,1015.0743408203125,44
B,5,789,3088,1033.20654296875,44
B,5,790,3089,1072.986328125,44
B,5,791,3090,1047.4736328125,44
B,5,792,3091,1063.2576904296875,44
B,5,793,3092,1097.161865234375,44
B,5,794,3093,1050.76513671875,44
B,5,795,3094,1004.8980102539062,44
B,5,796,3095,1005.8923950195312,44
B,5,797,3096,1029.7923583984375,44
B,5,798,3097,989.4144897460938,44
B,5,799,3098,1007.7351684570312,44
B,5,800,3099,1050.0762939453125,44
B,5,801,3100,1077.9073486328125,44
B,5,802,3101,931.69482421875,44
B,5,803,3102,922.7501220703125,44
B,5,804,3103,1073.5810546875,44
B,5,805,3104,939.0520629882812,44
B,5,806,3105,1062.583984375,44
B,5,807,3106,907.3681030273438,44
B,5,808,3107,1163.6204833984375,44
B,5,809,3108,1031.90673828125,44
B,5,810,3109,1096.103271484375,44
B,5,811,3110,1173.8433837890625,44
B,5,812,3111,1069.22314453125,44
B,5,813,3112,1079.6575927734375,44
B,5,814,3113,978.992431640625,44
B,5,815,3114,1063.7578125,44
B,5,816,3115,1005.1366577148438,44
B,5,817,3116,1019.6567993164062,44
B,5,818,3117,1040.9200439453125,44
B,5,819,3118,1129.9468994140625,44
B,5,820,3119,1118.8809814453125,44
B,5,821,3120,1024.2847900390625,44
B,5,822,3121,965.8912963867188,44
B,5,823,3122,1053.5069580078125,44
B,5,824,3123,1063.0482177734375,44
B,5,825,3124,1027.526611328125,44
B,5,826,3125,1021.2862548828125,44
B,5,827,3126,924.7743530273438,44
B,5,828,3127,956.566162109375,44
B,5,829,3128,1010.0396728515625,44
B,5,830,3129,1042.92138671875,44
B,5,831,3130,1114.1759033203125,44
B,5,832,3131,1024.67529296875,44
B,5,833,3132,1011.78271484375,44
B,5,834,3133,1007.8099975585938,44
B,5,835,3134,1026.5103759765625,44
B,5,836,3135,858.9482421875,44
B,5,837,3136,1003.8485107421875,44
B,5,838,3137,1096.6884765625,44
B,5,839,3138,1017.4522094726562,44
B,5,840,3139,980.7094116210938,44
B,5,841,3140,990.136962890625,44
B,5,842,3141,1067.8701171875,44
B,5,843,3142,1057.7744140625,44
B,5,844,3143,1028.45947265625,44
B,5,845,3144,965.774169921875,44
B,5,846,3145,1033.389404296875,44
B,5,847,3146,1062.8839111328125,44
B,5,848,3147,1024.99658203125,44
B,5,849,3148,981.2800903320312,44
B,5,850,3149,1095.785888671875,44
B,5,851,3150,1062.218505859375,44
B,5,852,3151,965.0734252929688,44
B,5,853,3152,1031.0189208984375,44
B,5,854,3153,1013.7672119140625,44
B,5,855,3154,1021.130859375,44
B,5,856,3155,942.945556640625,44
B,5,857,3156,957.8972778320312,44
B,5,858,3157,918.7429809570312,44
B,5,859,3158,1062.5645751953125,44
B,5,860,3159,1028.713623046875,44
B,5,861,3160,1067.574462890625,44
B,5,862,3161,1028.42578125,44
B,5,863,3162,973.5443115234375,44
B,5,864,3163,971.9317016601562,44
B,5,865,3164,1120.533203125,44
B,5,866,3165,964.9105224609375,44
B,5,867,3166,1062.6910400390625,44
B,5,868,3167,1080.746337890625,44
B,5,869,3168,1039.948486328125,44
B,5,870,3169,1081.84423828125,44
B,5,871,3170,1014.4466552734375,44
B,5,872,3171,1048.827880859375,44
B,5,873,3172,1037.1767578125,44
B,5,874,3173,1038.2442626953125,44
B,5,875,3174,1037.27099609375,44
B,5,876,3175,977.460693359375,44
B,5,877,3176,981.3983154296875,44
B,5,878,3177,965.80322265625,44
B,5,879,3178,1015.1018676757812,44
B,5,880,3179,981.2097778320312,44
B,5,881,3180,960.9644775390625,44
B,5,882,3181,1083.4964599609375,44
B,5,883,3182,1047.7391357421875,44
B,5,884,3183,1015.0630493164062,44
B,5,885,3184,1008.530029296875,44
B,5,886,3185,1083.74462890625,44
B,5,887,3186,1055.7396240234375,44
B,5,888,3187,993.6433715820312,44
B,5,889,3188,1019.7569580078125,44
B,5,890,3189,1038.1337890625,44
B,5,891,3190,1034.346923828125,44
B,5,892,3191,1007.5143432617188,44
B,5,893,3192,1023.133544921875,44
B,5,894,3193,1056.83544921875,44
B,5,895,3194,1009.0839233398438,44
B,5,896,3195,1122.0677490234375,44
B,5,897,3196,1018.708251953125,44
B,5,898,3197,1106.2584228515625,44
B,5,899,3198,1009.2605590820312,44
B,5,900,3199,1059.5430908203125,44
B,5,901,3200,1060.9298095703125,44
B,5,902,3201,1077.747802734375,44
B,5,903,3202,1081.868408203125,44
B,5,904,3203,1074.5343017578125,44
B,5,905,3204,1055.1513671875,44
B,5,906,3205,1103.0638427734375,44
B,5,907,3206,955.6497802734375,44
B,5,908,3207,1112.734375,44
B,5,909,3208,1033.407470703125,44
B,5,910,3209,1057.432373046875,44
B,5,911,3210,983.588134765625,44
B,5,912,3211,1098.137939453125,44
B,5,913,3212,1081.8240966796875,44
B,5,914,3213,948.1130981445312,44
B,5,915,3214,1025.8052978515625,44
B,5,916,3215,1031.3140869140625,44
B,5,917,3216,1007.3504638671875,44
B,5,918,3217,1053.1982421875,44
B,5,919,3218,1077.4061279296875,44
B,5,920,3219,1091.1314697265625,44
B,5,921,3220,1104.2298583984375,44
B,5,922,3221,1034.7900390625,44
B,5,923,3222,988.1485595703125,44
B,5,924,3223,980.154052734375,44
C,1,0,0,-89.68798828125,44
C,1,1,1,-94.3675308227539,44
C,1,2,2,-95.95111083984375,44
C,1,3,3,-89.80773162841797,44
C,1,4,4,-87.94850158691406,44
C,1,5,5,-84.9441909790039,44
C,1,6,6,-80.81212615966797,44
C,1,7,7,-79.92070770263672,44
C,1,8,8,-80.64412689208984,44
C,1,9,9,-79.10000610351562,44
C,1,10,10,-75.0208740234375,44
C,1,11,11,-80.17145538330078,44
C,1,12,12,-69.54335021972656,44
C,1,13,13,-80.94425964355469,44
C,1,14,14,-77.64622497558594,44
C,1,15,15,-78.15228271484375,44
C,1,16,16,-79.45336151123047,44
C,1,17,17,-77.67010498046875,44
C,1,18,18,-79.62039947509766,44
C,1,19,19,-88.1833267211914,44
C,1,20,20,-80.72905731201172,44
C,1,21,21,-80.11750030517578,44
C,1,22,22,-81.24874114990234,44
C,1,23,23,-87.03235626220703,44
C,1,24,24,-115.42072296142578,44
C,1,25,25,-144.34674072265625,44
C,1,26,26,-150.12501525878906,44
C,1,27,27,-202.26856994628906,44
C,1,28,28,-211.8099822998047,44
C,1,29,29,-284.5596923828125,44
C,1,30,30,-325.9163818359375,44
C,1,31,31,-382.3539733886719,44
C,1,32,32,-445.85205078125,44
C,1,33,33,-457.99468994140625,44
C,1,34,34,-270.44183349609375,44
C,1,35,35,-272.8378601074219,44
C,1,36,36,-165.5264129638672,44
C,1,37,37,-187.93287658691406,44
C,1,38,38,-141.09109497070312,44
C,1,39,39,-275.376953125,44
C,1,40,40,-327.0179748535156,44
C,1,41,41,-368.2305908203125,44
C,1,42,42,-483.75830078125,44
C,1,43,43,-309.3345031738281,44
C,1,44,44,-207.35781860351562,44
C,1,45,45,-156.78103637695312,44
C,1,46,46,-143.6477813720703,44
C,1,47,47,-145.11497497558594,44
C,1,48,48,-24.26432991027832,44
C,1,49,49,4.037956237792969,44
C,1,50,50,-13.208401679992676,44
C,1,51,51,-30.848447799682617,44
C,1,52,52,-44.11043930053711,44
C,1,53,53,-7.959217548370361,44
C,1,54,54,1.757675051689148,44
C,1,55,55,135.1665496826172,44
C,1,56,56,109.53339385986328,44
C,1,57,57,268.63006591796875,44
C,1,58,58,229.26666259765625,44
C,1,59,59,228.12881469726562,44
C,1,60,60,341.13299560546875,44
C,1,61,61,354.1499328613281,44
C,1,62,62,477.32415771484375,44
C,1,63,63,416.56671142578125,44
C,1,64,64,462.6343994140625,44
C,1,65,65,590.981201171875,44
C,1,66,66,573.4964599609375,44
C,1,67,67,492.1213073730469,44
C,1,68,68,672.9176025390625,44
C,1,69,69,641.8817138671875,44
C,1,70,70,639.6211547851562,44
C,1,71,71,688.1631469726562,44
C,1,72,72,707.3523559570312,44
C,1,73,73,720.9942016601562,44
C,1,74,74,727.7099609375,44
C,1,75,75,808.4849853515625,44
C,1,76,76,755.0971069335938,44
C,1,77,77,776.1127319335938,44
C,1,78,78,756.6759033203125,44
C,1,79,79,685.4467163085938,44
C,1,80,80,677.6055908203125,44
C,1,81,81,765.5916137695312,44
C,1,82,82,812.5843505859375,44
C,1,83,83,870.32861328125,44
C,1,84,84,844.726806640625,44
C,1,85,85,901.4208374023438,44
C,1,86,86,915.9652099609375,44
C,1,87,87,998.1972045898438,44
C,1,88,88,1055.4046630859375,44
C,1,89,89,1001.4564819335938,44
C,1,90,90,1057.1920166015625,44
C,1,91,91,1061.9632568359375,44
C,1,92,92,1084.1685791015625,44
C,1,93,93,1095.7041015625,44
C,1,94,94,1093.72509765625,44
C,1,95,95,1124.4140625,44
C,1,96,96,1172.17724609375,44
C,1,97,97,1177.49365234375,44
C,1,98,98,1188.3262939453125,44
C,1,99,99,1161.328369140625,44
C,1,100,100,1245.076171875,44
C,1,101,101,1164.0699462890625,44
C,1,102,102,1154.4527587890625,44
C,1,103,103,1169.2623291015625,44
C,1,104,104,1193.1412353515625,44
C,1,105,105,1210.5091552734375,44
C,1,106,106,1270.0047607421875,44
C,1,107,107,1240.439208984375,44
C,1,108,108,1210.0098876953125,44
C,1,109,109,1164.7442626953125,44
C,1,110,110,1043.0538330078125,44
C,1,111,111,804.9876708984375,44
C,1,112,112,896.2452392578125,44
C,1,113,113,922.7229614257812,44
C,1,114,114,961.6353149414062,44
C,1,115,115,970.152099609375,44
C,1,116,116,1020.3399047851562,44
C,1,117,117,1170.876953125,44
C,1,118,118,1240.2774658203125,44
C,1,119,119,1272.2987060546875,44
C,1,120,120,1241.126708984375,44
C,1,121,121,1230.141357421875,44
C,1,122,122,1090.44140625,44
C,1,123,123,1163.644775390625,44
C,1,124,124,1198.4359130859375,44
C,1,125,125,1198.9541015625,44
C,1,126,126,1217.4705810546875,44
C,1,127,127,1240.677978515625,44
C,1,128,128,1286.9522705078125,44
C,1,129,129,1175.05078125,44
C,1,130,130,1278.60498046875,44
C,1,131,131,1290.138916015625,44
C,1,132,132,1233.7818603515625,44
C,1,133,133,1300.473876953125,44
C,1,134,134,1294.93359375,44
C,1,135,135,1250.3682861328125,44
C,1,136,136,1222.236572265625,44
C,1,137,137,1110.715087890625,44
C,1,138,138,1186.4346923828125,44
C,1,139,139,1247.41455078125,44
C,1,140,140,1351.7313232421875,44
C,1,141,141,1274.584716796875,44
C,1,142,142,1379.941650390625,44
C,1,143,143,1298.3790283203125,44
C,1,144,144,1309.86865234375,44
C,1,145,145,1336.5758056640625,44
C,1,146,146,1375.9501953125,44
C,1,147,147,1348.3988037109375,44
C,1,148,148,1350.552001953125,44
C,1,149,149,1404.16796875,44
C,1,150,150,1388.2291259765625,44
C,1,151,151,1332.645751953125,44
C,1,152,152,1362.9002685546875,44
C,1,153,153,1333.0699462890625,44
C,1,154,154,1351.7064208984375,44
C,1,155,155,1333.4970703125,44
C,1,156,156,1247.693115234375,44
C,1,157,157,1143.5869140625,44
C,1,158,158,1037.6063232421875,44
C,1,159,159,1194.2850341796875,44
C,1,160,160,1284.140625,44
C,1,161,161,1217.244873046875,44
C,1,162,162,1208.34423828125,44
C,1,163,163,1251.137939453125,44
C,1,164,164,1264.79248046875,44
C,1,165,165,1218.0958251953125,44
C,1,166,166,1281.000732421875,44
C,1,167,167,1336.280029296875,44
C,1,168,168,1425.2884521484375,44
C,1,169,169,1369.052490234375,44
C,1,170,170,1342.8538818359375,44
C,1,171,171,1381.7252197265625,44
C,1,172,172,1390.3934326171875,44
C,1,173,173,1398.3023681640625,44
C,1,174,174,1431.951171875,44
C,1,175,175,1367.3724365234375,44
C,1,176,176,1345.759765625,44
C,1,177,177,1349.3375244140625,44
C,1,178,178,1328.9005126953125,44
C,1,179,179,1390.725830078125,44
C,1,180,180,1476.592529296875,44
C,1,181,181,1533.0125732421875,44
C,1,182,182,1509.07666015625,44
C,1,183,183,1481.287353515625,44
C,1,184,184,1442.680419921875,44
C,1,185,185,1460.8590087890625,44
C,1,186,186,1442.8736572265625,44
C,1,187,187,1476.600341796875,44
C,1,188,188,1443.63671875,44
C,1,189,189,1489.4896240234375,44
C,1,190,190,1455.427490234375,44
C,1,191,191,1448.0472412109375,44
C,1,192,192,1424.095458984375,44
C,1,193,193,1449.899169921875,44
C,1,194,194,1467.5921630859375,44
C,1,195,195,1437.6170654296875,44
C,1,196,196,1386.8663330078125,44
C,1,197,197,1379.4775390625,44
C,1,198,198,1394.0947265625,44
C,1,199,199,1415.3505859375,44
C,1,200,200,1463.5615234375,44
C,1,201,201,1425.11865234375,44
C,1,202,202,1443.5159912109375,44
C,1,203,203,1436.4364013671875,44
C,1,204,204,1407.3790283203125,44
C,1,205,205,1443.68505859375,44
C,1,206,206,1376.8115234375,44
C,1,207,207,1378.570068359375,44
C,1,208,208,1392.9835205078125,44
C,1,209,209,1443.4931640625,44
C,1,210,210,1405.977294921875,44
C,1,211,211,1326.3563232421875,44
C,1,212,212,1406.23974609375,44
C,1,213,213,1410.0150146484375,44
C,1,214,214,1370.5819091796875,44
C,1,215,215,1343.9639892578125,44
C,1,216,216,1395.1240234375,44
C,1,217,217,1368.3970947265625,44
C,1,218,218,1249.109619140625,44
C,1,219,219,1250.8023681640625,44
C,1,220,220,1301.7977294921875,44
C,1,221,221,1371.6046142578125,44
C,1,222,222,1319.7252197265625,44
C,1,223,223,1328.366455078125,44
C,1,224,224,1350.810791015625,44
C,1,225,225,1290.1405029296875,44
C,1,226,226,1265.8475341796875,44
C,1,227,227,1351.507568359375,44
C,1,228,228,1381.61474609375,44
C,1,229,229,1351.3548583984375,44
C,1,230,230,1301.532470703125,44
C,1,231,231,1341.9202880859375,44
C,1,232,232,1309.5758056640625,44
C,1,233,233,1161.93896484375,44
C,1,234,234,1084.030029296875,44
C,1,235,235,1106.9189453125,44
C,1,236,236,1253.9158935546875,44
C,1,237,237,1307.777099609375,44
C,1,238,238,1311.50146484375,44
C,1,239,239,1306.08544921875,44
C,1,240,240,1331.5714111328125,44
C,1,241,241,1374.2989501953125,44
C,1,242,242,1381.2562255859375,44
C,1,243,243,1402.6907958984375,44
C,1,244,244,1353.225830078125,44
C,1,245,245,1395.97119140625,44
C,1,246,246,1373.6700439453125,44
C,1,247,247,1431.3408203125,44
C,1,248,248,1431.5213623046875,44
C,1,249,249,1391.754150390625,44
C,1,250,250,1318.5482177734375,44
C,1,251,251,1379.4642333984375,44
C,1,252,252,1295.546630859375,44
C,1,253,253,1361.30126953125,44
C,1,254,254,1392.5394287109375,44
C,1,255,255,1362.74365234375,44
C,1,256,256,1456.4439697265625,44
C,1,257,257,1434.261962890625,44
C,1,258,258,1461.7872314453125,44
C,1,259,259,1446.0347900390625,44
C,1,260,260,1444.1104736328125,44
C,1,261,261,1471.584228515625,44
C,1,262,262,1466.4837646484375,44
C,1,263,263,1450.1417236328125,44
C,1,264,264,1375.6229248046875,44
C,1,265,265,1398.3238525390625,44
C,1,266,266,1400.958251953125,44
C,1,267,267,1430.6065673828125,44
C,1,268,268,1398.495849609375,44
C,1,269,269,1435.54345703125,44
C,1,270,270,1408.726318359375,44
C,1,271,271,1391.544677734375,44
C,1,272,272,1403.0819091796875,44
C,1,273,273,1376.7137451171875,44
C,1,274,274,1398.8580322265625,44
C,1,275,275,1322.4342041015625,44
C,1,276,276,1426.0062255859375,44
C,1,277,277,1365.5614013671875,44
C,1,278,278,1409.914306640625,44
C,1,279,279,1365.726318359375,44
C,1,280,280,1338.8314208984375,44
C,1,281,281,1379.445556640625,44
C,1,282,282,1380.4937744140625,44
C,1,283,283,1365.203125,44
C,1,284,284,1412.2142333984375,44
C,1,285,285,1356.888671875,44
C,1,286,286,1356.806396484375,44
C,1,287,287,1392.7030029296875,44
C,1,288,288,1437.75341796875,44
C,1,289,289,1340.87109375,44
C,1,290,290,1421.022216796875,44
C,1,291,291,1376.15234375,44
C,1,292,292,1370.0447998046875,44
C,1,293,293,1373.7376708984375,44
C,1,294,294,1488.275634765625,44
C,1,295,295,1365.4305419921875,44
C,1,296,296,1249.2598876953125,44
C,1,297,297,1253.9422607421875,44
C,1,298,298,1270.8204345703125,44
C,1,299,299,1266.373046875,44
C,2,200,500,45.91513442993164,44
C,2,201,501,121.53277587890625,44
C,2,202,502,196.2274627685547,44
C,2,203,503,266.26513671875,44
C,2,204,504,340.85406494140625,44
C,2,205,505,393.64849853515625,44
C,2,206,506,475.9626770019531,44
C,2,207,507,499.5756530761719,44
C,2,208,508,536.525146484375,44
C,2,209,509,614.8300170898438,44
C,2,210,510,684.4246215820312,44
C,2,211,511,758.7037963867188,44
C,2,212,512,807.9688720703125,44
C,2,213,513,887.4756469726562,44
C,2,214,514,914.2374877929688,44
C,2,215,515,968.5865478515625,44
C,2,216,516,1023.09130859375,44
C,2,217,517,1151.3546142578125,44
C,2,218,518,1118.5738525390625,44
C,2,219,519,1210.07275390625,44
C,2,220,520,1348.49365234375,44
C,2,221,521,1328.5679931640625,44
C,2,222,522,1283.5792236328125,44
C,2,223,523,1340.9805908203125,44
C,2,224,524,1261.9981689453125,44
C,2,225,525,1312.465576171875,44
C,2,226,526,1275.8328857421875,44
C,2,227,527,1332.424560546875,44
C,2,228,528,1305.4505615234375,44
C,2,229,529,1313.2847900390625,44
C,2,230,530,1260.235107421875,44
C,2,231,531,1342.083251953125,44
C,2,232,532,1314.2867431640625,44
C,2,233,533,1258.6494140625,44
C,2,234,534,1226.1474609375,44
C,2,235,535,1192.27099609375,44
C,2,236,536,1266.2005615234375,44
C,2,237,537,1208.171630859375,44
C,2,238,538,1259.5904541015625,44
C,2,239,539,1138.0135498046875,44
C,2,240,540,1249.362060546875,44
C,2,241,541,1156.1212158203125,44
C,2,242,542,1249.278076171875,44
C,2,243,543,1214.440673828125,44
C,2,244,544,1172.666259765625,44
C,2,245,545,1194.7606201171875,44
C,2,246,546,1172.698486328125,44
C,2,247,547,1211.582763671875,44
C,2,248,548,1216.2950439453125,44
C,2,249,549,1145.028076171875,44
C,2,250,550,1195.0672607421875,44
C,2,251,551,1288.23388671875,44
C,2,252,552,1192.5501708984375,44
C,2,253,553,1198.2305908203125,44
C,2,254,554,1203.5821533203125,44
C,2,255,555,1274.050537109375,44
C,2,256,556,1282.5474853515625,44
C,2,257,557,1310.320556640625,44
C,2,258,558,1266.2330322265625,44
C,2,259,559,1268.3516845703125,44
C,2,260,560,1313.5841064453125,44
C,2,261,561,1285.3304443359375,44
C,2,262,562,1269.19775390625,44
C,2,263,563,1241.5753173828125,44
C,2,264,564,1294.7386474609375,44
C,2,265,565,1301.723876953125,44
C,2,266,566,1289.2276611328125,44
C,2,267,567,1365.1083984375,44
C,2,268,568,1282.4234619140625,44
C,2,269,569,1285.554443359375,44
C,2,270,570,1344.2821044921875,44
C,2,271,571,1340.5596923828125,44
C,2,272,572,1335.604736328125,44
C,2,273,573,1314.2852783203125,44
C,2,274,574,1333.231201171875,44
C,2,275,575,1321.4693603515625,44
C,2,276,576,1442.03955078125,44
C,2,277,577,1333.2010498046875,44
C,2,278,578,1293.6856689453125,44
C,2,279,579,1369.65966796875,44
C,2,280,580,1358.91748046875,44
C,2,281,581,1339.0340576171875,44
C,2,282,582,1376.5802001953125,44
C,2,283,583,1389.473876953125,44
C,2,284,584,1364.2957763671875,44
C,2,285,585,1364.7059326171875,44
C,2,286,586,1313.842529296875,44
C,2,287,587,1395.3956298828125,44
C,2,288,588,1334.1419677734375,44
C,2,289,589,1323.9166259765625,44
C,2,290,590,1329.44482421875,44
C,2,291,591,1322.1768798828125,44
C,2,292,592,1321.5491943359375,44
C,2,293,593,1353.28173828125,44
C,2,294,594,1368.305419921875,44
C,2,295,595,1396.66748046875,44
C,2,296,596,1327.90673828125,44
C,2,297,597,1333.997802734375,44
C,2,298,598,1330.728515625,44
C,2,299,599,1369.7900390625,44
C,2,300,600,1312.42626953125,44
C,2,301,601,1374.3555908203125,44
C,2,302,602,1358.1922607421875,44
C,2,303,603,1218.70166015625,44
C,2,304,604,1088.1669921875,44
C,2,305,605,1272.6754150390625,44
C,2,306,606,1307.18505859375,44
C,2,307,607,1308.0008544921875,44
C,2,308,608,1267.2021484375,44
C,2,309,609,1244.5943603515625,44
C,2,310,610,1254.0537109375,44
C,2,311,611,1278.7362060546875,44
C,2,312,612,1238.98828125,44
C,2,313,613,1268.5035400390625,44
C,2,314,614,1209.73193359375,44
C,2,315,615,1278.9981689453125,44
C,2,316,616,1180.4002685546875,44
C,2,317,617,1170.7568359375,44
C,2,318,618,1145.2734375,44
C,2,319,619,1158.6446533203125,44
C,2,320,620,1200.506591796875,44
C,2,321,621,1184.95458984375,44
C,2,322,622,1167.0413818359375,44
C,2,323,623,1185.3052978515625,44
C,2,324,624,1240.2386474609375,44
C,2,325,625,1220.5826416015625,44
C,2,326,626,1248.9073486328125,44
C,2,327,627,1232.839111328125,44
C,2,328,628,1287.1307373046875,44
C,2,329,629,1277.1356201171875,44
C,2,330,630,1334.319091796875,44
C,2,331,631,1374.750732421875,44
C,2,332,632,1333.5579833984375,44
C,2,333,633,1328.0208740234375,44
C,2,334,634,1322.56982421875,44
C,2,335,635,1345.314697265625,44
C,2,336,636,1287.4251708984375,44
C,2,337,637,1325.0128173828125,44
C,2,338,638,1327.548095703125,44
C,2,339,639,1337.4307861328125,44
C,2,340,640,1373.513916015625,44
C,2,341,641,1373.6114501953125,44
C,2,342,642,1323.8873291015625,44
C,2,343,643,1354.382080078125,44
C,2,344,644,1299.0616455078125,44
C,2,345,645,1387.2777099609375,44
C,2,346,646,1308.85595703125,44
C,2,347,647,1297.49853515625,44
C,2,348,648,1350.866943359375,44
C,2,349,649,1254.177734375,44
C,2,350,650,1312.8023681640625,44
C,2,351,651,1351.843994140625,44
C,2,352,652,1303.7119140625,44
C,2,353,653,1360.1712646484375,44
C,2,354,654,1367.3145751953125,44
C,2,355,655,1349.798095703125,44
C,2,356,656,1358.9632568359375,44
C,2,357,657,1287.606689453125,44
C,2,358,658,1376.3818359375,44
C,2,359,659,1381.537109375,44
C,2,360,660,1364.6644287109375,44
C,2,361,661,1393.0823974609375,44
C,2,362,662,1383.0372314453125,44
C,2,363,663,1399.4873046875,44
C,2,364,664,1359.49267578125,44
C,2,365,665,1367.3385009765625,44
C,2,366,666,1407.5123291015625,44
C,2,367,667,1430.9237060546875,44
C,2,368,668,1364.0313720703125,44
C,2,369,669,1359.95849609375,44
C,2,370,670,1322.6141357421875,44
C,2,371,671,1358.2327880859375,44
C,2,372,672,1369.8157958984375,44
C,2,373,673,1334.6063232421875,44
C,2,374,674,1392.11474609375,44
C,2,375,675,1289.6900634765625,44
C,2,376,676,1358.940185546875,44
C,2,377,677,1372.9178466796875,44
C,2,378,678,1354.71875,44
C,2,379,679,1384.0426025390625,44
C,2,380,680,1377.9962158203125,44
C,2,381,681,1319.426513671875,44
C,2,382,682,1316.5894775390625,44
C,2,383,683,1327.8404541015625,44
C,2,384,684,1362.7479248046875,44
C,2,385,685,1423.879638671875,44
C,2,386,686,1419.2996826171875,44
C,2,387,687,1366.61572265625,44
C,2,388,688,1352.111083984375,44
C,2,389,689,1356.2098388671875,44
C,2,390,690,1386.109130859375,44
C,2,391,691,1320.893310546875,44
C,2,392,692,1338.702392578125,44
C,2,393,693,1431.895751953125,44
C,2,394,694,1370.40185546875,44
C,2,395,695,1346.60546875,44
C,2,396,696,1386.547119140625,44
C,2,397,697,1299.2786865234375,44
C,2,398,698,1339.6090087890625,44
C,2,399,699,1360.429443359375,44
C,2,400,700,1334.865234375,44
C,2,401,701,1328.84423828125,44
C,2,402,702,1410.262939453125,44
C,2,403,703,1413.9727783203125,44
C,2,404,704,1330.0615234375,44
C,2,405,705,1313.8790283203125,44
C,2,406,706,1301.8101806640625,44
C,2,407,707,1362.6041259765625,44
C,2,408,708,1414.656005859375,44
C,2,409,709,1394.2274169921875,44
C,2,410,710,1349.9759521484375,44
C,2,411,711,1405.7777099609375,44
C,2,412,712,1450.379150390625,44
C,2,413,713,1412.1849365234375,44
C,2,414,714,1398.100341796875,44
C,2,415,715,1426.9471435546875,44
C,2,416,716,1432.929931640625,44
C,2,417,717,1439.5572509765625,44
C,2,418,718,1371.8602294921875,44
C,2,419,719,1443.5255126953125,44
C,2,420,720,1331.057861328125,44
C,2,421,721,1396.778564453125,44
C,2,422,722,1424.7996826171875,44
C,2,423,723,1372.71142578125,44
C,2,424,724,1413.8619384765625,44
C,2,425,725,1438.05615234375,44
C,2,426,726,1460.7467041015625,44
C,2,427,727,1416.16259765625,44
C,2,428,728,1421.9034423828125,44
C,2,429,729,1456.155029296875,44
C,2,430,730,1458.0894775390625,44
C,2,431,731,1460.2784423828125,44
C,2,432,732,1345.3544921875,44
C,2,433,733,1442.151123046875,44
C,2,434,734,1380.5787353515625,44
C,2,435,735,1375.35986328125,44
C,2,436,736,1417.3472900390625,44
C,2,437,737,1428.85205078125,44
C,2,438,738,1438.6116943359375,44
C,2,439,739,1348.8397216796875,44
C,2,440,740,1438.56689453125,44
C,2,441,741,1402.4765625,44
C,2,442,742,1441.689697265625,44
C,2,443,743,1417.0029296875,44
C,2,444,744,1482.788330078125,44
C,2,445,745,1434.8037109375,44
C,2,446,746,1445.7225341796875,44
C,2,447,747,1383.181396484375,44
C,2,448,748,1409.0008544921875,44
C,2,449,749,1417.09033203125,44
C,2,450,750,1427.9615478515625,44
C,2,451,751,1390.16357421875,44
C,2,452,752,1407.6907958984375,44
C,2,453,753,1397.30908203125,44
C,2,454,754,1435.72705078125,44
C,2,455,755,1345.4293212890625,44
C,2,456,756,1272.5238037109375,44
C,2,457,757,1340.598388671875,44
C,2,458,758,1364.5836181640625,44
C,2,459,759,1435.1710205078125,44
C,2,460,760,1375.5291748046875,44
C,2,461,761,1399.705810546875,44
C,2,462,762,1333.171142578125,44
C,2,463,763,1244.093017578125,44
C,2,464,764,1393.0369873046875,44
C,2,465,765,1364.33154296875,44
C,2,466,766,1354.170654296875,44
C,2,467,767,1379.49755859375,44
C,2,468,768,1409.330078125,44
C,2,469,769,1359.92822265625,44
C,2,470,770,1353.920166015625,44
C,2,471,771,1353.988525390625,44
C,2,472,772,1298.406005859375,44
C,2,473,773,1356.7491455078125,44
C,2,474,774,1367.960693359375,44
C,2,475,775,1284.7781982421875,44
C,2,476,776,1314.22021484375,44
C,2,477,777,1334.3172607421875,44
C,2,478,778,1386.4246826171875,44
C,2,479,779,1326.3221435546875,44
C,2,480,780,1369.1341552734375,44
C,2,481,781,1327.6229248046875,44
C,2,482,782,1280.0811767578125,44
C,2,483,783,1339.044677734375,44
C,2,484,784,1206.2086181640625,44
C,2,485,785,1192.9234619140625,44
C,2,486,786,1308.689453125,44
C,2,487,787,1267.4453125,44
C,2,488,788,1312.5028076171875,44
C,2,489,789,1258.170654296875,44
C,2,490,790,1301.7874755859375,44
C,2,491,791,1235.9681396484375,44
C,2,492,792,1267.1939697265625,44
C,2,493,793,1343.4239501953125,44
C,2,494,794,1298.115234375,44
C,2,495,795,1305.9085693359375,44
C,2,496,796,1241.9171142578125,44
C,2,497,797,1269.5042724609375,44
C,2,498,798,1336.086181640625,44
C,2,499,799,1323.9698486328125,44
C,2,500,800,1338.2315673828125,44
C,2,501,801,1316.5291748046875,44
C,2,502,802,1323.5789794921875,44
C,2,503,803,1322.32861328125,44
C,2,504,804,1380.64697265625,44
C,2,505,805,1293.521240234375,44
C,2,506,806,1327.572265625,44
C,2,507,807,1408.36181640625,44
C,2,508,808,1330.65380859375,44
C,2,509,809,1368.9591064453125,44
C,2,510,810,1281.3935546875,44
C,2,511,811,1313.233642578125,44
C,2,512,812,1211.579345703125,44
C,2,513,813,1309.718994140625,44
C,2,514,814,1310.6505126953125,44
C,2,515,815,1302.586181640625,44
C,2,516,816,1273.16455078125,44
C,2,517,817,1326.11767578125,44
C,2,518,818,1283.5426025390625,44
C,2,519,819,1297.8707275390625,44
C,2,520,820,1288.3914794921875,44
C,2,521,821,1393.1129150390625,44
C,2,522,822,1364.4305419921875,44
C,2,523,823,1341.7679443359375,44
C,2,524,824,1339.3153076171875,44
C,2,525,825,1352.266357421875,44
C,2,526,826,1274.9715576171875,44
C,2,527,827,1332.0211181640625,44
C,2,528,828,1278.057861328125,44
C,2,529,829,1380.9775390625,44
C,2,530,830,1278.025634765625,44
C,2,531,831,1372.808837890625,44
C,2,532,832,1332.80859375,44
C,2,533,833,1348.8758544921875,44
C,2,534,834,1276.5115966796875,44
C,2,535,835,1314.4525146484375,44
C,2,536,836,1331.6026611328125,44
C,2,537,837,1302.5284423828125,44
C,2,538,838,1324.289306640625,44
C,2,539,839,1266.212890625,44
C,2,540,840,1305.0709228515625,44
C,2,541,841,1412.4532470703125,44
C,2,542,842,1314.5904541015625,44
C,2,543,843,1317.80419921875,44
C,2,544,844,1265.91064453125,44
C,2,545,845,1283.7657470703125,44
C,2,546,846,1300.10888671875,44
C,2,547,847,1379.291259765625,44
C,2,548,848,1371.715576171875,44
C,2,549,849,1344.6197509765625,44
C,3,450,1300,50.489315032958984,44
C,3,451,1301,129.34840393066406,44
C,3,452,1302,204.32431030273438,44
C,3,453,1303,258.6710205078125,44
C,3,454,1304,302.2536926269531,44
C,3,455,1305,375.8233947753906,44
C,3,456,1306,415.41937255859375,44
C,3,457,1307,505.49749755859375,44
C,3,458,1308,564.009521484375,44
C,3,459,1309,617.8211669921875,44
C,3,460,1310,683.42626953125,44
C,3,461,1311,785.7431640625,44
C,3,462,1312,826.5284423828125,44
C,3,463,1313,829.5449829101562,44
C,3,464,1314,922.6273193359375,44
C,3,465,1315,978.7399291992188,44
C,3,466,1316,1048.0875244140625,44
C,3,467,1317,1136.2271728515625,44
C,3,468,1318,1227.1181640625,44
C,3,469,1319,1212.4698486328125,44
C,3,470,1320,1232.2388916015625,44
C,3,471,1321,1283.439697265625,44
C,3,472,1322,1269.34912109375,44
C,3,473,1323,1218.312255859375,44
C,3,474,1324,1250.8228759765625,44
C,3,475,1325,1303.7393798828125,44
C,3,476,1326,1322.9632568359375,44
C,3,477,1327,1328.6900634765625,44
C,3,478,1328,1339.0513916015625,44
C,3,479,1329,1227.82958984375,44
C,3,480,1330,1306.7200927734375,44
C,3,481,1331,1273.2427978515625,44
C,3,482,1332,1271.6591796875,44
C,3,483,1333,1289.13916015625,44
C,3,484,1334,1293.8304443359375,44
C,3,485,1335,1310.6240234375,44
C,3,486,1336,1284.190185546875,44
C,3,487,1337,1258.2303466796875,44
C,3,488,1338,1285.7508544921875,44
C,3,489,1339,1303.8873291015625,44
C,3,490,1340,1245.9383544921875,44
C,3,491,1341,1325.037353515625,44
C,3,492,1342,1384.7530517578125,44
C,3,493,1343,1363.62890625,44
C,3,494,1344,1304.9471435546875,44
C,3,495,1345,1320.9222412109375,44
C,3,496,1346,1320.4959716796875,44
C,3,497,1347,1255.813232421875,44
C,3,498,1348,1300.4189453125,44
C,3,499,1349,1277.4996337890625,44
C,3,500,1350,1275.919189453125,44
C,3,501,1351,1310.71875,44
C,3,502,1352,1273.048095703125,44
C,3,503,1353,1268.322998046875,44
C,3,504,1354,1298.01171875,44
C,3,505,1355,1301.541259765625,44
C,3,506,1356,1306.8861083984375,44
C,3,507,1357,1279.361328125,44
C,3,508,1358,1206.8546142578125,44
C,3,509,1359,1287.7078857421875,44
C,3,510,1360,1240.1331787109375,44
C,3,511,1361,1240.131103515625,44
C,3,512,1362,1223.6832275390625,44
C,3,513,1363,1272.8956298828125,44
C,3,514,1364,1200.2415771484375,44
C,3,515,1365,1255.68115234375,44
C,3,516,1366,1256.5213623046875,44
C,3,517,1367,1275.1929931640625,44
C,3,518,1368,1343.9083251953125,44
C,3,519,1369,1277.8917236328125,44
C,3,520,1370,1297.0531005859375,44
C,3,521,1371,1277.324951171875,44
C,3,522,1372,1293.1357421875,44
C,3,523,1373,1276.8831787109375,44
C,3,524,1374,1358.4349365234375,44
C,3,525,1375,1341.8436279296875,44
C,3,526,1376,1281.5152587890625,44
C,3,527,1377,1233.9130859375,44
C,3,528,1378,1256.7593994140625,44
C,3,529,1379,1313.325927734375,44
C,3,530,1380,1295.027587890625,44
C,3,531,1381,1223.1634521484375,44
C,3,532,1382,1314.71826171875,44
C,3,533,1383,1366.72607421875,44
C,3,534,1384,1274.8662109375,44
C,3,535,1385,1275.9954833984375,44
C,3,536,1386,1313.013427734375,44
C,3,537,1387,1326.9105224609375,44
C,3,538,1388,1354.800048828125,44
C,3,539,1389,1258.7493896484375,44
C,3,540,1390,1353.2669677734375,44
C,3,541,1391,1310.85400390625,44
C,3,542,1392,1278.390380859375,44
C,3,543,1393,1279.923583984375,44
C,3,544,1394,1254.0201416015625,44
C,3,545,1395,1315.2222900390625,44
C,3,546,1396,1355.4913330078125,44
C,3,547,1397,1244.2725830078125,44
C,3,548,1398,1324.7862548828125,44
C,3,549,1399,1316.6290283203125,44
C,3,550,1400,1265.5008544921875,44
C,3,551,1401,1248.47900390625,44
C,3,552,1402,1310.5284423828125,44
C,3,553,1403,1313.3055419921875,44
C,3,554,1404,1292.49951171875,44
C,3,555,1405,1247.142578125,44
C,3,556,1406,1279.7728271484375,44
C,3,557,1407,1331.246337890625,44
C,3,558,1408,1275.5159912109375,44
C,3,559,1409,1350.680908203125,44
C,3,560,1410,1276.3399658203125,44
C,3,561,1411,1300.5128173828125,44
C,3,562,1412,1303.7611083984375,44
C,3,563,1413,1243.7298583984375,44
C,3,564,1414,1366.841796875,44
C,3,565,1415,1264.12158203125,44
C,3,566,1416,1325.12109375,44
C,3,567,1417,1326.9932861328125,44
C,3,568,1418,1286.91015625,44
C,3,569,1419,1303.0634765625,44
C,3,570,1420,1221.113525390625,44
C,3,571,1421,1334.6246337890625,44
C,3,572,1422,1305.0555419921875,44
C,3,573,1423,1276.940673828125,44
C,3,574,1424,1327.8424072265625,44
C,3,575,1425,1298.2918701171875,44
C,3,576,1426,1338.208740234375,44
C,3,577,1427,1366.798583984375,44
C,3,578,1428,1303.707275390625,44
C,3,579,1429,1317.1968994140625,44
C,3,580,1430,1308.779052734375,44
C,3,581,1431,1299.2216796875,44
C,3,582,1432,1323.8260498046875,44
C,3,583,1433,1353.759033203125,44
C,3,584,1434,1322.3358154296875,44
C,3,585,1435,1287.538330078125,44
C,3,586,1436,1042.8236083984375,44
C,3,587,1437,1085.0712890625,44
C,3,588,1438,1136.679443359375,44
C,3,589,1439,1213.50439453125,44
C,3,590,1440,1271.7105712890625,44
C,3,591,1441,1266.7022705078125,44
C,3,592,1442,1278.43310546875,44
C,3,593,1443,1228.73046875,44
C,3,594,1444,1230.9688720703125,44
C,3,595,1445,1312.2724609375,44
C,3,596,1446,1228.990478515625,44
C,3,597,1447,1233.182373046875,44
C,3,598,1448,1286.141357421875,44
C,3,599,1449,1238.073974609375,44
C,3,600,1450,1307.8673095703125,44
C,3,601,1451,1240.1107177734375,44
C,3,602,1452,1275.4730224609375,44
C,3,603,1453,1242.3013916015625,44
C,3,604,1454,1244.6517333984375,44
C,3,605,1455,1198.4005126953125,44
C,3,606,1456,1167.0933837890625,44
C,3,607,1457,1234.650390625,44
C,3,608,1458,1245.887451171875,44
C,3,609,1459,1229.9329833984375,44
C,3,610,1460,1253.84619140625,44
C,3,611,1461,1294.4656982421875,44
C,3,612,1462,1219.546875,44
C,3,613,1463,1273.88671875,44
C,3,614,1464,1261.1710205078125,44
C,3,615,1465,1279.060302734375,44
C,3,616,1466,1284.5985107421875,44
C,3,617,1467,1343.36669921875,44
C,3,618,1468,1266.201171875,44
C,3,619,1469,1283.245361328125,44
C,3,620,1470,1310.0919189453125,44
C,3,621,1471,1300.2462158203125,44
C,3,622,1472,1276.5296630859375,44
C,3,623,1473,1308.267578125,44
C,3,624,1474,1252.856689453125,44
C,3,625,1475,1207.22802734375,44
C,3,626,1476,1278.0572509765625,44
C,3,627,1477,1186.304443359375,44
C,3,628,1478,1209.2349853515625,44
C,3,629,1479,1203.4407958984375,44
C,3,630,1480,1234.1839599609375,44
C,3,631,1481,1207.631591796875,44
C,3,632,1482,1056.8160400390625,44
C,3,633,1483,1112.285888671875,44
C,3,634,1484,1129.1424560546875,44
C,3,635,1485,1110.9998779296875,44
C,3,636,1486,1056.974853515625,44
C,3,637,1487,1090.733642578125,44
C,3,638,1488,1042.82080078125,44
C,3,639,1489,1078.702880859375,44
C,3,640,1490,1025.72216796875,44
C,3,641,1491,1015.2739868164062,44
C,3,642,1492,1064.1468505859375,44
C,3,643,1493,1108.560302734375,44
C,3,644,1494,999.4751586914062,44
C,3,645,1495,1083.8165283203125,44
C,3,646,1496,1101.7816162109375,44
C,3,647,1497,1129.5689697265625,44
C,3,648,1498,1210.7073974609375,44
C,3,649,1499,1178.39453125,44
C,4,649,2149,-6.007256507873535,44
C,4,650,2150,67.6816635131836,44
C,4,651,2151,151.31800842285156,44
C,4,652,2152,197.9486083984375,44
C,4,653,2153,289.64617919921875,44
C,4,654,2154,322.9467468261719,44
C,4,655,2155,350.623046875,44
C,4,656,2156,432.97393798828125,44
C,4,657,2157,501.75531005859375,44
C,4,658,2158,518.3054809570312,44
C,4,659,2159,575.1307373046875,44
C,4,660,2160,616.6288452148438,44
C,4,661,2161,706.7343139648438,44
C,4,662,2162,729.8041381835938,44
C,4,663,2163,773.9680786132812,44
C,4,664,2164,857.4422607421875,44
C,4,665,2165,911.0845947265625,44
C,4,666,2166,917.06005859375,44
C,4,667,2167,917.8089599609375,44
C,4,668,2168,1118.489501953125,44
C,4,669,2169,1225.692138671875,44
C,4,670,2170,1039.5601806640625,44
C,4,671,2171,1074.2001953125,44
C,4,672,2172,1144.4957275390625,44
C,4,673,2173,1195.7872314453125,44
C,4,674,2174,1126.2117919921875,44
C,4,675,2175,1117.9061279296875,44
C,4,676,2176,1216.62451171875,44
C,4,677,2177,1160.9794921875,44
C,4,678,2178,1174.9932861328125,44
C,4,679,2179,1148.1964111328125,44
C,4,680,2180,1177.5623779296875,44
C,4,681,2181,1157.093505859375,44
C,4,682,2182,1163.565673828125,44
C,4,683,2183,1246.4796142578125,44
C,4,684,2184,1130.9307861328125,44
C,4,685,2185,1161.87353515625,44
C,4,686,2186,1189.9456787109375,44
C,4,687,2187,1171.31787109375,44
C,4,688,2188,1099.156982421875,44
C,4,689,2189,1183.2906494140625,44
C,4,690,2190,1054.072265625,44
C,4,691,2191,1180.5277099609375,44
C,4,692,2192,1147.2923583984375,44
C,4,693,2193,1204.0194091796875,44
C,4,694,2194,1180.88818359375,44
C,4,695,2195,1126.4053955078125,44
C,4,696,2196,1214.2086181640625,44
C,4,697,2197,1122.806640625,44
C,4,698,2198,1144.996337890625,44
C,4,699,2199,1155.292236328125,44
C,4,700,2200,1151.249755859375,44
C,4,701,2201,1043.431884765625,44
C,4,702,2202,969.0087280273438,44
C,4,703,2203,1214.72021484375,44
C,4,704,2204,1117.552001953125,44
C,4,705,2205,1166.640625,44
C,4,706,2206,1173.1107177734375,44
C,4,707,2207,1292.6668701171875,44
C,4,708,2208,1219.3741455078125,44
C,4,709,2209,1195.8975830078125,44
C,4,710,2210,1192.802734375,44
C,4,711,2211,1099.156982421875,44
C,4,712,2212,1202.40625,44
C,4,713,2213,1163.34619140625,44
C,4,714,2214,1082.82763671875,44
C,4,715,2215,1131.054443359375,44
C,4,716,2216,1192.8636474609375,44
C,4,717,2217,1157.0653076171875,44
C,4,718,2218,1097.572021484375,44
C,4,719,2219,1197.9873046875,44
C,4,720,2220,1197.4395751953125,44
C,4,721,2221,1208.4580078125,44
C,4,722,2222,1189.7005615234375,44
C,4,723,2223,1238.6802978515625,44
C,4,724,2224,1169.5732421875,44
C,4,725,2225,1104.7152099609375,44
C,4,726,2226,1109.130859375,44
C,4,727,2227,1040.9315185546875,44
C,4,728,2228,1135.3690185546875,44
C,4,729,2229,1114.2486572265625,44
C,4,730,2230,1118.8597412109375,44
C,4,731,2231,1130.927001953125,44
C,4,732,2232,1183.037109375,44
C,4,733,2233,1121.7099609375,44
C,4,734,2234,1202.9696044921875,44
C,4,735,2235,1157.2049560546875,44
C,4,736,2236,1165.154052734375,44
C,4,737,2237,1172.18505859375,44
C,4,738,2238,1125.286376953125,44
C,4,739,2239,1181.6007080078125,44
C,4,740,2240,1168.8507080078125,44
C,4,741,2241,1148.3634033203125,44
C,4,742,2242,1107.4451904296875,44
C,4,743,2243,1182.721923828125,44
C,4,744,2244,1187.61962890625,44
C,4,745,2245,1134.08740234375,44
C,4,746,2246,1185.1312255859375,44
C,4,747,2247,1150.0828857421875,44
C,4,748,2248,1155.4239501953125,44
C,4,749,2249,1150.2916259765625,44
C,4,750,2250,1171.6260986328125,44
C,4,751,2251,1156.051513671875,44
C,4,752,2252,1123.897705078125,44
C,4,753,2253,1205.86572265625,44
C,4,754,2254,1169.128662109375,44
C,4,755,2255,1231.0030517578125,44
C,4,756,2256,1186.2100830078125,44
C,4,757,2257,1170.7235107421875,44
C,4,758,2258,1117.30078125,44
C,4,759,2259,1253.8184814453125,44
C,4,760,2260,1291.5831298828125,44
C,4,761,2261,1242.4342041015625,44
C,4,762,2262,1229.4219970703125,44
C,4,763,2263,1225.8328857421875,44
C,4,764,2264,1230.7593994140625,44
C,4,765,2265,1192.9755859375,44
C,4,766,2266,1187.286865234375,44
C,4,767,2267,1144.662841796875,44
C,4,768,2268,1234.6265869140625,44
C,4,769,2269,1258.505859375,44
C,4,770,2270,1222.566162109375,44
C,4,771,2271,1202.9451904296875,44
C,4,772,2272,1205.8612060546875,44
C,4,773,2273,1179.9327392578125,44
C,4,774,2274,1179.9307861328125,44
C,4,775,2275,1155.3631591796875,44
C,4,776,2276,1222.7083740234375,44
C,4,777,2277,1226.3309326171875,44
C,4,778,2278,1168.027587890625,44
C,4,779,2279,1197.7869873046875,44
C,4,780,2280,1238.4984130859375,44
C,4,781,2281,1184.277587890625,44
C,4,782,2282,1211.8665771484375,44
C,4,783,2283,1153.84130859375,44
C,4,784,2284,1248.53369140625,44
C,4,785,2285,1240.562255859375,44
C,4,786,2286,1229.6854248046875,44
C,4,787,2287,1223.804931640625,44
C,4,788,2288,1182.6082763671875,44
C,4,789,2289,1220.671142578125,44
C,4,790,2290,1252.731689453125,44
C,4,791,2291,1187.9840087890625,44
C,4,792,2292,1190.257080078125,44
C,4,793,2293,1141.067626953125,44
C,4,794,2294,1158.2777099609375,44
C,4,795,2295,1254.59765625,44
C,4,796,2296,1215.490966796875,44
C,4,797,2297,1258.294189453125,44
C,4,798,2298,1154.507568359375,44
C,4,799,2299,1146.6287841796875,44
C,4,800,2300,1179.6910400390625,44
C,4,801,2301,1204.061767578125,44
C,4,802,2302,1189.607421875,44
C,4,803,2303,1194.560791015625,44
C,4,804,2304,1162.2149658203125,44
C,4,805,2305,1166.408935546875,44
C,4,806,2306,1168.2755126953125,44
C,4,807,2307,1166.9681396484375,44
C,4,808,2308,1105.1390380859375,44
C,4,809,2309,1224.5439453125,44
C,4,810,2310,1168.527587890625,44
C,4,811,2311,1135.116943359375,44
C,4,812,2312,1198.0792236328125,44
C,4,813,2313,1171.8531494140625,44
C,4,814,2314,1225.3988037109375,44
C,4,815,2315,1155.0245361328125,44
C,4,816,2316,1252.8658447265625,44
C,4,817,2317,1176.916259765625,44
C,4,818,2318,1126.997802734375,44
C,4,819,2319,1078.9010009765625,44
C,4,820,2320,1106.89453125,44
C,4,821,2321,1123.3389892578125,44
C,4,822,2322,1111.228759765625,44
C,4,823,2323,1126.93896484375,44
C,4,824,2324,1123.1485595703125,44
C,4,825,2325,1224.6424560546875,44
C,4,826,2326,1181.8267822265625,44
C,4,827,2327,1218.11328125,44
C,4,828,2328,1185.45361328125,44
C,4,829,2329,1182.5853271484375,44
C,4,830,2330,1219.1671142578125,44
C,4,831,2331,1211.2476806640625,44
C,4,832,2332,1115.2445068359375,44
C,4,833,2333,1163.0687255859375,44
C,4,834,2334,1200.184326171875,44
C,4,835,2335,1192.8834228515625,44
C,4,836,2336,1171.0225830078125,44
C,4,837,2337,1199.0965576171875,44
C,4,838,2338,1182.497314453125,44
C,4,839,2339,1199.43115234375,44
C,4,840,2340,1131.97021484375,44
C,4,841,2341,1103.8831787109375,44
C,4,842,2342,1185.452880859375,44
C,4,843,2343,1136.3421630859375,44
C,4,844,2344,1189.5792236328125,44
C,4,845,2345,1127.7908935546875,44
C,4,846,2346,1136.98583984375,44
C,4,847,2347,1208.2119140625,44
C,4,848,2348,1225.1456298828125,44
C,4,849,2349,1156.725830078125,44
C,4,850,2350,1090.95751953125,44
C,4,851,2351,1246.7362060546875,44
C,4,852,2352,1106.1201171875,44
C,4,853,2353,1151.433837890625,44
C,4,854,2354,1209.5819091796875,44
C,4,855,2355,1201.9874267578125,44
C,4,856,2356,1175.447265625,44
C,4,857,2357,1090.5537109375,44
C,4,858,2358,1211.8702392578125,44
C,4,859,2359,1209.312744140625,44
C,4,860,2360,1156.108642578125,44
C,4,861,2361,1177.542236328125,44
C,4,862,2362,1166.6405029296875,44
C,4,863,2363,1184.8802490234375,44
C,4,864,2364,1101.560791015625,44
C,4,865,2365,1284.1348876953125,44
C,4,866,2366,1201.4541015625,44
C,4,867,2367,1221.98046875,44
C,4,868,2368,1268.796875,44
C,4,869,2369,1129.4371337890625,44
C,4,870,2370,1198.8017578125,44
C,4,871,2371,1216.0867919921875,44
C,4,872,2372,1249.372314453125,44
C,4,873,2373,1178.430419921875,44
C,4,874,2374,1177.1357421875,44
C,4,875,2375,1136.769287109375,44
C,4,876,2376,1207.03515625,44
C,4,877,2377,1214.9176025390625,44
C,4,878,2378,1273.8140869140625,44
C,4,879,2379,1178.7642822265625,44
C,4,880,2380,1286.935302734375,44
C,4,881,2381,1280.7244873046875,44
C,4,882,2382,1228.4654541015625,44
C,4,883,2383,1250.126953125,44
C,4,884,2384,1216.73095703125,44
C,4,885,2385,1171.6029052734375,44
C,4,886,2386,1212.2332763671875,44
C,4,887,2387,1260.1895751953125,44
C,4,888,2388,1197.3270263671875,44
C,4,889,2389,1158.634765625,44
C,4,890,2390,1185.5205078125,44
C,4,891,2391,1174.728271484375,44
C,4,892,2392,1241.3931884765625,44
C,4,893,2393,1201.0306396484375,44
C,4,894,2394,1199.64404296875,44
C,4,895,2395,1200.537109375,44
C,4,896,2396,1136.35107421875,44
C,4,897,2397,1259.7412109375,44
C,4,898,2398,1322.725341796875,44
C,5,825,3224,30.45882797241211,44
C,5,826,3225,104.10575866699219,44
C,5,827,3226,167.4906005859375,44
C,5,828,3227,217.55728149414062,44
C,5,829,3228,269.7936096191406,44
C,5,830,3229,324.6990051269531,44
C,5,831,3230,367.9501647949219,44
C,5,832,3231,422.1147766113281,44
C,5,833,3232,513.619384765625,44
C,5,834,3233,514.3038940429688,44
C,5,835,3234,611.66259765625,44
C,5,836,3235,673.21875,44
C,5,837,3236,680.5673828125,44
C,5,838,3237,753.7083129882812,44
C,5,839,3238,784.2460327148438,44
C,5,840,3239,932.0636596679688,44
C,5,841,3240,993.9331665039062,44
C,5,842,3241,1009.5365600585938,44
C,5,843,3242,1013.162109375,44
C,5,844,3243,1145.658447265625,44
C,5,845,3244,1192.0872802734375,44
C,5,846,3245,1199.8529052734375,44
C,5,847,3246,1199.48974609375,44
C,5,848,3247,1136.8671875,44
C,5,849,3248,1090.4388427734375,44
C,5,850,3249,1215.1749267578125,44
C,5,851,3250,1144.83447265625,44
C,5,852,3251,1175.815673828125,44
C,5,853,3252,1133.7098388671875,44
C,5,854,3253,1188.7745361328125,44
C,5,855,3254,1176.873779296875,44
C,5,856,3255,1233.1396484375,44
C,5,857,3256,1176.1055908203125,44
C,5,858,3257,1229.455078125,44
C,5,859,3258,1136.45166015625,44
C,5,860,3259,825.81591796875,44
C,5,861,3260,764.6812744140625,44
C,5,862,3261,1051.135009765625,44
C,5,863,3262,1025.2349853515625,44
C,5,864,3263,1054.4815673828125,44
C,5,865,3264,1108.268798828125,44
C,5,866,3265,1166.96240234375,44
C,5,867,3266,1136.491943359375,44
C,5,868,3267,1243.9031982421875,44
C,5,869,3268,1183.3787841796875,44
C,5,870,3269,1096.2406005859375,44
C,5,871,3270,1186.3670654296875,44
C,5,872,3271,1231.0406494140625,44
C,5,873,3272,1151.3480224609375,44
C,5,874,3273,1231.001953125,44
C,5,875,3274,1225.4364013671875,44
C,5,876,3275,1210.100341796875,44
C,5,877,3276,1184.6380615234375,44
C,5,878,3277,1217.1639404296875,44
C,5,879,3278,1165.064208984375,44
C,5,880,3279,1153.03955078125,44
C,5,881,3280,1120.408447265625,44
C,5,882,3281,1170.175048828125,44
C,5,883,3282,1266.7078857421875,44
C,5,884,3283,1195.8385009765625,44
C,5,885,3284,1213.4298095703125,44
C,5,886,3285,1223.8946533203125,44
C,5,887,3286,1228.2366943359375,44
C,5,888,3287,1286.0831298828125,44
C,5,889,3288,1278.727294921875,44
C,5,890,3289,1183.647216796875,44
C,5,891,3290,1202.9864501953125,44
C,5,892,3291,1289.2314453125,44
C,5,893,3292,1154.7279052734375,44
C,5,894,3293,1264.7337646484375,44
C,5,895,3294,1214.23779296875,44
C,5,896,3295,1202.9989013671875,44
C,5,897,3296,1213.8790283203125,44
C,5,898,3297,1219.7576904296875,44
C,5,899,3298,1235.44189453125,44
C,5,900,3299,1239.1007080078125,44
C,5,901,3300,1247.34130859375,44
C,5,902,3301,1223.1500244140625,44
C,5,903,3302,1197.021484375,44
C,5,904,3303,1220.60595703125,44
C,5,905,3304,1225.616455078125,44
C,5,906,3305,1153.4415283203125,44
C,5,907,3306,1014.4729614257812,44
C,5,908,3307,1063.826904296875,44
C,5,909,3308,1076.5093994140625,44
C,5,910,3309,1030.9176025390625,44
C,5,911,3310,1154.615234375,44
C,5,912,3311,1192.3505859375,44
C,5,913,3312,1111.1427001953125,44
C,5,914,3313,1089.55322265625,44
C,5,915,3314,1202.831298828125,44
C,5,916,3315,1170.76708984375,44
C,5,917,3316,1188.6173095703125,44
C,5,918,3317,1070.151611328125,44
C,5,919,3318,1202.9578857421875,44
C,5,920,3319,1138.0123291015625,44
C,5,921,3320,1155.8717041015625,44
C,5,922,3321,1176.1724853515625,44
C,5,923,3322,1242.7159423828125,44
C,5,924,3323,1074.2869873046875,44
C,5,925,3324,1135.589111328125,44
C,5,926,3325,1055.351318359375,44
C,5,927,3326,1135.9736328125,44
C,5,928,3327,1129.787109375,44
C,5,929,3328,1202.3721923828125,44
C,5,930,3329,1236.343994140625,44
C,5,931,3330,1227.435546875,44
C,5,932,3331,1157.034912109375,44
C,5,933,3332,1250.5904541015625,44
C,5,934,3333,1223.1304931640625,44
C,5,935,3334,1191.7908935546875,44
C,5,936,3335,1129.4097900390625,44
C,5,937,3336,1151.026123046875,44
C,5,938,3337,1156.4617919921875,44
C,5,939,3338,1188.5108642578125,44
C,5,940,3339,1216.0897216796875,44
C,5,941,3340,1129.64697265625,44
C,5,942,3341,1148.995849609375,44
C,5,943,3342,1169.6705322265625,44
C,5,944,3343,1206.0447998046875,44
C,5,945,3344,1159.2615966796875,44
C,5,946,3345,1182.1995849609375,44
C,5,947,3346,1092.4654541015625,44
C,5,948,3347,1150.361083984375,44
C,5,949,3348,1240.912353515625,44
C,5,950,3349,1265.5040283203125,44
C,5,951,3350,1135.0263671875,44
C,5,952,3351,1167.8232421875,44
C,5,953,3352,1133.1768798828125,44
C,5,954,3353,1194.8677978515625,44
C,5,955,3354,1204.4818115234375,44
C,5,956,3355,1163.2171630859375,44
C,5,957,3356,1289.330322265625,44
C,5,958,3357,1157.903564453125,44
C,5,959,3358,1176.1690673828125,44
C,5,960,3359,1141.4251708984375,44
C,5,961,3360,1164.7884521484375,44
C,5,962,3361,1203.8436279296875,44
C,5,963,3362,1234.9315185546875,44
C,5,964,3363,1191.46484375,44
C,5,965,3364,1210.2918701171875,44
C,5,966,3365,1221.5286865234375,44
C,5,967,3366,1181.26806640625,44
C,5,968,3367,1124.4638671875,44
C,5,969,3368,1186.061767578125,44
C,5,970,3369,1156.1773681640625,44
C,5,971,3370,1220.3751220703125,44
C,5,972,3371,1168.039306640625,44
C,5,973,3372,1092.9139404296875,44
C,5,974,3373,1167.7196044921875,44
C,5,975,3374,1129.0858154296875,44
C,5,976,3375,1261.3446044921875,44
C,5,977,3376,1228.2786865234375,44
C,5,978,3377,1164.6053466796875,44
C,5,979,3378,1217.3828125,44
C,5,980,3379,1194.6202392578125,44
C,5,981,3380,1110.554443359375,44
C,5,982,3381,1244.9576416015625,44
C,5,983,3382,1129.5367431640625,44
C,5,984,3383,1215.2486572265625,44
C,5,985,3384,1194.6763916015625,44
C,5,986,3385,1281.942626953125,44
C,5,987,3386,1258.546142578125,44
C,5,988,3387,1147.5074462890625,44
C,5,989,3388,1162.521240234375,44
C,5,990,3389,1187.24560546875,44
C,5,991,3390,1157.63671875,44
C,5,992,3391,1162.2125244140625,44
C,5,993,3392,1239.8250732421875,44
C,5,994,3393,1216.3411865234375,44
C,5,995,3394,1163.06201171875,44
C,5,996,3395,1195.26318359375,44
C,5,997,3396,1160.825927734375,44
C,5,998,3397,1214.1185302734375,44
C,5,999,3398,1139.22900390625,44
C,5,1000,3399,1139.60888671875,44
C,5,1001,3400,1163.951416015625,44
C,5,1002,3401,1056.256591796875,44
C,5,1003,3402,1164.3472900390625,44
C,5,1004,3403,1222.91259765625,44
C,5,1005,3404,1324.888427734375,44
C,5,1006,3405,1161.8153076171875,44
C,5,1007,3406,1230.9234619140625,44
C,5,1008,3407,1233.700439453125,44
C,5,1009,3408,1143.49072265625,44
C,5,1010,3409,1188.2559814453125,44
C,5,1011,3410,1136.8909912109375,44
C,5,1012,3411,1109.6650390625,44
C,5,1013,3412,1083.9390869140625,44
C,5,1014,3413,1147.840576171875,44
C,5,1015,3414,1142.449462890625,44
C,5,1016,3415,1086.1903076171875,44
C,5,1017,3416,1133.494384765625,44
C,5,1018,3417,1073.258544921875,44
C,5,1019,3418,1212.41748046875,44
C,5,1020,3419,1108.216552734375,44
C,5,1021,3420,1179.62109375,44
C,5,1022,3421,1106.972900390625,44
C,5,1023,3422,1192.9853515625,44
C,5,1024,3423,1147.6436767578125,44
C,5,1025,3424,1178.9853515625,44
C,5,1026,3425,1157.782470703125,44
C,5,1027,3426,1229.7672119140625,44
C,5,1028,3427,1094.4189453125,44
C,5,1029,3428,1091.7525634765625,44
C,5,1030,3429,1204.3916015625,44
C,5,1031,3430,1247.9664306640625,44
C,5,1032,3431,1122.7921142578125,44
C,5,1033,3432,1105.6707763671875,44
C,5,1034,3433,1050.1243896484375,44
C,5,1035,3434,1130.9449462890625,44
C,5,1036,3435,984.5139770507812,44
C,5,1037,3436,1074.229248046875,44
C,5,1038,3437,1128.115478515625,44
C,5,1039,3438,962.5403442382812,44
C,5,1040,3439,1201.3577880859375,44
C,5,1041,3440,1135.3819580078125,44
C,5,1042,3441,1111.3218994140625,44
C,5,1043,3442,1196.803955078125,44
C,5,1044,3443,1110.5498046875,44
C,5,1045,3444,1175.5389404296875,44
C,5,1046,3445,1150.2615966796875,44
C,5,1047,3446,1150.0528564453125,44
C,5,1048,3447,1199.684326171875,44
C,5,1049,3448,1267.510498046875,44
C,5,1050,3449,1128.9903564453125,44
C,5,1051,3450,1174.3302001953125,44
C,5,1052,3451,1207.20654296875,44
C,5,1053,3452,1212.6529541015625,44
C,5,1054,3453,1214.251708984375,44
C,5,1055,3454,1172.5025634765625,44
C,5,1056,3455,1190.89208984375,44
C,5,1057,3456,1246.740478515625,44
C,5,1058,3457,1192.012939453125,44
C,5,1059,3458,1275.2694091796875,44
C,5,1060,3459,1316.895751953125,44
C,5,1061,3460,1147.631103515625,44
C,5,1062,3461,1247.0421142578125,44
C,5,1063,3462,1237.5203857421875,44
C,5,1064,3463,1239.60205078125,44
C,5,1065,3464,1177.653564453125,44
C,5,1066,3465,1225.919189453125,44
C,5,1067,3466,1190.5096435546875,44
C,5,1068,3467,1226.4383544921875,44
C,5,1069,3468,1189.88525390625,44
C,5,1070,3469,1175.4197998046875,44
C,5,1071,3470,1157.03173828125,44
C,5,1072,3471,1160.8111572265625,44
C,5,1073,3472,1247.2254638671875,44
C,5,1074,3473,1176.081787109375,44
C,5,1075,3474,1137.7713623046875,44
C,5,1076,3475,1133.795166015625,44
C,5,1077,3476,1223.7197265625,44
C,5,1078,3477,1210.04638671875,44
C,5,1079,3478,1203.04833984375,44
C,5,1080,3479,1228.5491943359375,44
C,5,1081,3480,1239.2012939453125,44
C,5,1082,3481,1175.118408203125,44
C,5,1083,3482,1137.8984375,44
C,5,1084,3483,1156.4886474609375,44
C,5,1085,3484,1181.24755859375,44
C,5,1086,3485,1069.6700439453125,44
C,5,1087,3486,1083.57275390625,44
C,5,1088,3487,1206.4053955078125,44
C,5,1089,3488,1147.927490234375,44
C,5,1090,3489,1078.479736328125,44
C,5,1091,3490,1030.43603515625,44
C,5,1092,3491,1114.06298828125,44
C,5,1093,3492,1051.2042236328125,44
C,5,1094,3493,1117.6737060546875,44
C,5,1095,3494,1040.6077880859375,44
C,5,1096,3495,1184.05810546875,44
C,5,1097,3496,1168.9486083984375,44
C,5,1098,3497,1132.364990234375,44
C,5,1099,3498,1174.0980224609375,44
C,5,1100,3499,1220.8192138671875,44
C,5,1101,3500,1193.38916015625,44
C,5,1102,3501,1272.0697021484375,44
C,5,1103,3502,1125.7755126953125,44
C,5,1104,3503,1216.315673828125,44
C,5,1105,3504,1220.324462890625,44
C,5,1106,3505,1243.2049560546875,44
C,5,1107,3506,1266.21484375,44
C,5,1108,3507,1230.0577392578125,44
C,5,1109,3508,1250.1925048828125,44
C,5,1110,3509,1209.391357421875,44
C,5,1111,3510,1234.8704833984375,44
C,5,1112,3511,1184.3045654296875,44
C,5,1113,3512,1211.00048828125,44
C,5,1114,3513,1180.8602294921875,44
C,5,1115,3514,1301.9405517578125,44
C,5,1116,3515,1186.8260498046875,44
C,5,1117,3516,1362.6158447265625,44
C,5,1118,3517,1221.9429931640625,44
C,5,1119,3518,1242.8935546875,44
C,5,1120,3519,1221.7618408203125,44
C,5,1121,3520,985.1826782226562,44
C,5,1122,3521,1269.6461181640625,44
C,5,1123,3522,1051.31591796875,44
C,5,1124,3523,1144.24609375,44
