t_s,platform,scenario,run_id,initial_theta_deg,held,obs_0,obs_1,obs_2,obs_3,obs_4,obs_5,obs_6,obs_7,action_L,action_R,I_L_cmd_A,I_R_cmd_A,I_L_meas_A,I_R_meas_A
0.0000,isaac,initial_pitch_release,isaac_rel_25deg_01,25.0000,0,0.000000,0.000000,0.436332,0.000000,0.000000,0.000000,0.000000,0.000000,0.000000,0.000000,0.000000,0.000000,,
0.0150,isaac,initial_pitch_release,isaac_rel_25deg_01,25.0000,0,0.000400,0.046544,0.436056,-0.036008,0.000010,0.002255,0.000000,0.000000,0.160516,0.056957,0.083253,0.000000,,
0.0300,isaac,initial_pitch_release,isaac_rel_25deg_01,25.0000,0,0.003355,0.062096,0.436144,0.140420,0.000191,-0.065287,0.083253,0.000000,0.481783,0.514951,0.576091,0.771945,,
0.0450,isaac,initial_pitch_release,isaac_rel_25deg_01,25.0000,0,0.005065,0.151038,0.434915,-0.279845,-0.001043,-0.114057,0.576091,0.771945,0.481601,0.488327,0.575842,0.729122,,
0.0600,isaac,initial_pitch_release,isaac_rel_25deg_01,25.0000,0,0.008122,0.239233,0.428176,-0.582966,-0.003151,-0.160936,0.575842,0.729122,0.459431,0.444607,0.545259,0.656545,,
0.0750,isaac,initial_pitch_release,isaac_rel_25deg_01,25.0000,0,0.012301,0.305451,0.417735,-0.778405,-0.005793,-0.182918,0.545259,0.656545,0.440091,0.407621,0.518097,0.593036,,
0.0900,isaac,initial_pitch_release,isaac_rel_25deg_01,25.0000,0,0.017383,0.357468,0.404917,-0.881585,-0.008644,-0.182269,0.518097,0.593036,0.428987,0.386944,0.502305,0.556721,,
0.1050,isaac,initial_pitch_release,isaac_rel_25deg_01,25.0000,0,0.023105,0.395789,0.391579,-0.881272,-0.011284,-0.162180,0.502305,0.556721,0.419063,0.374127,0.488069,0.533931,,
0.1200,isaac,initial_pitch_release,isaac_rel_25deg_01,25.0000,0,0.029350,0.427102,0.378285,-0.880413,-0.013627,-0.142386,0.488069,0.533931,0.408980,0.360479,0.473492,0.509432,,
0.1350,isaac,initial_pitch_release,isaac_rel_25deg_01,25.0000,0,0.036092,0.461829,0.364981,-0.877191,-0.015697,-0.124728,0.473492,0.509432,0.403692,0.355740,0.465799,0.500870,,
0.1500,isaac,initial_pitch_release,isaac_rel_25deg_01,25.0000,0,0.043302,0.493316,0.351678,-0.878712,-0.017567,-0.117832,0.465799,0.500870,0.392628,0.355691,0.449606,0.500781,,
0.1650,isaac,initial_pitch_release,isaac_rel_25deg_01,25.0000,0,0.050955,0.519585,0.338380,-0.878260,-0.019303,-0.107546,0.449606,0.500781,0.388087,0.351673,0.442921,0.493501,,
0.1800,isaac,initial_pitch_release,isaac_rel_25deg_01,25.0000,0,0.059024,0.547403,0.325105,-0.875371,-0.020891,-0.097983,0.442921,0.493501,0.381999,0.346568,0.433923,0.484222,,
0.1950,isaac,initial_pitch_release,isaac_rel_25deg_01,25.0000,0,0.067465,0.570391,0.311912,-0.869138,-0.022362,-0.092880,0.433923,0.484222,0.364787,0.334055,0.408269,0.461344,,
0.2100,isaac,initial_pitch_release,isaac_rel_25deg_01,25.0000,0,0.076264,0.596609,0.298728,-0.867877,-0.023737,-0.087761,0.408269,0.461344,0.363415,0.330925,0.406210,0.455592,,
0.2250,isaac,initial_pitch_release,isaac_rel_25deg_01,25.0000,0,0.085426,0.620745,0.285483,-0.877500,-0.025002,-0.078484,0.406210,0.455592,0.364865,0.334000,0.408386,0.461244,,
0.2400,isaac,initial_pitch_release,isaac_rel_25deg_01,25.0000,0,0.094929,0.640559,0.272250,-0.870047,-0.026147,-0.071736,0.408386,0.461244,0.360023,0.326318,0.401113,0.447106,,
0.2550,isaac,initial_pitch_release,isaac_rel_25deg_01,25.0000,0,0.104764,0.662382,0.259017,-0.872044,-0.027142,-0.061495,0.401113,0.447106,0.358067,0.321165,0.398168,0.437583,,
0.2700,isaac,initial_pitch_release,isaac_rel_25deg_01,25.0000,0,0.114925,0.683707,0.245769,-0.873708,-0.027967,-0.049903,0.398168,0.437583,0.356786,0.316298,0.396237,0.428562,,
0.2850,isaac,initial_pitch_release,isaac_rel_25deg_01,25.0000,0,0.125414,0.706363,0.232482,-0.877909,-0.028614,-0.040151,0.396237,0.428562,0.358868,0.316354,0.399375,0.428667,,
0.3000,isaac,initial_pitch_release,isaac_rel_25deg_01,25.0000,0,0.136250,0.729822,0.219107,-0.885364,-0.029092,-0.029339,0.399375,0.428667,0.366081,0.318910,0.410209,0.433407,,
0.3150,isaac,initial_pitch_release,isaac_rel_25deg_01,25.0000,0,0.147402,0.749785,0.205787,-0.878716,-0.029371,-0.015509,0.410209,0.433407,0.356983,0.304685,0.396535,0.406928,,
0.3300,isaac,initial_pitch_release,isaac_rel_25deg_01,25.0000,0,0.158878,0.769896,0.192431,-0.883630,-0.029452,-0.002650,0.396535,0.406928,0.360382,0.306897,0.401653,0.411060,,
0.3450,isaac,initial_pitch_release,isaac_rel_25deg_01,25.0000,0,0.170674,0.792210,0.179053,-0.883071,-0.029352,0.007442,0.401653,0.411060,0.359716,0.302959,0.400650,0.403699,,
0.3600,isaac,initial_pitch_release,isaac_rel_25deg_01,25.0000,0,0.182779,0.813236,0.165685,-0.882796,-0.029052,0.022327,0.400650,0.403699,0.359043,0.296859,0.399637,0.392264,,
0.3750,isaac,initial_pitch_release,isaac_rel_25deg_01,25.0000,0,0.195162,0.830691,0.152384,-0.875724,-0.028516,0.039340,0.399637,0.392264,0.351576,0.286893,0.388367,0.373496,,
0.3900,isaac,initial_pitch_release,isaac_rel_25deg_01,25.0000,0,0.207809,0.847826,0.139116,-0.874063,-0.027738,0.054850,0.388367,0.373496,0.348553,0.284321,0.383788,0.368635,,
0.4050,isaac,initial_pitch_release,isaac_rel_25deg_01,25.0000,0,0.220680,0.861497,0.125957,-0.863791,-0.026721,0.072548,0.383788,0.368635,0.340134,0.274354,0.370985,0.349732,,
0.4200,isaac,initial_pitch_release,isaac_rel_25deg_01,25.0000,0,0.233749,0.874326,0.112889,-0.860622,-0.025438,0.090301,0.370985,0.349732,0.337917,0.271664,0.367602,0.344615,,
0.4350,isaac,initial_pitch_release,isaac_rel_25deg_01,25.0000,0,0.246975,0.882494,0.099988,-0.842737,-0.023905,0.107910,0.367602,0.344615,0.330504,0.265038,0.356255,0.331974,,
0.4500,isaac,initial_pitch_release,isaac_rel_25deg_01,25.0000,0,0.260319,0.890107,0.087290,-0.832498,-0.022130,0.125082,0.356255,0.331974,0.326988,0.263308,0.350854,0.328666,,
0.4650,isaac,initial_pitch_release,isaac_rel_25deg_01,25.0000,0,0.273757,0.895485,0.074741,-0.825087,-0.020120,0.141866,0.350854,0.328666,0.322713,0.259411,0.344271,0.321205,,
0.4800,isaac,initial_pitch_release,isaac_rel_25deg_01,25.0000,0,0.287243,0.896933,0.062403,-0.806202,-0.017846,0.162702,0.344271,0.321205,0.315196,0.252087,0.332654,0.307143,,
0.4950,isaac,initial_pitch_release,isaac_rel_25deg_01,25.0000,0,0.300723,0.895168,0.050389,-0.781521,-0.015283,0.183193,0.332654,0.307143,0.306324,0.246378,0.318873,0.296146,,
0.5100,isaac,initial_pitch_release,isaac_rel_25deg_01,25.0000,0,-0.002256,0.884255,0.039095,-0.712284,-0.012403,0.206349,0.318873,0.296146,0.287228,0.229747,0.288967,0.263941,,
0.5250,isaac,initial_pitch_release,isaac_rel_25deg_01,25.0000,0,-0.305273,0.888952,0.027986,-0.750556,-0.009800,0.149027,0.288967,0.263941,0.262101,0.289424,0.249129,0.378273,,
0.5400,isaac,initial_pitch_release,isaac_rel_25deg_01,25.0000,0,-0.291910,0.887796,0.016564,-0.759565,-0.007498,0.167319,0.249129,0.378273,0.290956,0.243793,0.294831,0.291156,,
0.5550,isaac,initial_pitch_release,isaac_rel_25deg_01,25.0000,0,-0.278670,0.873889,0.005566,-0.697299,-0.005027,0.171015,0.294831,0.291156,0.255679,0.228696,0.238862,0.261897,,
0.5700,isaac,initial_pitch_release,isaac_rel_25deg_01,25.0000,0,-0.265507,0.876052,-0.005321,-0.738105,-0.002609,0.160548,0.238862,0.261897,0.268229,0.254358,0.258893,0.311509,,
0.5850,isaac,initial_pitch_release,isaac_rel_25deg_01,25.0000,0,-0.252485,0.857701,-0.015805,-0.651697,-0.000226,0.165801,0.258893,0.311509,0.236413,0.211267,0.207868,0.227871,,
0.6000,isaac,initial_pitch_release,isaac_rel_25deg_01,25.0000,0,-0.239618,0.854070,-0.025760,-0.662212,0.002116,0.153796,0.207868,0.227871,0.244846,0.235916,0.221470,0.275915,,
0.6150,isaac,initial_pitch_release,isaac_rel_25deg_01,25.0000,0,-0.226875,0.841441,-0.035410,-0.616079,0.004381,0.153503,0.221470,0.275915,0.230489,0.211430,0.198281,0.228189,,
0.6300,isaac,initial_pitch_release,isaac_rel_25deg_01,25.0000,0,-0.214382,0.821810,-0.043945,-0.516873,0.006640,0.150478,0.198281,0.228189,0.207390,0.194736,0.160659,0.195368,,
0.6450,isaac,initial_pitch_release,isaac_rel_25deg_01,25.0000,0,-0.202193,0.801519,-0.050983,-0.415812,0.008829,0.144035,0.160659,0.195368,0.197483,0.188119,0.144411,0.182298,,
0.6600,isaac,initial_pitch_release,isaac_rel_25deg_01,25.0000,0,-0.190233,0.790466,-0.056933,-0.369276,0.010956,0.139498,0.144411,0.182298,0.206306,0.194054,0.158885,0.194021,,
0.6750,isaac,initial_pitch_release,isaac_rel_25deg_01,25.0000,0,-0.178347,0.790675,-0.062721,-0.390543,0.012993,0.131662,0.158885,0.194021,0.220179,0.206117,0.181536,0.217767,,
0.6900,isaac,initial_pitch_release,isaac_rel_25deg_01,25.0000,0,-0.166506,0.785053,-0.068515,-0.372308,0.014979,0.131151,0.181536,0.217767,0.209619,0.190268,0.164305,0.186546,,
0.7050,isaac,initial_pitch_release,isaac_rel_25deg_01,25.0000,0,-0.154764,0.778191,-0.073953,-0.343032,0.016927,0.126472,0.164305,0.186546,0.200389,0.185709,0.149184,0.177530,,
0.7200,isaac,initial_pitch_release,isaac_rel_25deg_01,25.0000,0,-0.143023,0.784157,-0.079621,-0.399199,0.018771,0.115662,0.149184,0.177530,0.217778,0.203102,0.177625,0.211844,,
0.7350,isaac,initial_pitch_release,isaac_rel_25deg_01,25.0000,0,-0.131440,0.759693,-0.084624,-0.267140,0.020609,0.125888,0.177625,0.211844,0.173262,0.148296,0.104429,0.103001,,
0.7500,isaac,initial_pitch_release,isaac_rel_25deg_01,25.0000,0,-0.120080,0.752485,-0.088531,-0.245635,0.022421,0.112469,0.104429,0.103001,0.185891,0.177464,0.125320,0.161186,,
0.7650,isaac,initial_pitch_release,isaac_rel_25deg_01,25.0000,0,-0.108727,0.757831,-0.092723,-0.301642,0.024055,0.101978,0.125320,0.161186,0.207306,0.191461,0.160521,0.188902,,
0.7800,isaac,initial_pitch_release,isaac_rel_25deg_01,25.0000,0,-0.097522,0.734820,-0.096451,-0.193112,0.025675,0.110018,0.160521,0.188902,0.170406,0.142080,0.099692,0.090533,,
0.7950,isaac,initial_pitch_release,isaac_rel_25deg_01,25.0000,0,-0.086475,0.734194,-0.099659,-0.223515,0.027221,0.092958,0.099692,0.090533,0.190408,0.180676,0.132769,0.167559,,
0.8100,isaac,initial_pitch_release,isaac_rel_25deg_01,25.0000,0,-0.075719,0.700264,-0.101687,-0.049048,0.028727,0.106739,0.132769,0.167559,0.149482,0.115852,0.064851,0.037696,,
0.8250,isaac,initial_pitch_release,isaac_rel_25deg_01,25.0000,0,-0.065166,0.704017,-0.103052,-0.119484,0.030190,0.088710,0.064851,0.037696,0.197122,0.180774,0.143817,0.167754,,
0.8400,isaac,initial_pitch_release,isaac_rel_25deg_01,25.0000,0,-0.054885,0.669028,-0.103507,0.057699,0.031628,0.103355,0.143817,0.167754,0.144615,0.108403,0.056714,0.022627,,
0.8550,isaac,initial_pitch_release,isaac_rel_25deg_01,25.0000,0,-0.044856,0.667328,-0.103139,0.006181,0.033084,0.091326,0.056714,0.022627,0.189930,0.168733,0.131982,0.143828,,
0.8700,isaac,initial_pitch_release,isaac_rel_25deg_01,25.0000,0,-0.034942,0.652412,-0.102878,0.036837,0.034448,0.090776,0.131982,0.143828,0.173058,0.144907,0.104090,0.096206,,
0.8850,isaac,initial_pitch_release,isaac_rel_25deg_01,25.0000,0,-0.025311,0.630573,-0.101757,0.118916,0.035838,0.094487,0.104090,0.096206,0.158826,0.130104,0.080438,0.066450,,
0.9000,isaac,initial_pitch_release,isaac_rel_25deg_01,25.0000,0,-0.015900,0.622427,-0.100140,0.109584,0.037269,0.096718,0.080438,0.066450,0.180429,0.151063,0.116297,0.108543,,
0.9150,isaac,initial_pitch_release,isaac_rel_25deg_01,25.0000,0,-0.006719,0.601027,-0.098035,0.178593,0.038764,0.102600,0.116297,0.108543,0.159644,0.130528,0.081801,0.067305,,
0.9300,isaac,initial_pitch_release,isaac_rel_25deg_01,25.0000,0,0.002387,0.609607,-0.096322,0.066361,0.040268,0.097400,0.081801,0.067305,0.201049,0.179511,0.150266,0.165249,,
0.9450,isaac,initial_pitch_release,isaac_rel_25deg_01,25.0000,0,0.011361,0.586842,-0.094762,0.147130,0.041771,0.103487,0.150266,0.165249,0.154657,0.131185,0.073489,0.068629,,
0.9600,isaac,initial_pitch_release,isaac_rel_25deg_01,25.0000,0,0.020230,0.592977,-0.093427,0.047139,0.043345,0.107786,0.073489,0.068629,0.199471,0.174275,0.147677,0.154852,,
0.9750,isaac,initial_pitch_release,isaac_rel_25deg_01,25.0000,0,0.028975,0.572632,-0.092283,0.112558,0.045004,0.115357,0.147677,0.154852,0.157270,0.135329,0.077845,0.076968,,
0.9900,isaac,initial_pitch_release,isaac_rel_25deg_01,25.0000,0,0.037457,0.557408,-0.090420,0.145880,0.046802,0.123967,0.077845,0.076968,0.162550,0.140643,0.086637,0.087647,,
1.0050,isaac,initial_pitch_release,isaac_rel_25deg_01,25.0000,0,0.045869,0.561627,-0.088981,0.061335,0.048683,0.127081,0.086637,0.087647,0.189093,0.171189,0.130602,0.148716,,
1.0200,isaac,initial_pitch_release,isaac_rel_25deg_01,25.0000,0,0.054179,0.545902,-0.087804,0.102136,0.050621,0.133027,0.130602,0.148716,0.156471,0.141971,0.076513,0.090315,,
1.0350,isaac,initial_pitch_release,isaac_rel_25deg_01,25.0000,0,0.062191,0.522582,-0.085640,0.191129,0.052709,0.145941,0.076513,0.090315,0.144770,0.125712,0.056972,0.057601,,
1.0500,isaac,initial_pitch_release,isaac_rel_25deg_01,25.0000,0,0.070060,0.524424,-0.083349,0.127932,0.054972,0.155005,0.056972,0.057601,0.180585,0.161428,0.116554,0.129266,,
1.0650,isaac,initial_pitch_release,isaac_rel_25deg_01,25.0000,0,0.077684,0.493016,-0.080350,0.272942,0.057396,0.168061,0.116554,0.129266,0.126565,0.111707,0.026443,0.029313,,
1.0800,isaac,initial_pitch_release,isaac_rel_25deg_01,25.0000,0,0.085123,0.496223,-0.076870,0.205036,0.059988,0.177424,0.026443,0.029313,0.179216,0.159252,0.114289,0.124919,,
1.0950,isaac,initial_pitch_release,isaac_rel_25deg_01,25.0000,0,0.092556,0.492800,-0.074026,0.185388,0.062666,0.180134,0.114289,0.124919,0.161964,0.154573,0.085663,0.115568,,
1.1100,isaac,initial_pitch_release,isaac_rel_25deg_01,25.0000,0,0.099844,0.478140,-0.070919,0.236607,0.065425,0.188660,0.085663,0.115568,0.146655,0.134352,0.060126,0.075003,,
1.1250,isaac,initial_pitch_release,isaac_rel_25deg_01,25.0000,0,0.107071,0.482888,-0.067969,0.171558,0.068236,0.187435,0.060126,0.075003,0.172632,0.164210,0.103385,0.134815,,
1.1400,isaac,initial_pitch_release,isaac_rel_25deg_01,25.0000,0,0.114312,0.480417,-0.065623,0.152920,0.071001,0.184375,0.103385,0.134815,0.160312,0.155219,0.082913,0.116860,,
1.1550,isaac,initial_pitch_release,isaac_rel_25deg_01,25.0000,0,0.121501,0.476588,-0.063446,0.148154,0.073743,0.183604,0.082913,0.116860,0.157947,0.151248,0.078974,0.108914,,
1.1700,isaac,initial_pitch_release,isaac_rel_25deg_01,25.0000,0,0.128582,0.466539,-0.061041,0.181376,0.076491,0.185164,0.078974,0.108914,0.149496,0.139960,0.064874,0.086276,,
1.1850,isaac,initial_pitch_release,isaac_rel_25deg_01,25.0000,0,0.135668,0.475318,-0.059032,0.102917,0.079224,0.182078,0.064874,0.086276,0.176961,0.167638,0.110558,0.141648,,
1.2000,isaac,initial_pitch_release,isaac_rel_25deg_01,25.0000,0,0.142732,0.465539,-0.057294,0.138443,0.081925,0.182085,0.110558,0.141648,0.149342,0.139988,0.064617,0.086331,,
1.2150,isaac,initial_pitch_release,isaac_rel_25deg_01,25.0000,0,0.149804,0.474238,-0.055902,0.062939,0.084587,0.177035,0.064617,0.086331,0.178161,0.166045,0.112544,0.138473,,
1.2300,isaac,initial_pitch_release,isaac_rel_25deg_01,25.0000,0,0.156759,0.452617,-0.054157,0.175585,0.087278,0.185605,0.112544,0.138473,0.133760,0.118502,0.038527,0.043049,,
1.2450,isaac,initial_pitch_release,isaac_rel_25deg_01,25.0000,0,0.163670,0.464144,-0.052365,0.081689,0.089988,0.179404,0.038527,0.043049,0.183554,0.167503,0.121462,0.141377,,
1.2600,isaac,initial_pitch_release,isaac_rel_25deg_01,25.0000,0,0.170577,0.454862,-0.050867,0.127940,0.092656,0.180954,0.121462,0.141377,0.150150,0.134586,0.065966,0.075472,,
1.2750,isaac,initial_pitch_release,isaac_rel_25deg_01,25.0000,0,0.177410,0.454800,-0.049148,0.115582,0.095327,0.179843,0.065966,0.075472,0.166246,0.146455,0.092783,0.099310,,
1.2900,isaac,initial_pitch_release,isaac_rel_25deg_01,25.0000,0,0.184241,0.454539,-0.047670,0.096210,0.097953,0.175236,0.092783,0.099310,0.167702,0.149034,0.095203,0.104481,,
1.3050,isaac,initial_pitch_release,isaac_rel_25deg_01,25.0000,0,0.191150,0.463820,-0.046895,0.023541,0.100507,0.169010,0.095203,0.104481,0.184034,0.161789,0.122255,0.129986,,
1.3200,isaac,initial_pitch_release,isaac_rel_25deg_01,25.0000,0,0.198056,0.455876,-0.046360,0.058226,0.103049,0.173349,0.122255,0.129986,0.162398,0.133224,0.086385,0.072733,,
1.3350,isaac,initial_pitch_release,isaac_rel_25deg_01,25.0000,0,0.204864,0.450519,-0.045464,0.073577,0.105638,0.174689,0.086385,0.072733,0.166335,0.136507,0.092931,0.079337,,
1.3500,isaac,initial_pitch_release,isaac_rel_25deg_01,25.0000,0,0.211661,0.456976,-0.044727,0.038674,0.108242,0.173494,0.092931,0.079337,0.181718,0.146810,0.118428,0.100022,,
1.3650,isaac,initial_pitch_release,isaac_rel_25deg_01,25.0000,0,0.218462,0.451755,-0.044272,0.034182,0.110850,0.174620,0.118428,0.100022,0.176244,0.139403,0.109370,0.085158,,
1.3800,isaac,initial_pitch_release,isaac_rel_25deg_01,25.0000,0,0.225300,0.458696,-0.044276,-0.019703,0.113432,0.170880,0.109370,0.085158,0.188952,0.151662,0.130369,0.109743,,
1.3950,isaac,initial_pitch_release,isaac_rel_25deg_01,25.0000,0,0.231942,0.427855,-0.043416,0.137150,0.116029,0.176209,0.130369,0.109743,0.138454,0.092395,0.046399,0.000000,,
1.4100,isaac,initial_pitch_release,isaac_rel_25deg_01,25.0000,0,0.238414,0.429745,-0.041736,0.101716,0.118719,0.185290,0.046399,0.000000,0.191088,0.136719,0.133890,0.079762,,
1.4250,isaac,initial_pitch_release,isaac_rel_25deg_01,25.0000,0,0.244929,0.434633,-0.040611,0.062609,0.121411,0.176890,0.133890,0.079762,0.187457,0.143654,0.127904,0.093693,,
1.4400,isaac,initial_pitch_release,isaac_rel_25deg_01,25.0000,0,0.251428,0.429685,-0.039669,0.072727,0.124076,0.179740,0.127904,0.093693,0.180547,0.128969,0.116491,0.064164,,
1.4550,isaac,initial_pitch_release,isaac_rel_25deg_01,25.0000,0,0.257907,0.431009,-0.038880,0.044502,0.126795,0.184103,0.116491,0.064164,0.193866,0.135894,0.138463,0.078104,,
1.4700,isaac,initial_pitch_release,isaac_rel_25deg_01,25.0000,0,0.264390,0.430390,-0.038404,0.029876,0.129581,0.187773,0.138463,0.078104,0.190565,0.133795,0.133028,0.073882,,
1.4850,isaac,initial_pitch_release,isaac_rel_25deg_01,25.0000,0,0.270807,0.422937,-0.037841,0.054137,0.132438,0.194056,0.133028,0.073882,0.181343,0.123900,0.117808,0.053947,,
1.5000,isaac,initial_pitch_release,isaac_rel_25deg_01,25.0000,0,0.277117,0.416466,-0.036923,0.078393,0.135401,0.202892,0.117808,0.053947,0.183386,0.121351,0.121184,0.048802,,
1.5150,isaac,initial_pitch_release,isaac_rel_25deg_01,25.0000,0,0.283307,0.409432,-0.035581,0.109392,0.138515,0.212550,0.121184,0.048802,0.180644,0.118674,0.116652,0.043397,,
1.5300,isaac,initial_pitch_release,isaac_rel_25deg_01,25.0000,0,0.289381,0.400328,-0.033831,0.133069,0.141760,0.220999,0.116652,0.043397,0.181615,0.121678,0.118258,0.049463,,
1.5450,isaac,initial_pitch_release,isaac_rel_25deg_01,25.0000,0,-0.020937,0.402279,-0.032159,0.101842,0.145144,0.232260,0.118258,0.049463,0.197241,0.133168,0.144013,0.072620,,
1.5600,isaac,initial_pitch_release,isaac_rel_25deg_01,25.0000,0,-0.014630,0.433629,-0.032358,-0.107352,0.147712,0.114328,0.144013,0.072620,0.174254,0.239832,0.106074,0.283501,,
1.5750,isaac,initial_pitch_release,isaac_rel_25deg_01,25.0000,0,-0.008180,0.425119,-0.033755,-0.074724,0.149234,0.093372,0.106074,0.283501,0.160968,0.145374,0.084005,0.097142,,
1.5900,isaac,initial_pitch_release,isaac_rel_25deg_01,25.0000,0,-0.001770,0.427367,-0.035177,-0.106317,0.150512,0.080474,0.084005,0.097142,0.178075,0.158120,0.112401,0.122659,,
1.6050,isaac,initial_pitch_release,isaac_rel_25deg_01,25.0000,0,0.004523,0.411685,-0.036225,-0.031782,0.151684,0.078584,0.112401,0.122659,0.152930,0.128110,0.070607,0.062435,,
1.6200,isaac,initial_pitch_release,isaac_rel_25deg_01,25.0000,0,0.010713,0.412166,-0.036949,-0.058069,0.152836,0.078109,0.070607,0.062435,0.177172,0.150806,0.110907,0.108030,,
1.6350,isaac,initial_pitch_release,isaac_rel_25deg_01,25.0000,0,0.016755,0.393099,-0.037137,0.033858,0.154026,0.084970,0.110907,0.108030,0.147100,0.120478,0.060870,0.047041,,
1.6500,isaac,initial_pitch_release,isaac_rel_25deg_01,25.0000,0,0.022783,0.407031,-0.037515,-0.071276,0.155258,0.083457,0.060870,0.047041,0.192714,0.169628,0.136567,0.145609,,
1.6650,isaac,initial_pitch_release,isaac_rel_25deg_01,25.0000,0,-0.287691,0.378846,-0.037444,0.079330,0.156566,0.094747,0.136567,0.145609,0.130898,0.104746,0.033722,0.015222,,
1.6800,isaac,initial_pitch_release,isaac_rel_25deg_01,25.0000,0,-0.281651,0.420854,-0.038554,-0.205606,0.158012,0.100777,0.033722,0.015222,0.240908,0.209617,0.215125,0.224636,,
1.6950,isaac,initial_pitch_release,isaac_rel_25deg_01,25.0000,0,-0.275624,0.385137,-0.040068,-0.004505,0.159566,0.110380,0.215125,0.224636,0.115916,0.070536,0.008516,0.000000,,
1.7100,isaac,initial_pitch_release,isaac_rel_25deg_01,25.0000,0,-0.269850,0.383791,-0.040334,-0.024178,0.161328,0.127440,0.008516,0.000000,0.171320,0.141734,0.101208,0.089838,,
1.7250,isaac,initial_pitch_release,isaac_rel_25deg_01,25.0000,0,-0.264097,0.382030,-0.040839,-0.036977,0.163297,0.138836,0.101208,0.089838,0.165603,0.142810,0.091715,0.091998,,
1.7400,isaac,initial_pitch_release,isaac_rel_25deg_01,25.0000,0,-0.258493,0.365566,-0.040825,0.041523,0.165448,0.151253,0.091715,0.091998,0.140244,0.120589,0.049397,0.047263,,
1.7550,isaac,initial_pitch_release,isaac_rel_25deg_01,25.0000,0,-0.252863,0.382003,-0.041271,-0.087105,0.167615,0.140439,0.049397,0.047263,0.179564,0.178423,0.114865,0.163089,,
1.7700,isaac,initial_pitch_release,isaac_rel_25deg_01,25.0000,0,-0.247304,0.359817,-0.041700,0.027249,0.169821,0.157450,0.114865,0.163089,0.130790,0.110514,0.033541,0.026900,,
1.7850,isaac,initial_pitch_release,isaac_rel_25deg_01,25.0000,0,-0.241882,0.361294,-0.041599,-0.005710,0.172088,0.147991,0.033541,0.026900,0.151967,0.154870,0.068999,0.116163,,
1.8000,isaac,initial_pitch_release,isaac_rel_25deg_01,25.0000,0,-0.236510,0.353242,-0.041546,0.018126,0.174336,0.154238,0.068999,0.116163,0.144286,0.134592,0.056163,0.075484,,
1.8150,isaac,initial_pitch_release,isaac_rel_25deg_01,25.0000,0,-0.231181,0.355096,-0.041567,-0.012634,0.176602,0.152312,0.056163,0.075484,0.151999,0.150675,0.069054,0.107766,,
1.8300,isaac,initial_pitch_release,isaac_rel_25deg_01,25.0000,0,-0.225980,0.338334,-0.041157,0.068654,0.178908,0.158149,0.069054,0.107766,0.126839,0.120094,0.026902,0.046265,,
1.8450,isaac,initial_pitch_release,isaac_rel_25deg_01,25.0000,0,-0.220785,0.351337,-0.040989,-0.034149,0.181160,0.145405,0.026902,0.046265,0.162260,0.170908,0.086155,0.148158,,
1.8600,isaac,initial_pitch_release,isaac_rel_25deg_01,25.0000,0,-0.215736,0.322818,-0.040310,0.121715,0.183490,0.167000,0.086155,0.148158,0.111585,0.097289,0.001214,0.000101,,
1.8750,isaac,initial_pitch_release,isaac_rel_25deg_01,25.0000,0,-0.210754,0.338548,-0.039456,0.006638,0.185800,0.141925,0.001214,0.000101,0.157631,0.176418,0.078447,0.159110,,
1.8900,isaac,initial_pitch_release,isaac_rel_25deg_01,25.0000,0,-0.205878,0.312683,-0.038307,0.145927,0.188083,0.165160,0.078447,0.159110,0.114751,0.098988,0.006553,0.003548,,
1.9050,isaac,initial_pitch_release,isaac_rel_25deg_01,25.0000,0,-0.201147,0.316199,-0.036500,0.106310,0.190401,0.147295,0.006553,0.003548,0.138694,0.154931,0.046800,0.116284,,
1.9200,isaac,initial_pitch_release,isaac_rel_25deg_01,25.0000,0,-0.196377,0.317962,-0.035193,0.077802,0.192602,0.149332,0.046800,0.116284,0.148251,0.144199,0.062793,0.094785,,
1.9350,isaac,initial_pitch_release,isaac_rel_25deg_01,25.0000,0,-0.191627,0.314359,-0.034039,0.084389,0.194789,0.145893,0.062793,0.094785,0.136791,0.138543,0.043610,0.083430,,
1.9500,isaac,initial_pitch_release,isaac_rel_25deg_01,25.0000,0,-0.186776,0.329580,-0.033707,-0.025655,0.196859,0.132766,0.043610,0.083430,0.163162,0.170331,0.087655,0.147009,,
1.9650,isaac,initial_pitch_release,isaac_rel_25deg_01,25.0000,0,-0.181962,0.311869,-0.033438,0.065288,0.198927,0.145671,0.087655,0.147009,0.124713,0.113936,0.023328,0.033822,,
1.9800,isaac,initial_pitch_release,isaac_rel_25deg_01,25.0000,0,-0.177212,0.318710,-0.032960,0.011904,0.200979,0.129730,0.023328,0.033822,0.145664,0.157498,0.058469,0.121416,,
1.9950,isaac,initial_pitch_release,isaac_rel_25deg_01,25.0000,0,-0.172400,0.321366,-0.033102,-0.020717,0.202915,0.130607,0.058469,0.121416,0.150535,0.146004,0.066609,0.098407,,
2.0100,isaac,initial_pitch_release,isaac_rel_25deg_01,25.0000,0,-0.167678,0.308530,-0.032939,0.047572,0.204854,0.130758,0.066609,0.098407,0.124238,0.121939,0.022528,0.049989,,
2.0250,isaac,initial_pitch_release,isaac_rel_25deg_01,25.0000,0,-0.163122,0.298773,-0.031964,0.089781,0.206746,0.124742,0.022528,0.049989,0.126694,0.127534,0.026660,0.061273,,
2.0400,isaac,initial_pitch_release,isaac_rel_25deg_01,25.0000,0,-0.158524,0.311785,-0.031426,-0.003888,0.208497,0.111451,0.026660,0.061273,0.159193,0.162033,0.081049,0.130472,,
2.0550,isaac,initial_pitch_release,isaac_rel_25deg_01,25.0000,0,-0.153877,0.306466,-0.031430,0.009971,0.210173,0.114005,0.081049,0.130472,0.141810,0.130658,0.052019,0.067567,,
2.0700,isaac,initial_pitch_release,isaac_rel_25deg_01,25.0000,0,-0.149206,0.313843,-0.031778,-0.045208,0.211755,0.099261,0.052019,0.067567,0.151963,0.152944,0.068994,0.112309,,
2.0850,isaac,initial_pitch_release,isaac_rel_25deg_01,25.0000,0,-0.144696,0.288654,-0.031398,0.096900,0.213300,0.109812,0.068994,0.112309,0.108832,0.088053,0.000000,0.000000,,
2.1000,isaac,initial_pitch_release,isaac_rel_25deg_01,25.0000,0,-0.140298,0.295622,-0.030503,0.036740,0.214778,0.090226,0.000000,0.000000,0.149393,0.151852,0.064701,0.110124,,
2.1150,isaac,initial_pitch_release,isaac_rel_25deg_01,25.0000,0,-0.136018,0.275674,-0.029132,0.150009,0.216214,0.104586,0.064701,0.110124,0.121200,0.098359,0.017417,0.002272,,
2.1300,isaac,initial_pitch_release,isaac_rel_25deg_01,25.0000,0,-0.131700,0.296998,-0.028139,0.002508,0.217525,0.073775,0.017417,0.002272,0.168853,0.174672,0.097114,0.155641,,
2.1450,isaac,initial_pitch_release,isaac_rel_25deg_01,25.0000,0,-0.127344,0.283725,-0.027620,0.071663,0.218737,0.091638,0.097114,0.155641,0.138256,0.106322,0.046066,0.018413,,
2.1600,isaac,initial_pitch_release,isaac_rel_25deg_01,25.0000,0,-0.123131,0.277375,-0.026418,0.097879,0.219998,0.079834,0.046066,0.018413,0.133718,0.126999,0.038455,0.060195,,
2.1750,isaac,initial_pitch_release,isaac_rel_25deg_01,25.0000,0,-0.118880,0.287195,-0.025607,0.025191,0.221081,0.068161,0.038455,0.060195,0.162704,0.147989,0.086895,0.102387,,
2.1900,isaac,initial_pitch_release,isaac_rel_25deg_01,25.0000,0,-0.114696,0.271146,-0.024612,0.113138,0.222140,0.076407,0.086895,0.102387,0.130807,0.103583,0.033570,0.012864,,
2.2050,isaac,initial_pitch_release,isaac_rel_25deg_01,25.0000,0,-0.110441,0.292967,-0.024174,-0.036267,0.223057,0.048447,0.033570,0.012864,0.177562,0.170888,0.111552,0.148117,,
2.2200,isaac,initial_pitch_release,isaac_rel_25deg_01,25.0000,0,-0.106127,0.281960,-0.024306,0.022004,0.223876,0.063071,0.111552,0.148117,0.146408,0.107312,0.059713,0.020418,,
2.2350,isaac,initial_pitch_release,isaac_rel_25deg_01,25.0000,0,-0.101940,0.275725,-0.023843,0.047251,0.224735,0.053963,0.059713,0.020418,0.141651,0.122859,0.051752,0.051845,,
2.2500,isaac,initial_pitch_release,isaac_rel_25deg_01,25.0000,0,-0.097693,0.288153,-0.023897,-0.042183,0.225416,0.039518,0.051752,0.051845,0.172366,0.149693,0.102944,0.105800,,
2.2650,isaac,initial_pitch_release,isaac_rel_25deg_01,25.0000,0,-0.093518,0.269077,-0.023729,0.065723,0.226033,0.044996,0.102944,0.105800,0.129978,0.089424,0.032178,0.000000,,
2.2800,isaac,initial_pitch_release,isaac_rel_25deg_01,25.0000,0,-0.089554,0.259543,-0.022434,0.114508,0.226677,0.042434,0.032178,0.000000,0.140490,0.110372,0.049808,0.026613,,
2.2950,isaac,initial_pitch_release,isaac_rel_25deg_01,25.0000,0,-0.085529,0.274772,-0.021653,0.005043,0.227175,0.025652,0.049808,0.026613,0.176978,0.151448,0.110586,0.109315,,
2.3100,isaac,initial_pitch_release,isaac_rel_25deg_01,25.0000,0,-0.081452,0.268200,-0.021381,0.037446,0.227614,0.034846,0.110586,0.109315,0.155473,0.109946,0.074849,0.025750,,
2.3250,isaac,initial_pitch_release,isaac_rel_25deg_01,25.0000,0,-0.077500,0.258578,-0.020517,0.085510,0.228101,0.031048,0.074849,0.025750,0.143061,0.109948,0.054113,0.025755,,
2.3400,isaac,initial_pitch_release,isaac_rel_25deg_01,25.0000,0,-0.073516,0.270472,-0.019973,0.001021,0.228467,0.018563,0.054113,0.025755,0.175111,0.143354,0.107494,0.093090,,
2.3550,isaac,initial_pitch_release,isaac_rel_25deg_01,25.0000,0,-0.069564,0.256630,-0.019419,0.076200,0.228817,0.029089,0.107494,0.093090,0.145191,0.097844,0.057678,0.001227,,
2.3700,isaac,initial_pitch_release,isaac_rel_25deg_01,25.0000,0,-0.065758,0.250316,-0.018108,0.106445,0.229210,0.023925,0.057678,0.001227,0.148380,0.113192,0.063009,0.032317,,
2.3850,isaac,initial_pitch_release,isaac_rel_25deg_01,25.0000,0,-0.061947,0.256079,-0.016951,0.060610,0.229515,0.017609,0.063009,0.032317,0.168227,0.130772,0.096074,0.067797,,
2.4000,isaac,initial_pitch_release,isaac_rel_25deg_01,25.0000,0,-0.058062,0.260374,-0.016387,0.025145,0.229745,0.013953,0.096074,0.067797,0.168924,0.128040,0.097231,0.062293,,
2.4150,isaac,initial_pitch_release,isaac_rel_25deg_01,25.0000,0,-0.054249,0.247931,-0.015525,0.094388,0.230014,0.022259,0.097231,0.062293,0.146891,0.099829,0.060520,0.005255,,
2.4300,isaac,initial_pitch_release,isaac_rel_25deg_01,25.0000,0,-0.050525,0.247337,-0.014219,0.089532,0.230306,0.017628,0.060520,0.005255,0.158188,0.121680,0.079375,0.049465,,
2.4450,isaac,initial_pitch_release,isaac_rel_25deg_01,25.0000,0,-0.046740,0.255303,-0.013390,0.033096,0.230533,0.013278,0.079375,0.049465,0.173605,0.133928,0.104997,0.074149,,
2.4600,isaac,initial_pitch_release,isaac_rel_25deg_01,25.0000,0,-0.042983,0.245273,-0.012518,0.089007,0.230782,0.020212,0.104997,0.074149,0.150672,0.103873,0.066838,0.013452,,
2.4750,isaac,initial_pitch_release,isaac_rel_25deg_01,25.0000,0,-0.039223,0.253338,-0.011734,0.028522,0.231020,0.010569,0.066838,0.013452,0.172300,0.137634,0.102833,0.081602,,
2.4900,isaac,initial_pitch_release,isaac_rel_25deg_01,25.0000,0,-0.035401,0.254445,-0.011422,0.021739,0.231212,0.015789,0.102833,0.081602,0.166444,0.120887,0.093112,0.047865,,
2.5050,isaac,initial_pitch_release,isaac_rel_25deg_01,25.0000,0,-0.031635,0.247403,-0.010879,0.057831,0.231471,0.019771,0.093112,0.047865,0.153620,0.111664,0.071759,0.029227,,
2.5200,isaac,initial_pitch_release,isaac_rel_25deg_01,25.0000,0,-0.027846,0.255223,-0.010531,0.000385,0.231723,0.014324,0.071759,0.029227,0.172901,0.137541,0.103830,0.081415,,
2.5350,isaac,initial_pitch_release,isaac_rel_25deg_01,25.0000,0,-0.024125,0.240477,-0.009881,0.089502,0.232014,0.025233,0.103830,0.081415,0.143050,0.097177,0.054095,0.000000,,
2.5500,isaac,initial_pitch_release,isaac_rel_25deg_01,25.0000,0,-0.020399,0.253316,-0.009305,0.001250,0.232305,0.013735,0.054095,0.000000,0.176511,0.147774,0.109813,0.101955,,
2.5650,isaac,initial_pitch_release,isaac_rel_25deg_01,25.0000,0,-0.016591,0.252704,-0.009309,0.004567,0.232591,0.025179,0.109813,0.101955,0.164931,0.119512,0.090597,0.045090,,
2.5800,isaac,initial_pitch_release,isaac_rel_25deg_01,25.0000,0,-0.012776,0.254538,-0.009426,-0.012661,0.232933,0.022131,0.090597,0.045090,0.162583,0.130111,0.086693,0.066466,,
2.5950,isaac,initial_pitch_release,isaac_rel_25deg_01,25.0000,0,-0.009032,0.244289,-0.009209,0.045502,0.233316,0.030476,0.086693,0.066466,0.147981,0.107836,0.062342,0.021479,,
2.6100,isaac,initial_pitch_release,isaac_rel_25deg_01,25.0000,0,-0.005197,0.263388,-0.009569,-0.080086,0.233664,0.017688,0.062342,0.021479,0.184499,0.160575,0.123023,0.127562,,
2.6250,isaac,initial_pitch_release,isaac_rel_25deg_01,25.0000,0,-0.001384,0.244886,-0.009919,0.032558,0.233987,0.027282,0.123023,0.127562,0.133524,0.090201,0.038131,0.000000,,
2.6400,isaac,initial_pitch_release,isaac_rel_25deg_01,25.0000,0,0.002415,0.259246,-0.010218,-0.060552,0.234350,0.022674,0.038131,0.000000,0.177332,0.150865,0.111172,0.108148,,
2.6550,isaac,initial_pitch_release,isaac_rel_25deg_01,25.0000,0,0.006156,0.240157,-0.010291,0.050752,0.234754,0.033642,0.111172,0.108148,0.131738,0.089402,0.035133,0.000000,,
2.6700,isaac,initial_pitch_release,isaac_rel_25deg_01,25.0000,0,0.009846,0.249862,-0.010099,-0.013703,0.235215,0.029715,0.035133,0.000000,0.167997,0.143739,0.095692,0.093862,,
2.6850,isaac,initial_pitch_release,isaac_rel_25deg_01,25.0000,0,0.013521,0.239968,-0.009926,0.040723,0.235739,0.042494,0.095692,0.093862,0.145291,0.109830,0.057844,0.025515,,
2.7000,isaac,initial_pitch_release,isaac_rel_25deg_01,25.0000,0,0.017153,0.242819,-0.009555,0.017680,0.236342,0.039750,0.057844,0.025515,0.155669,0.134616,0.075177,0.075534,,
2.7150,isaac,initial_pitch_release,isaac_rel_25deg_01,25.0000,0,0.020831,0.245881,-0.009533,-0.007328,0.236940,0.042527,0.075177,0.075534,0.159084,0.133984,0.080867,0.074261,,
2.7300,isaac,initial_pitch_release,isaac_rel_25deg_01,25.0000,0,0.024526,0.245607,-0.009700,-0.008824,0.237583,0.046166,0.080867,0.074261,0.152772,0.129287,0.070344,0.064806,,
2.7450,isaac,initial_pitch_release,isaac_rel_25deg_01,25.0000,0,0.028136,0.235520,-0.009442,0.047433,0.238311,0.053320,0.070344,0.064806,0.138065,0.114161,0.045745,0.034277,,
2.7600,isaac,initial_pitch_release,isaac_rel_25deg_01,25.0000,0,0.031877,0.259680,-0.010009,-0.108465,0.238988,0.039804,0.045745,0.034277,0.181368,0.174263,0.117848,0.154829,,
2.7750,isaac,initial_pitch_release,isaac_rel_25deg_01,25.0000,0,0.035589,0.236214,-0.010550,0.033500,0.239621,0.048078,0.117848,0.154829,0.115969,0.080535,0.008606,0.000000,,
2.7900,isaac,initial_pitch_release,isaac_rel_25deg_01,25.0000,0,0.039344,0.260886,-0.011363,-0.127276,0.240258,0.039792,0.008606,0.000000,0.182748,0.174183,0.120131,0.154669,,
2.8050,isaac,initial_pitch_release,isaac_rel_25deg_01,25.0000,0,0.043063,0.234952,-0.012120,0.022616,0.240882,0.046383,0.120131,0.154669,0.105400,0.069031,0.000000,0.000000,,
2.8200,isaac,initial_pitch_release,isaac_rel_25deg_01,25.0000,0,0.046609,0.235850,-0.011895,0.016126,0.241636,0.056367,0.000000,0.000000,0.148225,0.129688,0.062750,0.065613,,
2.8350,isaac,initial_pitch_release,isaac_rel_25deg_01,25.0000,0,0.050019,0.219229,-0.010957,0.111239,0.242566,0.069057,0.062750,0.065613,0.122496,0.104520,0.019598,0.014762,,
2.8500,isaac,initial_pitch_release,isaac_rel_25deg_01,25.0000,0,0.053430,0.232976,-0.010071,0.019668,0.243510,0.058129,0.019598,0.014762,0.156842,0.158589,0.077132,0.123596,,
2.8650,isaac,initial_pitch_release,isaac_rel_25deg_01,25.0000,0,0.056913,0.230411,-0.009734,0.030131,0.244451,0.070399,0.077132,0.123596,0.143705,0.126790,0.055192,0.059774,,
2.8800,isaac,initial_pitch_release,isaac_rel_25deg_01,25.0000,0,0.060460,0.240503,-0.009846,-0.035614,0.245420,0.061850,0.055192,0.059774,0.152792,0.154655,0.070377,0.115733,,
2.8950,isaac,initial_pitch_release,isaac_rel_25deg_01,25.0000,0,0.063928,0.222420,-0.009592,0.070420,0.246439,0.076464,0.070377,0.115733,0.119487,0.104861,0.014533,0.015454,,
2.9100,isaac,initial_pitch_release,isaac_rel_25deg_01,25.0000,0,0.067305,0.226455,-0.008835,0.040411,0.247506,0.067731,0.014533,0.015454,0.140034,0.145710,0.049044,0.097817,,
2.9250,isaac,initial_pitch_release,isaac_rel_25deg_01,25.0000,0,0.070722,0.227949,-0.008394,0.026723,0.248525,0.070713,0.049044,0.097817,0.142835,0.137835,0.053735,0.082005,,
2.9400,isaac,initial_pitch_release,isaac_rel_25deg_01,25.0000,0,0.074071,0.218394,-0.007621,0.081071,0.249614,0.075594,0.053735,0.082005,0.125694,0.121165,0.024978,0.048428,,
2.9550,isaac,initial_pitch_release,isaac_rel_25deg_01,25.0000,0,0.077495,0.235306,-0.007326,-0.027467,0.250635,0.062779,0.024978,0.048428,0.158091,0.167849,0.079214,0.142067,,
2.9700,isaac,initial_pitch_release,isaac_rel_25deg_01,25.0000,0,0.080862,0.214308,-0.006797,0.098016,0.251722,0.084947,0.079214,0.142067,0.114788,0.100123,0.006615,0.005850,,
2.9850,isaac,initial_pitch_release,isaac_rel_25deg_01,25.0000,0,0.084194,0.227833,-0.006055,0.014066,0.252826,0.064165,0.006615,0.005850,0.146520,0.165516,0.059899,0.137420,,
3.0000,isaac,initial_pitch_release,isaac_rel_25deg_01,25.0000,0,0.087622,0.228504,-0.005969,0.005335,0.253839,0.073649,0.059899,0.137420,0.144194,0.136756,0.056010,0.079838,,
3.0150,isaac,initial_pitch_release,isaac_rel_25deg_01,25.0000,0,0.090896,0.209954,-0.005019,0.123926,0.255019,0.087274,0.056010,0.079838,0.107464,0.105838,0.000000,0.017433,,
3.0300,isaac,initial_pitch_release,isaac_rel_25deg_01,25.0000,0,0.094274,0.237378,-0.004675,-0.059222,0.256075,0.056577,0.000000,0.017433,0.167147,0.193879,0.094281,0.193677,,
3.0450,isaac,initial_pitch_release,isaac_rel_25deg_01,25.0000,0,0.097654,0.214244,-0.004455,0.085931,0.257078,0.080069,0.094281,0.193677,0.104459,0.083030,0.000000,0.000000,,
3.0600,isaac,initial_pitch_release,isaac_rel_25deg_01,25.0000,0,0.100941,0.222890,-0.003645,0.033709,0.258156,0.064816,0.000000,0.000000,0.139666,0.158153,0.048428,0.122724,,
3.0750,isaac,initial_pitch_release,isaac_rel_25deg_01,25.0000,0,0.104295,0.223902,-0.003291,0.021859,0.259137,0.067751,0.048428,0.122724,0.141247,0.140703,0.051076,0.087768,,
3.0900,isaac,initial_pitch_release,isaac_rel_25deg_01,25.0000,0,0.107706,0.229349,-0.003295,-0.013274,0.260094,0.062665,0.051076,0.087768,0.143759,0.150402,0.055281,0.107220,,
3.1050,isaac,initial_pitch_release,isaac_rel_25deg_01,25.0000,0,0.111202,0.235265,-0.003843,-0.051360,0.260997,0.060258,0.055281,0.107220,0.146782,0.150458,0.060338,0.107332,,
3.1200,isaac,initial_pitch_release,isaac_rel_25deg_01,25.0000,0,0.114759,0.237525,-0.004796,-0.069126,0.261896,0.061246,0.060338,0.107332,0.143487,0.145213,0.054826,0.096820,,
3.1350,isaac,initial_pitch_release,isaac_rel_25deg_01,25.0000,0,0.118360,0.240567,-0.006047,-0.091194,0.262795,0.061121,0.054826,0.096820,0.143275,0.146720,0.054472,0.099843,,
3.1500,isaac,initial_pitch_release,isaac_rel_25deg_01,25.0000,0,0.121825,0.221878,-0.006549,0.023228,0.263834,0.079630,0.054472,0.099843,0.115465,0.106827,0.007757,0.019437,,
3.1650,isaac,initial_pitch_release,isaac_rel_25deg_01,25.0000,0,0.125220,0.229619,-0.006628,-0.023603,0.264867,0.061244,0.007757,0.019437,0.136943,0.158237,0.043865,0.122893,,
3.1800,isaac,initial_pitch_release,isaac_rel_25deg_01,25.0000,0,0.128478,0.206427,-0.005964,0.112633,0.265940,0.084718,0.043865,0.122893,0.106465,0.092441,0.000000,0.000000,,
3.1950,isaac,initial_pitch_release,isaac_rel_25deg_01,25.0000,0,0.131826,0.235611,-0.005817,-0.073814,0.266945,0.051679,0.000000,0.000000,0.167264,0.193932,0.094475,0.193781,,
3.2100,isaac,initial_pitch_release,isaac_rel_25deg_01,25.0000,0,0.135272,0.221482,-0.006375,0.000455,0.267884,0.077374,0.094475,0.193781,0.131804,0.111177,0.035244,0.028241,,
3.2250,isaac,initial_pitch_release,isaac_rel_25deg_01,25.0000,0,0.138735,0.237132,-0.007053,-0.079026,0.268878,0.059830,0.035244,0.028241,0.149955,0.163070,0.065640,0.132540,,
3.2400,isaac,initial_pitch_release,isaac_rel_25deg_01,25.0000,0,0.142147,0.219202,-0.007509,0.019997,0.269898,0.078182,0.065640,0.132540,0.121809,0.107237,0.018442,0.020267,,
3.2550,isaac,initial_pitch_release,isaac_rel_25deg_01,25.0000,0,0.145613,0.239740,-0.008304,-0.110133,0.270905,0.058167,0.018442,0.020267,0.162041,0.174224,0.085790,0.154751,,
3.2700,isaac,initial_pitch_release,isaac_rel_25deg_01,25.0000,0,0.149026,0.216378,-0.008896,0.029888,0.271897,0.076630,0.085790,0.154751,0.088744,0.062144,0.000000,0.000000,,
3.2850,isaac,initial_pitch_release,isaac_rel_25deg_01,25.0000,0,0.152283,0.216649,-0.008574,0.022241,0.273005,0.073643,0.000000,0.000000,0.136863,0.136268,0.043732,0.078856,,
3.3000,isaac,initial_pitch_release,isaac_rel_25deg_01,25.0000,0,0.155560,0.218942,-0.008441,0.003849,0.274074,0.072315,0.043732,0.078856,0.142202,0.137711,0.052676,0.081757,,
3.3150,isaac,initial_pitch_release,isaac_rel_25deg_01,25.0000,0,0.158676,0.197538,-0.007431,0.132612,0.275243,0.086953,0.052676,0.081757,0.104506,0.091610,0.000000,0.000000,,
3.3300,isaac,initial_pitch_release,isaac_rel_25deg_01,25.0000,0,0.161822,0.218777,-0.006606,-0.004238,0.276375,0.067525,0.000000,0.000000,0.165528,0.168868,0.091591,0.144096,,
3.3450,isaac,initial_pitch_release,isaac_rel_25deg_01,25.0000,0,0.164934,0.197110,-0.005692,0.127846,0.277452,0.079715,0.091591,0.144096,0.105410,0.083188,0.000000,0.000000,,
3.3600,isaac,initial_pitch_release,isaac_rel_25deg_01,25.0000,0,0.168102,0.220288,-0.005105,-0.030675,0.278525,0.066370,0.000000,0.000000,0.176665,0.171252,0.110068,0.148841,,
3.3750,isaac,initial_pitch_release,isaac_rel_25deg_01,25.0000,0,0.171269,0.201335,-0.004630,0.095950,0.279609,0.081743,0.110068,0.148841,0.116868,0.094688,0.010122,0.000000,,
3.3900,isaac,initial_pitch_release,isaac_rel_25deg_01,25.0000,0,0.174495,0.223710,-0.004481,-0.058071,0.280696,0.066375,0.010122,0.000000,0.176616,0.170973,0.109987,0.148285,,
3.4050,isaac,initial_pitch_release,isaac_rel_25deg_01,25.0000,0,0.177719,0.205459,-0.004443,0.063760,0.281797,0.083213,0.109987,0.148285,0.121320,0.092961,0.017619,0.000000,,
3.4200,isaac,initial_pitch_release,isaac_rel_25deg_01,25.0000,0,0.180837,0.208531,-0.003769,0.037908,0.282990,0.079025,0.017619,0.000000,0.149022,0.136107,0.064082,0.078531,,
3.4350,isaac,initial_pitch_release,isaac_rel_25deg_01,25.0000,0,0.183929,0.202884,-0.002996,0.073391,0.284184,0.083959,0.064082,0.078531,0.138500,0.118715,0.046474,0.043479,,
3.4500,isaac,initial_pitch_release,isaac_rel_25deg_01,25.0000,0,0.187087,0.215781,-0.002638,-0.011067,0.285349,0.074906,0.046474,0.043479,0.165404,0.150382,0.091383,0.107181,,
3.4650,isaac,initial_pitch_release,isaac_rel_25deg_01,25.0000,0,0.190277,0.209038,-0.002540,0.029814,0.286505,0.082368,0.091383,0.107181,0.141766,0.116440,0.051945,0.038885,,
3.4800,isaac,initial_pitch_release,isaac_rel_25deg_01,25.0000,0,0.193473,0.214819,-0.002491,-0.012359,0.287691,0.078307,0.051945,0.038885,0.159096,0.138306,0.080888,0.082953,,
3.4950,isaac,initial_pitch_release,isaac_rel_25deg_01,25.0000,0,0.196557,0.196614,-0.001838,0.102135,0.288924,0.089082,0.080888,0.082953,0.124319,0.094321,0.022665,0.000000,,
3.5100,isaac,initial_pitch_release,isaac_rel_25deg_01,25.0000,0,0.199607,0.207858,-0.000968,0.028672,0.290159,0.079081,0.022665,0.000000,0.165014,0.144980,0.090736,0.096354,,
3.5250,isaac,initial_pitch_release,isaac_rel_25deg_01,25.0000,0,0.202703,0.204272,-0.000439,0.049918,0.291343,0.082420,0.090736,0.096354,0.148695,0.119287,0.063536,0.044635,,
3.5400,isaac,initial_pitch_release,isaac_rel_25deg_01,25.0000,0,0.205755,0.201625,0.000338,0.062497,0.292566,0.083906,0.063536,0.044635,0.150287,0.120778,0.066194,0.047645,,
3.5550,isaac,initial_pitch_release,isaac_rel_25deg_01,25.0000,0,0.208724,0.193604,0.001600,0.113086,0.293826,0.087280,0.066194,0.047645,0.142007,0.110857,0.052349,0.027594,,
3.5700,isaac,initial_pitch_release,isaac_rel_25deg_01,25.0000,0,0.211728,0.204442,0.002655,0.041997,0.295040,0.077703,0.052349,0.027594,0.169741,0.142295,0.098589,0.090966,,
3.5850,isaac,initial_pitch_release,isaac_rel_25deg_01,25.0000,0,0.214724,0.194396,0.003727,0.107343,0.296248,0.086322,0.098589,0.090966,0.143937,0.105166,0.055580,0.016071,,
3.6000,isaac,initial_pitch_release,isaac_rel_25deg_01,25.0000,0,0.217724,0.204537,0.004797,0.048874,0.297462,0.078315,0.055580,0.016071,0.169730,0.138230,0.098569,0.082801,,
3.6150,isaac,initial_pitch_release,isaac_rel_25deg_01,25.0000,0,0.220731,0.196860,0.005810,0.093104,0.298662,0.084271,0.098569,0.082801,0.151510,0.110193,0.068237,0.026250,,
3.6300,isaac,initial_pitch_release,isaac_rel_25deg_01,25.0000,0,0.223888,0.220766,0.005981,-0.053401,0.299812,0.071013,0.068237,0.026250,0.194962,0.160702,0.140267,0.127816,,
3.6450,isaac,initial_pitch_release,isaac_rel_25deg_01,25.0000,0,0.227156,0.214626,0.005442,-0.014515,0.300944,0.081286,0.140267,0.127816,0.159930,0.111133,0.082276,0.028152,,
3.6600,isaac,initial_pitch_release,isaac_rel_25deg_01,25.0000,0,0.230340,0.209457,0.005436,0.019721,0.302173,0.083691,0.082276,0.028152,0.156288,0.113480,0.076208,0.032900,,
3.6750,isaac,initial_pitch_release,isaac_rel_25deg_01,25.0000,0,0.233623,0.225828,0.004868,-0.082683,0.303353,0.074378,0.076208,0.032900,0.188605,0.148731,0.129797,0.103873,,
3.6900,isaac,initial_pitch_release,isaac_rel_25deg_01,25.0000,0,0.236847,0.204798,0.004614,0.048143,0.304390,0.065223,0.129797,0.103873,0.125377,0.071520,0.024444,0.000000,,
3.7050,isaac,initial_pitch_release,isaac_rel_25deg_01,25.0000,0,0.239931,0.205205,0.005262,0.047017,0.305483,0.082114,0.024444,0.000000,0.173871,0.112029,0.105439,0.029966,,
3.7200,isaac,initial_pitch_release,isaac_rel_25deg_01,25.0000,0,0.243091,0.213971,0.005475,-0.007658,0.306671,0.078680,0.105439,0.029966,0.178930,0.132871,0.113816,0.072022,,
3.7350,isaac,initial_pitch_release,isaac_rel_25deg_01,25.0000,0,0.246328,0.216114,0.005229,-0.017686,0.307857,0.082385,0.113816,0.072022,0.172640,0.120365,0.103398,0.046812,,
3.7500,isaac,initial_pitch_release,isaac_rel_25deg_01,25.0000,0,0.249578,0.215797,0.004918,-0.016971,0.309093,0.083652,0.103398,0.046812,0.169043,0.117956,0.097429,0.041947,,
3.7650,isaac,initial_pitch_release,isaac_rel_25deg_01,25.0000,0,0.252810,0.213838,0.004738,-0.001369,0.310362,0.087485,0.097429,0.041947,0.165920,0.113629,0.092242,0.033200,,
3.7800,isaac,initial_pitch_release,isaac_rel_25deg_01,25.0000,0,0.256080,0.220279,0.004358,-0.040427,0.311649,0.086631,0.092242,0.033200,0.178212,0.127624,0.112629,0.061456,,
3.7950,isaac,initial_pitch_release,isaac_rel_25deg_01,25.0000,0,0.259382,0.218945,0.003784,-0.030494,0.312966,0.090538,0.112629,0.061456,0.168439,0.114452,0.096426,0.034865,,
3.8100,isaac,initial_pitch_release,isaac_rel_25deg_01,25.0000,0,0.262571,0.206182,0.003903,0.049112,0.314348,0.094999,0.096426,0.034865,0.149045,0.094868,0.064120,0.000000,,
3.8250,isaac,initial_pitch_release,isaac_rel_25deg_01,25.0000,0,-0.050558,0.221638,0.003836,-0.045406,0.315724,0.089921,0.064120,0.000000,0.190174,0.140046,0.132383,0.086449,,
3.8400,isaac,initial_pitch_release,isaac_rel_25deg_01,25.0000,0,-0.047240,0.220102,0.003211,-0.032380,0.316330,-0.005976,0.132383,0.086449,0.104089,0.160607,0.000000,0.127626,,
3.8550,isaac,initial_pitch_release,isaac_rel_25deg_01,25.0000,0,-0.043877,0.226780,0.002356,-0.073908,0.316029,-0.032908,0.000000,0.127626,0.158187,0.145179,0.079373,0.096753,,
3.8700,isaac,initial_pitch_release,isaac_rel_25deg_01,25.0000,0,-0.040593,0.211284,0.001970,0.022438,0.315479,-0.040955,0.079373,0.096753,0.130439,0.105458,0.032952,0.016663,,
3.8850,isaac,initial_pitch_release,isaac_rel_25deg_01,25.0000,0,-0.037258,0.230549,0.001339,-0.093458,0.314707,-0.063162,0.032952,0.016663,0.177297,0.160332,0.111114,0.127078,,
3.9000,isaac,initial_pitch_release,isaac_rel_25deg_01,25.0000,0,-0.033886,0.219212,0.000454,-0.023261,0.313861,-0.050968,0.111114,0.127078,0.146326,0.104364,0.059575,0.014447,,
3.9150,isaac,initial_pitch_release,isaac_rel_25deg_01,25.0000,0,-0.030650,0.211869,0.000421,0.023536,0.313087,-0.054207,0.059575,0.014447,0.142414,0.114066,0.053031,0.034085,,
3.9300,isaac,initial_pitch_release,isaac_rel_25deg_01,25.0000,0,-0.027385,0.221412,0.000250,-0.036515,0.312259,-0.058505,0.053031,0.034085,0.168722,0.139459,0.096896,0.085269,,
3.9450,isaac,initial_pitch_release,isaac_rel_25deg_01,25.0000,0,-0.024142,0.211466,0.000195,0.032016,0.311480,-0.047965,0.096896,0.085269,0.143080,0.104204,0.054145,0.014124,,
3.9600,isaac,initial_pitch_release,isaac_rel_25deg_01,25.0000,0,-0.020910,0.218279,0.000251,-0.014516,0.310700,-0.057777,0.054145,0.014124,0.162479,0.137159,0.086519,0.080647,,
3.9750,isaac,initial_pitch_release,isaac_rel_25deg_01,25.0000,0,-0.017736,0.205062,0.000643,0.069714,0.309946,-0.044495,0.086519,0.080647,0.139686,0.098916,0.048462,0.003403,,
3.9900,isaac,initial_pitch_release,isaac_rel_25deg_01,25.0000,0,-0.014546,0.217928,0.000999,-0.008320,0.309225,-0.053889,0.048462,0.003403,0.168263,0.145882,0.096134,0.098162,,
4.0050,isaac,initial_pitch_release,isaac_rel_25deg_01,25.0000,0,-0.011336,0.209695,0.001225,0.042911,0.308516,-0.043118,0.096134,0.098162,0.146760,0.107506,0.060301,0.020812,,
4.0200,isaac,initial_pitch_release,isaac_rel_25deg_01,25.0000,0,-0.008006,0.231144,0.000805,-0.085834,0.307789,-0.055836,0.060301,0.020812,0.180802,0.160853,0.116914,0.128118,,
4.0350,isaac,initial_pitch_release,isaac_rel_25deg_01,25.0000,0,-0.004524,0.232207,-0.000557,-0.090363,0.307031,-0.045191,0.116914,0.128118,0.161768,0.124841,0.085336,0.055844,,
4.0500,isaac,initial_pitch_release,isaac_rel_25deg_01,25.0000,0,-0.000968,0.240144,-0.002342,-0.139048,0.306340,-0.045682,0.085336,0.055844,0.165959,0.140107,0.092306,0.086572,,
4.0650,isaac,initial_pitch_release,isaac_rel_25deg_01,25.0000,0,0.002514,0.224402,-0.003695,-0.042353,0.305751,-0.032429,0.092306,0.086572,0.134832,0.099484,0.040324,0.004555,,
4.0800,isaac,initial_pitch_release,isaac_rel_25deg_01,25.0000,0,0.006040,0.242969,-0.005280,-0.157079,0.305170,-0.044528,0.040324,0.004555,0.174133,0.159346,0.105873,0.125108,,
4.0950,isaac,initial_pitch_release,isaac_rel_25deg_01,25.0000,0,0.009503,0.218884,-0.006550,-0.015412,0.304465,-0.049257,0.105873,0.125108,0.105624,0.064444,0.000000,0.000000,,
4.1100,isaac,initial_pitch_release,isaac_rel_25deg_01,25.0000,0,0.012892,0.230018,-0.007333,-0.078834,0.303826,-0.037133,0.000000,0.000000,0.169031,0.136358,0.097410,0.079036,,
4.1250,isaac,initial_pitch_release,isaac_rel_25deg_01,25.0000,0,0.016266,0.219994,-0.008089,-0.019316,0.303371,-0.023774,0.097410,0.079036,0.137741,0.107175,0.045203,0.020142,,
4.1400,isaac,initial_pitch_release,isaac_rel_25deg_01,25.0000,0,0.019646,0.228859,-0.008885,-0.077998,0.302990,-0.027265,0.045203,0.020142,0.157599,0.141594,0.078394,0.089557,,
4.1550,isaac,initial_pitch_release,isaac_rel_25deg_01,25.0000,0,0.022914,0.207880,-0.009097,0.048651,0.302594,-0.026367,0.078394,0.089557,0.109966,0.076842,0.000000,0.000000,,
4.1700,isaac,initial_pitch_release,isaac_rel_25deg_01,25.0000,0,0.026039,0.207792,-0.008459,0.046864,0.302273,-0.017956,0.000000,0.000000,0.145592,0.121613,0.058348,0.049331,,
4.1850,isaac,initial_pitch_release,isaac_rel_25deg_01,25.0000,0,0.029235,0.216291,-0.008275,-0.010707,0.302018,-0.018026,0.058348,0.049331,0.155041,0.139716,0.074128,0.085786,,
4.2000,isaac,initial_pitch_release,isaac_rel_25deg_01,25.0000,0,0.032356,0.200226,-0.007720,0.087522,0.301876,-0.002374,0.074128,0.085786,0.122866,0.097453,0.020222,0.000434,,
4.2150,isaac,initial_pitch_release,isaac_rel_25deg_01,25.0000,0,0.035417,0.206568,-0.006809,0.045933,0.301794,-0.009679,0.020222,0.000434,0.144662,0.139415,0.056793,0.085182,,
4.2300,isaac,initial_pitch_release,isaac_rel_25deg_01,25.0000,0,0.038594,0.215394,-0.006628,-0.011331,0.301679,-0.007090,0.056793,0.085182,0.155058,0.141009,0.074158,0.088382,,
4.2450,isaac,initial_pitch_release,isaac_rel_25deg_01,25.0000,0,0.041671,0.195896,-0.005908,0.109436,0.301651,0.002648,0.074158,0.088382,0.112210,0.091425,0.002267,0.000000,,
4.2600,isaac,initial_pitch_release,isaac_rel_25deg_01,25.0000,0,0.044827,0.221692,-0.005618,-0.053240,0.301581,-0.012725,0.002267,0.000000,0.170887,0.174641,0.100490,0.155579,,
4.2750,isaac,initial_pitch_release,isaac_rel_25deg_01,25.0000,0,-0.268357,0.202356,-0.005531,0.064960,0.301520,0.004904,0.100490,0.155579,0.116754,0.087820,0.009930,0.000000,,
4.2900,isaac,initial_pitch_release,isaac_rel_25deg_01,25.0000,0,-0.265329,0.200545,-0.004561,0.073831,0.301645,0.011350,0.009930,0.000000,0.136227,0.125581,0.042664,0.057337,,
4.3050,isaac,initial_pitch_release,isaac_rel_25deg_01,25.0000,0,-0.262271,0.205340,-0.003775,0.041305,0.301859,0.017120,0.042664,0.057337,0.146910,0.136537,0.060552,0.079397,,
4.3200,isaac,initial_pitch_release,isaac_rel_25deg_01,25.0000,0,-0.259218,0.200919,-0.002994,0.070343,0.302179,0.025871,0.060552,0.079397,0.132680,0.122424,0.036713,0.050968,,
4.3350,isaac,initial_pitch_release,isaac_rel_25deg_01,25.0000,0,-0.256155,0.205934,-0.002266,0.038667,0.302542,0.023327,0.036713,0.050968,0.142137,0.141796,0.052567,0.089963,,
4.3500,isaac,initial_pitch_release,isaac_rel_25deg_01,25.0000,0,-0.253044,0.207715,-0.001841,0.027553,0.302916,0.028438,0.052567,0.089963,0.141039,0.134926,0.050729,0.076157,,
4.3650,isaac,initial_pitch_release,isaac_rel_25deg_01,25.0000,0,-0.249982,0.199525,-0.001118,0.073767,0.303374,0.033378,0.050729,0.076157,0.125486,0.122013,0.024628,0.050138,,
4.3800,isaac,initial_pitch_release,isaac_rel_25deg_01,25.0000,0,-0.246874,0.212128,-0.000646,0.001220,0.303821,0.027620,0.024628,0.050138,0.150628,0.155750,0.066764,0.117922,,
4.3950,isaac,initial_pitch_release,isaac_rel_25deg_01,25.0000,0,-0.243781,0.200458,-0.000118,0.072536,0.304303,0.038466,0.066764,0.117922,0.122460,0.115179,0.019538,0.036336,,
4.4100,isaac,initial_pitch_release,isaac_rel_25deg_01,25.0000,0,-0.240593,0.221435,-0.000092,-0.055712,0.304754,0.023396,0.019538,0.036336,0.160198,0.174581,0.082723,0.155461,,
4.4250,isaac,initial_pitch_release,isaac_rel_25deg_01,25.0000,0,-0.237354,0.210407,-0.000411,0.013947,0.305220,0.040543,0.082723,0.155461,0.127343,0.115828,0.027749,0.037647,,
4.4400,isaac,initial_pitch_release,isaac_rel_25deg_01,25.0000,0,-0.234098,0.221769,-0.000800,-0.055215,0.305722,0.028392,0.027749,0.037647,0.146350,0.161153,0.059615,0.128717,,
4.4550,isaac,initial_pitch_release,isaac_rel_25deg_01,25.0000,0,-0.230908,0.204272,-0.000823,0.052778,0.306252,0.044911,0.059615,0.128717,0.115303,0.107407,0.007483,0.020610,,
4.4700,isaac,initial_pitch_release,isaac_rel_25deg_01,25.0000,0,-0.227777,0.211516,-0.000453,0.007419,0.306827,0.033264,0.007483,0.020610,0.138520,0.154426,0.046508,0.115275,,
4.4850,isaac,initial_pitch_release,isaac_rel_25deg_01,25.0000,0,-0.224698,0.199100,0.000205,0.083828,0.307409,0.046443,0.046508,0.115275,0.119820,0.116147,0.015094,0.038293,,
4.5000,isaac,initial_pitch_release,isaac_rel_25deg_01,25.0000,0,-0.221575,0.214623,0.000652,-0.010547,0.307979,0.032105,0.015094,0.038293,0.150674,0.167217,0.066841,0.140809,,
4.5150,isaac,initial_pitch_release,isaac_rel_25deg_01,25.0000,0,-0.218283,0.222132,0.000075,-0.058951,0.308477,0.036112,0.066841,0.140809,0.149841,0.150845,0.065450,0.108108,,
4.5300,isaac,initial_pitch_release,isaac_rel_25deg_01,25.0000,0,-0.214985,0.216757,-0.000553,-0.022596,0.309021,0.038636,0.065450,0.108108,0.127060,0.132693,0.027273,0.071664,,
4.5450,isaac,initial_pitch_release,isaac_rel_25deg_01,25.0000,0,-0.211645,0.226705,-0.001419,-0.084436,0.309526,0.030363,0.027273,0.071664,0.146816,0.159437,0.060395,0.125290,,
4.5600,isaac,initial_pitch_release,isaac_rel_25deg_01,25.0000,0,-0.208369,0.210663,-0.001939,0.014557,0.310059,0.042555,0.060395,0.125290,0.115138,0.113910,0.007206,0.033769,,
4.5750,isaac,initial_pitch_release,isaac_rel_25deg_01,25.0000,0,-0.205134,0.218288,-0.002189,-0.037777,0.310575,0.028054,0.007206,0.033769,0.139846,0.158456,0.048729,0.123330,,
4.5900,isaac,initial_pitch_release,isaac_rel_25deg_01,25.0000,0,-0.201996,0.200302,-0.001908,0.076244,0.311096,0.043026,0.048729,0.123330,0.111462,0.107326,0.001006,0.020446,,
4.6050,isaac,initial_pitch_release,isaac_rel_25deg_01,25.0000,0,-0.198769,0.226356,-0.002112,-0.086697,0.311556,0.019985,0.001006,0.020446,0.164459,0.187095,0.089814,0.180272,,
4.6200,isaac,initial_pitch_release,isaac_rel_25deg_01,25.0000,0,-0.195556,0.203217,-0.002323,0.056221,0.312042,0.045855,0.089814,0.180272,0.107913,0.094160,0.000000,0.000000,,
4.6350,isaac,initial_pitch_release,isaac_rel_25deg_01,25.0000,0,-0.192362,0.219664,-0.002384,-0.051001,0.312538,0.022035,0.000000,0.000000,0.149014,0.174174,0.064069,0.154652,,
4.6500,isaac,initial_pitch_release,isaac_rel_25deg_01,25.0000,0,-0.189208,0.201346,-0.002284,0.064195,0.313005,0.041726,0.064069,0.154652,0.114626,0.105363,0.006343,0.016470,,
4.6650,isaac,initial_pitch_release,isaac_rel_25deg_01,25.0000,0,-0.186092,0.212001,-0.001933,-0.004926,0.313468,0.021919,0.006343,0.016470,0.141823,0.162562,0.052041,0.131528,,
4.6800,isaac,initial_pitch_release,isaac_rel_25deg_01,25.0000,0,-0.183002,0.199948,-0.001479,0.069654,0.313880,0.034994,0.052041,0.131528,0.121995,0.116393,0.018756,0.038789,,
4.6950,isaac,initial_pitch_release,isaac_rel_25deg_01,25.0000,0,-0.180019,0.196261,-0.000389,0.085232,0.314330,0.027155,0.018756,0.038789,0.125342,0.137454,0.024387,0.081241,,
4.7100,isaac,initial_pitch_release,isaac_rel_25deg_01,25.0000,0,-0.176967,0.207680,0.000289,0.017993,0.314664,0.018978,0.024387,0.081241,0.149291,0.156457,0.064531,0.119336,,
4.7250,isaac,initial_pitch_release,isaac_rel_25deg_01,25.0000,0,-0.173865,0.204762,0.000630,0.034848,0.314974,0.024569,0.064531,0.119336,0.135238,0.133155,0.041006,0.072593,,
4.7400,isaac,initial_pitch_release,isaac_rel_25deg_01,25.0000,0,-0.170745,0.209539,0.000856,0.006141,0.315259,0.015764,0.041006,0.072593,0.141292,0.148648,0.051153,0.103706,,
4.7550,isaac,initial_pitch_release,isaac_rel_25deg_01,25.0000,0,-0.167610,0.207178,0.000974,0.017367,0.315500,0.018150,0.051153,0.103706,0.136583,0.135526,0.043261,0.077364,,
4.7700,isaac,initial_pitch_release,isaac_rel_25deg_01,25.0000,0,-0.164437,0.213758,0.000871,-0.021563,0.315700,0.010365,0.043261,0.077364,0.145809,0.150870,0.058711,0.108157,,
4.7850,isaac,initial_pitch_release,isaac_rel_25deg_01,25.0000,0,-0.161278,0.206546,0.000817,0.019295,0.315880,0.015567,0.058711,0.108157,0.131547,0.127389,0.034812,0.060981,,
4.8000,isaac,initial_pitch_release,isaac_rel_25deg_01,25.0000,0,-0.158016,0.225117,0.000161,-0.094376,0.315981,-0.001788,0.034812,0.060981,0.163024,0.171321,0.087427,0.148978,,
4.8150,isaac,initial_pitch_release,isaac_rel_25deg_01,25.0000,0,-0.154832,0.200650,-0.000114,0.054689,0.316095,0.017515,0.087427,0.148978,0.110989,0.092898,0.000207,0.000000,,
4.8300,isaac,initial_pitch_release,isaac_rel_25deg_01,25.0000,0,-0.151721,0.211817,0.000087,-0.015426,0.316189,-0.004004,0.000207,0.000000,0.148618,0.161010,0.063406,0.128431,,
4.8450,isaac,initial_pitch_release,isaac_rel_25deg_01,25.0000,0,-0.148561,0.208676,-0.000050,0.002000,0.316191,0.004386,0.063406,0.128431,0.142448,0.128597,0.053088,0.063415,,
4.8600,isaac,initial_pitch_release,isaac_rel_25deg_01,25.0000,0,-0.145500,0.199196,0.000362,0.058749,0.316247,0.003708,0.053088,0.063415,0.126023,0.122980,0.025531,0.052091,,
4.8750,isaac,initial_pitch_release,isaac_rel_25deg_01,25.0000,0,-0.142354,0.216948,0.000286,-0.055830,0.316187,-0.011806,0.025531,0.052091,0.166374,0.166886,0.092997,0.140149,,
4.8900,isaac,initial_pitch_release,isaac_rel_25deg_01,25.0000,0,-0.139270,0.195019,0.000490,0.082592,0.316139,0.005370,0.092997,0.140149,0.116137,0.094058,0.008889,0.000000,,
4.9050,isaac,initial_pitch_release,isaac_rel_25deg_01,25.0000,0,-0.136250,0.204916,0.001106,0.013725,0.316065,-0.014722,0.008889,0.000000,0.151311,0.156646,0.067905,0.119714,,
4.9200,isaac,initial_pitch_release,isaac_rel_25deg_01,25.0000,0,-0.133304,0.187865,0.002111,0.122846,0.315964,0.002195,0.067905,0.119714,0.124501,0.101178,0.022971,0.007989,,
4.9350,isaac,initial_pitch_release,isaac_rel_25deg_01,25.0000,0,-0.130385,0.199001,0.003304,0.050422,0.315836,-0.018190,0.022971,0.007989,0.153740,0.156109,0.071959,0.118641,,
4.9500,isaac,initial_pitch_release,isaac_rel_25deg_01,25.0000,0,-0.127362,0.202396,0.003836,0.030830,0.315587,-0.014997,0.071959,0.118641,0.155164,0.135198,0.074334,0.076703,,
4.9650,isaac,initial_pitch_release,isaac_rel_25deg_01,25.0000,0,-0.124199,0.216768,0.003540,-0.058945,0.315277,-0.028519,0.074334,0.076703,0.167609,0.158692,0.095047,0.123801,,
4.9800,isaac,initial_pitch_release,isaac_rel_25deg_01,25.0000,0,-0.121096,0.197532,0.003556,0.061474,0.314991,-0.011455,0.095047,0.123801,0.126853,0.098904,0.026926,0.003378,,
4.9950,isaac,initial_pitch_release,isaac_rel_25deg_01,25.0000,0,-0.118006,0.211865,0.003683,-0.030844,0.314658,-0.034973,0.026926,0.003378,0.163011,0.161447,0.087405,0.129302,,
5.0100,isaac,initial_pitch_release,isaac_rel_25deg_01,25.0000,0,-0.114851,0.207799,0.003401,-0.003763,0.314232,-0.024117,0.087405,0.129302,0.150906,0.120883,0.067228,0.047857,,
5.0250,isaac,initial_pitch_release,isaac_rel_25deg_01,25.0000,0,-0.111727,0.207520,0.003302,-0.003408,0.313834,-0.031811,0.067228,0.047857,0.148499,0.133445,0.063208,0.073176,,
5.0400,isaac,initial_pitch_release,isaac_rel_25deg_01,25.0000,0,-0.108539,0.215624,0.002817,-0.053133,0.313327,-0.038143,0.063208,0.073176,0.164045,0.143954,0.089125,0.094295,,
5.0550,isaac,initial_pitch_release,isaac_rel_25deg_01,25.0000,0,-0.105292,0.216156,0.001948,-0.058250,0.312778,-0.037518,0.089125,0.094295,0.156871,0.130474,0.077180,0.067196,,
5.0700,isaac,initial_pitch_release,isaac_rel_25deg_01,25.0000,0,-0.102054,0.214671,0.001113,-0.049493,0.312224,-0.039186,0.077180,0.067196,0.151641,0.128078,0.068456,0.062369,,
5.0850,isaac,initial_pitch_release,isaac_rel_25deg_01,25.0000,0,-0.098896,0.206016,0.000738,0.001582,0.311673,-0.036803,0.068456,0.062369,0.142143,0.115036,0.052577,0.036046,,
5.1000,isaac,initial_pitch_release,isaac_rel_25deg_01,25.0000,0,-0.095767,0.209627,0.000534,-0.021707,0.311087,-0.043775,0.052577,0.036046,0.157061,0.134422,0.077497,0.075143,,
5.1150,isaac,initial_pitch_release,isaac_rel_25deg_01,25.0000,0,-0.092623,0.208560,0.000206,-0.017360,0.310450,-0.043249,0.077497,0.075143,0.154261,0.124663,0.072828,0.055484,,
5.1300,isaac,initial_pitch_release,isaac_rel_25deg_01,25.0000,0,-0.089498,0.207019,-0.000026,-0.008397,0.309807,-0.044937,0.072828,0.055484,0.152264,0.123685,0.069495,0.053513,,
5.1450,isaac,initial_pitch_release,isaac_rel_25deg_01,25.0000,0,-0.086430,0.200628,0.000048,0.022591,0.309163,-0.043351,0.069495,0.053513,0.147136,0.116328,0.060929,0.038658,,
5.1600,isaac,initial_pitch_release,isaac_rel_25deg_01,25.0000,0,-0.083339,0.208847,-0.000023,-0.023862,0.308465,-0.051884,0.060929,0.038658,0.163512,0.137733,0.088238,0.081800,,
5.1750,isaac,initial_pitch_release,isaac_rel_25deg_01,25.0000,0,-0.080323,0.193514,0.000312,0.069741,0.307790,-0.040027,0.088238,0.081800,0.136429,0.096443,0.043004,0.000000,,
5.1900,isaac,initial_pitch_release,isaac_rel_25deg_01,25.0000,0,-0.077411,0.193661,0.001280,0.068771,0.307134,-0.048025,0.043004,0.000000,0.150805,0.124945,0.067060,0.056053,,
5.2050,isaac,initial_pitch_release,isaac_rel_25deg_01,25.0000,0,-0.074410,0.204303,0.001712,0.001262,0.306396,-0.051588,0.067060,0.056053,0.171672,0.138841,0.101791,0.084029,,
5.2200,isaac,initial_pitch_release,isaac_rel_25deg_01,25.0000,0,-0.071368,0.200469,0.001872,0.025988,0.305681,-0.045828,0.101791,0.084029,0.153071,0.114947,0.070843,0.035866,,
5.2350,isaac,initial_pitch_release,isaac_rel_25deg_01,25.0000,0,-0.068276,0.209854,0.001737,-0.033793,0.304937,-0.056453,0.070843,0.035866,0.168047,0.140013,0.095775,0.086382,,
5.2500,isaac,initial_pitch_release,isaac_rel_25deg_01,25.0000,0,-0.065230,0.196380,0.001856,0.051446,0.304204,-0.043162,0.095775,0.086382,0.141892,0.097647,0.052157,0.000828,,
5.2650,isaac,initial_pitch_release,isaac_rel_25deg_01,25.0000,0,-0.062210,0.204332,0.002165,0.000454,0.303478,-0.055248,0.052157,0.000828,0.164149,0.137629,0.089298,0.081592,,
5.2800,isaac,initial_pitch_release,isaac_rel_25deg_01,25.0000,0,-0.059120,0.206270,0.002049,-0.009286,0.302688,-0.052277,0.089298,0.081592,0.162578,0.122921,0.086684,0.051972,,
5.2950,isaac,initial_pitch_release,isaac_rel_25deg_01,25.0000,0,-0.056100,0.195797,0.002342,0.052728,0.301963,-0.046105,0.086684,0.051972,0.144131,0.104844,0.055904,0.015420,,
5.3100,isaac,initial_pitch_release,isaac_rel_25deg_01,25.0000,0,-0.053089,0.203442,0.002725,0.009444,0.301231,-0.052930,0.055904,0.015420,0.164609,0.133917,0.090063,0.074127,,
5.3250,isaac,initial_pitch_release,isaac_rel_25deg_01,25.0000,0,-0.049912,0.217526,0.002123,-0.078852,0.300428,-0.056417,0.090063,0.074127,0.180238,0.143785,0.115980,0.093955,,
5.3400,isaac,initial_pitch_release,isaac_rel_25deg_01,25.0000,0,-0.046783,0.200227,0.001776,0.032710,0.299632,-0.051519,0.115980,0.093955,0.129774,0.083949,0.031835,0.000000,,
5.3550,isaac,initial_pitch_release,isaac_rel_25deg_01,25.0000,0,-0.043716,0.206942,0.001868,-0.009802,0.298868,-0.051796,0.031835,0.000000,0.166949,0.131246,0.093952,0.068752,,
5.3700,isaac,initial_pitch_release,isaac_rel_25deg_01,25.0000,0,-0.040639,0.201348,0.001897,0.018944,0.298161,-0.044978,0.093952,0.068752,0.152844,0.112205,0.070464,0.030321,,
5.3850,isaac,initial_pitch_release,isaac_rel_25deg_01,25.0000,0,-0.037630,0.198102,0.002344,0.047443,0.297522,-0.042976,0.070464,0.030321,0.149235,0.113948,0.064438,0.033846,,
5.4000,isaac,initial_pitch_release,isaac_rel_25deg_01,25.0000,0,-0.034562,0.208913,0.002482,-0.017693,0.296852,-0.047821,0.064438,0.033846,0.170432,0.138794,0.099735,0.083934,,
5.4150,isaac,initial_pitch_release,isaac_rel_25deg_01,25.0000,0,-0.031428,0.207950,0.002234,-0.009670,0.296188,-0.042957,0.099735,0.083934,0.157816,0.118179,0.078755,0.042398,,
5.4300,isaac,initial_pitch_release,isaac_rel_25deg_01,25.0000,0,-0.028439,0.191065,0.002862,0.096142,0.295565,-0.040877,0.078755,0.042398,0.128469,0.087902,0.029642,0.000000,,
5.4450,isaac,initial_pitch_release,isaac_rel_25deg_01,25.0000,0,-0.025421,0.208507,0.003393,-0.009720,0.294905,-0.049185,0.029642,0.000000,0.178701,0.148637,0.113437,0.103685,,
5.4600,isaac,initial_pitch_release,isaac_rel_25deg_01,25.0000,0,-0.022380,0.196960,0.003776,0.065192,0.294301,-0.032725,0.113437,0.103685,0.144652,0.098873,0.056776,0.003314,,
5.4750,isaac,initial_pitch_release,isaac_rel_25deg_01,25.0000,0,-0.019247,0.217496,0.003690,-0.061872,0.293706,-0.048170,0.056776,0.003314,0.180924,0.158543,0.117115,0.123505,,
5.4900,isaac,initial_pitch_release,isaac_rel_25deg_01,25.0000,0,-0.016007,0.213729,0.002952,-0.033003,0.293085,-0.035183,0.117115,0.123505,0.156380,0.113193,0.076362,0.032320,,
5.5050,isaac,initial_pitch_release,isaac_rel_25deg_01,25.0000,0,-0.012689,0.226886,0.001797,-0.110905,0.292506,-0.041233,0.076362,0.032320,0.172770,0.146114,0.103613,0.098627,,
5.5200,isaac,initial_pitch_release,isaac_rel_25deg_01,25.0000,0,-0.009424,0.209433,0.000956,-0.002297,0.291943,-0.032963,0.103613,0.098627,0.131857,0.090348,0.035332,0.000000,,
5.5350,isaac,initial_pitch_release,isaac_rel_25deg_01,25.0000,0,-0.006312,0.204988,0.001083,0.026302,0.291492,-0.028263,0.035332,0.000000,0.147376,0.115289,0.061331,0.036557,,
5.5500,isaac,initial_pitch_release,isaac_rel_25deg_01,25.0000,0,-0.003205,0.207955,0.001276,0.009462,0.291085,-0.026993,0.061331,0.036557,0.156771,0.127382,0.077014,0.060967,,
5.5650,isaac,initial_pitch_release,isaac_rel_25deg_01,25.0000,0,-0.000128,0.201253,0.001659,0.048635,0.290733,-0.020758,0.077014,0.060967,0.144772,0.112316,0.056976,0.030546,,
5.5800,isaac,initial_pitch_release,isaac_rel_25deg_01,25.0000,0,0.003068,0.221377,0.001390,-0.070895,0.290355,-0.030789,0.056976,0.030546,0.177106,0.157522,0.110798,0.121464,,
5.5950,isaac,initial_pitch_release,isaac_rel_25deg_01,25.0000,0,0.006283,0.207583,0.000981,0.016419,0.290029,-0.013374,0.110798,0.121464,0.138620,0.099092,0.046677,0.003760,,
5.6100,isaac,initial_pitch_release,isaac_rel_25deg_01,25.0000,0,0.009514,0.220788,0.000552,-0.063666,0.289755,-0.023793,0.046677,0.003760,0.165423,0.149962,0.091416,0.106340,,
5.6250,isaac,initial_pitch_release,isaac_rel_25deg_01,25.0000,0,0.012743,0.208828,0.000114,0.006243,0.289504,-0.009343,0.091416,0.106340,0.139765,0.105290,0.048594,0.016323,,
5.6400,isaac,initial_pitch_release,isaac_rel_25deg_01,25.0000,0,0.015894,0.209485,0.000171,0.009482,0.289354,-0.011702,0.048594,0.016323,0.146039,0.127380,0.059095,0.060963,,
5.6550,isaac,initial_pitch_release,isaac_rel_25deg_01,25.0000,0,0.019081,0.214172,0.000047,-0.018137,0.289196,-0.010659,0.059095,0.060963,0.155669,0.133286,0.075176,0.072857,,
5.6700,isaac,initial_pitch_release,isaac_rel_25deg_01,25.0000,0,0.022339,0.218929,-0.000485,-0.046610,0.289052,-0.008808,0.075176,0.072857,0.156055,0.135036,0.075820,0.076377,,
5.6850,isaac,initial_pitch_release,isaac_rel_25deg_01,25.0000,0,0.025501,0.202973,-0.000462,0.050999,0.289011,0.002982,0.075820,0.076377,0.127024,0.101280,0.027213,0.008196,,
5.7000,isaac,initial_pitch_release,isaac_rel_25deg_01,25.0000,0,0.028725,0.223748,-0.000746,-0.075699,0.288950,-0.011414,0.027213,0.008196,0.170175,0.165297,0.099308,0.136982,,
5.7150,isaac,initial_pitch_release,isaac_rel_25deg_01,25.0000,0,0.031970,0.209384,-0.001194,0.014475,0.288918,0.008273,0.099308,0.136982,0.132512,0.101659,0.036432,0.008964,,
5.7300,isaac,initial_pitch_release,isaac_rel_25deg_01,25.0000,0,0.035096,0.206789,-0.000922,0.030459,0.289011,0.004984,0.036432,0.008964,0.136921,0.127832,0.043828,0.061874,,
5.7450,isaac,initial_pitch_release,isaac_rel_25deg_01,25.0000,0,0.038265,0.213918,-0.000869,-0.012892,0.289075,0.004767,0.043828,0.061874,0.153626,0.141351,0.071768,0.089069,,
5.7600,isaac,initial_pitch_release,isaac_rel_25deg_01,25.0000,0,0.041409,0.204943,-0.000682,0.042848,0.289209,0.014759,0.071768,0.089069,0.132427,0.114492,0.036289,0.034947,,
5.7750,isaac,initial_pitch_release,isaac_rel_25deg_01,25.0000,0,0.044624,0.221185,-0.000878,-0.057435,0.289338,0.003987,0.036289,0.034947,0.161157,0.160863,0.084319,0.128137,,
5.7900,isaac,initial_pitch_release,isaac_rel_25deg_01,25.0000,0,0.047890,0.213990,-0.001406,-0.011663,0.289490,0.018282,0.084319,0.128137,0.137333,0.117656,0.044518,0.041341,,
5.8050,isaac,initial_pitch_release,isaac_rel_25deg_01,25.0000,0,0.051133,0.215186,-0.001779,-0.032926,0.289719,0.014789,0.044518,0.041341,0.142716,0.140872,0.053536,0.088107,,
5.8200,isaac,initial_pitch_release,isaac_rel_25deg_01,25.0000,0,0.054487,0.227945,-0.002814,-0.098329,0.289914,0.013672,0.053536,0.088107,0.156885,0.151406,0.077204,0.109231,,
5.8350,isaac,initial_pitch_release,isaac_rel_25deg_01,25.0000,0,0.057729,0.205354,-0.003233,0.039517,0.290220,0.029185,0.077204,0.109231,0.106962,0.089558,0.000000,0.000000,,
5.8500,isaac,initial_pitch_release,isaac_rel_25deg_01,25.0000,0,0.060901,0.215438,-0.003185,-0.022340,0.290556,0.017546,0.000000,0.000000,0.145915,0.154274,0.058887,0.114969,,
5.8650,isaac,initial_pitch_release,isaac_rel_25deg_01,25.0000,0,0.063965,0.194158,-0.002549,0.107583,0.290944,0.035474,0.058887,0.114969,0.110085,0.093660,0.000000,0.000000,,
5.8800,isaac,initial_pitch_release,isaac_rel_25deg_01,25.0000,0,0.067138,0.224934,-0.002503,-0.082853,0.291278,0.010620,0.000000,0.000000,0.171040,0.190967,0.100744,0.187927,,
5.8950,isaac,initial_pitch_release,isaac_rel_25deg_01,25.0000,0,0.070475,0.219542,-0.003515,-0.050212,0.291591,0.033297,0.100744,0.187927,0.140275,0.121063,0.049448,0.048221,,
5.9100,isaac,initial_pitch_release,isaac_rel_25deg_01,25.0000,0,0.073835,0.226894,-0.004669,-0.096669,0.292002,0.023646,0.049448,0.048221,0.142432,0.153809,0.053060,0.114041,,
5.9250,isaac,initial_pitch_release,isaac_rel_25deg_01,25.0000,0,0.077064,0.204681,-0.005091,0.037712,0.292502,0.045358,0.053060,0.114041,0.107632,0.095793,0.000000,0.000000,,
5.9400,isaac,initial_pitch_release,isaac_rel_25deg_01,25.0000,0,0.080235,0.216007,-0.005144,-0.034190,0.293021,0.026213,0.000000,0.000000,0.140666,0.161742,0.050103,0.129891,,
5.9550,isaac,initial_pitch_release,isaac_rel_25deg_01,25.0000,0,0.083329,0.197798,-0.004808,0.078650,0.293545,0.045838,0.050103,0.129891,0.112956,0.102272,0.003526,0.010208,,
5.9700,isaac,initial_pitch_release,isaac_rel_25deg_01,25.0000,0,0.086413,0.211508,-0.004393,-0.011154,0.294065,0.025476,0.003526,0.010208,0.143558,0.166079,0.054946,0.138541,,
5.9850,isaac,initial_pitch_release,isaac_rel_25deg_01,25.0000,0,0.089440,0.193588,-0.003707,0.103313,0.294591,0.046443,0.054946,0.138541,0.112702,0.101830,0.003098,0.009311,,
6.0000,isaac,initial_pitch_release,isaac_rel_25deg_01,25.0000,0,0.092488,0.210882,-0.003123,-0.010111,0.295095,0.023267,0.003098,0.009311,0.148108,0.173078,0.062554,0.152472,,
6.0150,isaac,initial_pitch_release,isaac_rel_25deg_01,25.0000,0,0.095486,0.189606,-0.002304,0.119627,0.295629,0.048777,0.062554,0.152472,0.107524,0.093417,0.000000,0.000000,,
6.0300,isaac,initial_pitch_release,isaac_rel_25deg_01,25.0000,0,0.098554,0.215717,-0.001854,-0.041727,0.296121,0.018627,0.000000,0.000000,0.157445,0.188322,0.078138,0.182701,,
6.0450,isaac,initial_pitch_release,isaac_rel_25deg_01,25.0000,0,0.101676,0.200706,-0.001803,0.049757,0.296586,0.045267,0.078138,0.182701,0.122701,0.107411,0.019944,0.020619,,
6.0600,isaac,initial_pitch_release,isaac_rel_25deg_01,25.0000,0,0.104849,0.219373,-0.002026,-0.065983,0.297066,0.020446,0.019944,0.020619,0.149702,0.176915,0.065217,0.160096,,
6.0750,isaac,initial_pitch_release,isaac_rel_25deg_01,25.0000,0,0.107991,0.200808,-0.002132,0.051192,0.297565,0.048478,0.065217,0.160096,0.117239,0.101297,0.010747,0.008231,,
6.0900,isaac,initial_pitch_release,isaac_rel_25deg_01,25.0000,0,0.111202,0.224438,-0.002611,-0.099823,0.298041,0.016358,0.010747,0.008231,0.155568,0.188113,0.075009,0.182286,,
6.1050,isaac,initial_pitch_release,isaac_rel_25deg_01,25.0000,0,0.114498,0.214982,-0.003671,-0.041388,0.298485,0.044238,0.075009,0.182286,0.133927,0.115777,0.038806,0.037544,,
6.1200,isaac,initial_pitch_release,isaac_rel_25deg_01,25.0000,0,0.117630,0.202912,-0.003775,0.030465,0.299101,0.039541,0.038806,0.037544,0.110091,0.124633,0.000000,0.055423,,
6.1350,isaac,initial_pitch_release,isaac_rel_25deg_01,25.0000,0,0.120824,0.220131,-0.004228,-0.078901,0.299562,0.024282,0.000000,0.055423,0.153072,0.170716,0.070844,0.147774,,
6.1500,isaac,initial_pitch_release,isaac_rel_25deg_01,25.0000,0,0.123953,0.198103,-0.004384,0.056027,0.300107,0.049436,0.070844,0.147774,0.109824,0.093841,0.000000,0.000000,,
6.1650,isaac,initial_pitch_release,isaac_rel_25deg_01,25.0000,0,0.127208,0.231940,-0.005271,-0.155896,0.300572,0.013785,0.000000,0.000000,0.171024,0.202087,0.100717,0.209848,,
6.1800,isaac,initial_pitch_release,isaac_rel_25deg_01,25.0000,0,0.130502,0.208715,-0.006519,-0.014520,0.300964,0.039312,0.100717,0.209848,0.096575,0.065709,0.000000,0.000000,,
6.1950,isaac,initial_pitch_release,isaac_rel_25deg_01,25.0000,0,0.133503,0.191778,-0.006024,0.083893,0.301616,0.049656,0.000000,0.000000,0.106833,0.108845,0.000000,0.023523,,
6.2100,isaac,initial_pitch_release,isaac_rel_25deg_01,25.0000,0,0.136385,0.191412,-0.004842,0.084079,0.302254,0.037375,0.000000,0.023523,0.125084,0.138835,0.023952,0.084016,,
6.2250,isaac,initial_pitch_release,isaac_rel_25deg_01,25.0000,0,0.139408,0.208871,-0.004533,-0.027938,0.302731,0.028511,0.023952,0.084016,0.157798,0.164555,0.078725,0.135502,,
6.2400,isaac,initial_pitch_release,isaac_rel_25deg_01,25.0000,0,0.142483,0.200896,-0.004623,0.020642,0.303272,0.045695,0.078725,0.135502,0.131016,0.118047,0.033920,0.042130,,
6.2550,isaac,initial_pitch_release,isaac_rel_25deg_01,25.0000,0,0.145482,0.198198,-0.004295,0.031735,0.303928,0.044029,0.033920,0.042130,0.130205,0.132746,0.032558,0.071771,,
6.2700,isaac,initial_pitch_release,isaac_rel_25deg_01,25.0000,0,0.148535,0.206887,-0.004314,-0.023447,0.304530,0.039113,0.032558,0.071771,0.148424,0.148883,0.063083,0.104177,,
6.2850,isaac,initial_pitch_release,isaac_rel_25deg_01,25.0000,0,0.151532,0.193208,-0.004081,0.057981,0.305213,0.053649,0.063083,0.104177,0.122138,0.109565,0.018995,0.024980,,
6.3000,isaac,initial_pitch_release,isaac_rel_25deg_01,25.0000,0,0.154511,0.202174,-0.003746,-0.000825,0.305921,0.042859,0.018995,0.024980,0.146339,0.151064,0.059598,0.108546,,
6.3150,isaac,initial_pitch_release,isaac_rel_25deg_01,25.0000,0,0.157564,0.203646,-0.003913,-0.013890,0.306569,0.045833,0.059598,0.108546,0.143380,0.134941,0.054648,0.076187,,
6.3300,isaac,initial_pitch_release,isaac_rel_25deg_01,25.0000,0,0.160552,0.194509,-0.003747,0.040975,0.307309,0.055074,0.054648,0.076187,0.128587,0.116640,0.029841,0.039288,,
6.3450,isaac,initial_pitch_release,isaac_rel_25deg_01,25.0000,0,0.163533,0.201324,-0.003567,-0.006025,0.308069,0.048547,0.029841,0.039288,0.147800,0.144923,0.062039,0.096239,,
6.3600,isaac,initial_pitch_release,isaac_rel_25deg_01,25.0000,0,0.166452,0.188094,-0.003085,0.074232,0.308863,0.059898,0.062039,0.096239,0.123523,0.109089,0.021326,0.024016,,
6.3750,isaac,initial_pitch_release,isaac_rel_25deg_01,25.0000,0,0.169271,0.186709,-0.002017,0.078928,0.309706,0.055514,0.021326,0.024016,0.135513,0.130596,0.041467,0.067442,,
6.3900,isaac,initial_pitch_release,isaac_rel_25deg_01,25.0000,0,0.172059,0.184207,-0.000808,0.092120,0.310512,0.054786,0.041467,0.067442,0.135836,0.126827,0.042009,0.059849,,
6.4050,isaac,initial_pitch_release,isaac_rel_25deg_01,25.0000,0,0.174868,0.188579,0.000255,0.061963,0.311290,0.052365,0.042009,0.059849,0.148281,0.137299,0.062843,0.080928,,
6.4200,isaac,initial_pitch_release,isaac_rel_25deg_01,25.0000,0,0.177758,0.194937,0.000797,0.022281,0.312044,0.051320,0.062843,0.080928,0.153982,0.138927,0.072362,0.084200,,
6.4350,isaac,initial_pitch_release,isaac_rel_25deg_01,25.0000,0,0.180678,0.193424,0.001126,0.030207,0.312828,0.055909,0.072362,0.084200,0.145132,0.126732,0.057579,0.059656,,
6.4500,isaac,initial_pitch_release,isaac_rel_25deg_01,25.0000,0,0.183470,0.179028,0.002202,0.118874,0.313711,0.064628,0.057579,0.059656,0.125240,0.105693,0.024214,0.017140,,
6.4650,isaac,initial_pitch_release,isaac_rel_25deg_01,25.0000,0,0.186371,0.204529,0.002659,-0.039932,0.314522,0.046312,0.024214,0.017140,0.180164,0.171576,0.115859,0.149486,,
6.4800,isaac,initial_pitch_release,isaac_rel_25deg_01,25.0000,0,0.189315,0.188623,0.002785,0.058343,0.315321,0.063291,0.115859,0.149486,0.131330,0.101109,0.034448,0.007849,,
6.4950,isaac,initial_pitch_release,isaac_rel_25deg_01,25.0000,0,0.192349,0.212442,0.002413,-0.091311,0.316119,0.044904,0.034448,0.007849,0.180993,0.170035,0.117229,0.146419,,
6.5100,isaac,initial_pitch_release,isaac_rel_25deg_01,25.0000,0,0.195367,0.190833,0.002055,0.042761,0.316830,0.052156,0.117229,0.146419,0.118333,0.082011,0.012589,0.000000,,
6.5250,isaac,initial_pitch_release,isaac_rel_25deg_01,25.0000,0,0.198262,0.193651,0.002461,0.022081,0.317632,0.057871,0.012589,0.000000,0.158747,0.128439,0.080306,0.063098,,
6.5400,isaac,initial_pitch_release,isaac_rel_25deg_01,25.0000,0,0.201173,0.193235,0.002753,0.025435,0.318499,0.060829,0.080306,0.063098,0.152229,0.124340,0.069438,0.054833,,
6.5550,isaac,initial_pitch_release,isaac_rel_25deg_01,25.0000,0,0.204084,0.193737,0.003035,0.020978,0.319391,0.060680,0.069438,0.054833,0.153854,0.126460,0.072150,0.059108,,
6.5700,isaac,initial_pitch_release,isaac_rel_25deg_01,25.0000,0,0.206980,0.191435,0.003393,0.034301,0.320302,0.063540,0.072150,0.059108,0.151087,0.120870,0.067531,0.047832,,
6.5850,isaac,initial_pitch_release,isaac_rel_25deg_01,25.0000,0,0.209931,0.200097,0.003426,-0.019650,0.321193,0.057885,0.067531,0.047832,0.166773,0.138831,0.093660,0.084007,,
6.6000,isaac,initial_pitch_release,isaac_rel_25deg_01,25.0000,0,0.212856,0.189887,0.003574,0.043154,0.322105,0.066607,0.093660,0.084007,0.143474,0.106607,0.054805,0.018992,,
6.6150,isaac,initial_pitch_release,isaac_rel_25deg_01,25.0000,0,0.215785,0.198540,0.003726,-0.011060,0.323034,0.059842,0.054805,0.018992,0.167598,0.138144,0.095030,0.082628,,
6.6300,isaac,initial_pitch_release,isaac_rel_25deg_01,25.0000,0,0.218637,0.182117,0.004299,0.090496,0.323961,0.066327,0.095030,0.082628,0.132621,0.093167,0.036615,0.000000,,
6.6450,isaac,initial_pitch_release,isaac_rel_25deg_01,25.0000,0,0.221563,0.204574,0.004473,-0.051211,0.324844,0.053524,0.036615,0.000000,0.189929,0.158288,0.131980,0.122994,,
6.6600,isaac,initial_pitch_release,isaac_rel_25deg_01,25.0000,0,0.224511,0.188631,0.004459,0.050449,0.325685,0.060774,0.131980,0.122994,0.135868,0.088963,0.042063,0.000000,,
6.6750,isaac,initial_pitch_release,isaac_rel_25deg_01,25.0000,0,0.227336,0.186452,0.005213,0.059278,0.326611,0.065611,0.042063,0.000000,0.158663,0.116181,0.080167,0.038360,,
6.6900,isaac,initial_pitch_release,isaac_rel_25deg_01,25.0000,0,0.230300,0.205118,0.005161,-0.052211,0.327502,0.056032,0.080167,0.038360,0.186184,0.149132,0.125804,0.104676,,
6.7050,isaac,initial_pitch_release,isaac_rel_25deg_01,25.0000,0,0.233274,0.191084,0.005008,0.033896,0.328408,0.067347,0.125804,0.104676,0.145120,0.095251,0.057559,0.000000,,
6.7200,isaac,initial_pitch_release,isaac_rel_25deg_01,25.0000,0,0.236275,0.206071,0.004738,-0.056661,0.329340,0.058696,0.057559,0.000000,0.182100,0.143316,0.119060,0.093013,,
6.7350,isaac,initial_pitch_release,isaac_rel_25deg_01,25.0000,0,0.239372,0.205995,0.003865,-0.055219,0.330248,0.063835,0.119060,0.093013,0.165981,0.117850,0.092343,0.041733,,
6.7500,isaac,initial_pitch_release,isaac_rel_25deg_01,25.0000,0,0.242381,0.195296,0.003518,0.011110,0.331248,0.071073,0.092343,0.041733,0.149556,0.100961,0.064974,0.007549,,
6.7650,isaac,initial_pitch_release,isaac_rel_25deg_01,25.0000,0,0.245356,0.199624,0.003406,-0.016786,0.332266,0.067551,0.064974,0.007549,0.168690,0.125158,0.096844,0.056484,,
6.7800,isaac,initial_pitch_release,isaac_rel_25deg_01,25.0000,0,0.248284,0.190341,0.003562,0.041901,0.333299,0.072530,0.096844,0.056484,0.149867,0.101423,0.065493,0.008487,,
6.7950,isaac,initial_pitch_release,isaac_rel_25deg_01,25.0000,0,0.251133,0.188540,0.004213,0.052990,0.334372,0.072958,0.065493,0.008487,0.159287,0.113239,0.081205,0.032413,,
6.8100,isaac,initial_pitch_release,isaac_rel_25deg_01,25.0000,0,0.253903,0.180362,0.005353,0.105162,0.335482,0.076969,0.081205,0.032413,0.150626,0.101117,0.066761,0.007866,,
6.8250,isaac,initial_pitch_release,isaac_rel_25deg_01,25.0000,0,0.256705,0.190931,0.006352,0.041094,0.336583,0.071966,0.066761,0.007866,0.177069,0.131808,0.110736,0.069882,,
6.8400,isaac,initial_pitch_release,isaac_rel_25deg_01,25.0000,0,0.259496,0.181014,0.007412,0.105985,0.337701,0.079379,0.110736,0.069882,0.150283,0.097694,0.066188,0.000923,,
6.8550,isaac,initial_pitch_release,isaac_rel_25deg_01,25.0000,0,-0.054041,0.192966,0.008360,0.032878,0.338832,0.074232,0.066188,0.000923,0.180232,0.133705,0.115971,0.073700,,
6.8700,isaac,initial_pitch_release,isaac_rel_25deg_01,25.0000,0,-0.050968,0.213668,0.007819,-0.091991,0.339041,-0.043416,0.115971,0.073700,0.133143,0.202461,0.037491,0.210582,,
6.8850,isaac,initial_pitch_release,isaac_rel_25deg_01,25.0000,0,-0.047838,0.201162,0.006942,-0.024792,0.338372,-0.047099,0.037491,0.210582,0.142342,0.110389,0.052909,0.026648,,
6.9000,isaac,initial_pitch_release,isaac_rel_25deg_01,25.0000,0,-0.044620,0.222770,0.005617,-0.139271,0.337426,-0.081401,0.052909,0.026648,0.170842,0.167193,0.100416,0.140761,,
6.9150,isaac,initial_pitch_release,isaac_rel_25deg_01,25.0000,0,-0.041444,0.201621,0.004536,-0.006765,0.336192,-0.083771,0.100416,0.140761,0.121839,0.080728,0.018492,0.000000,,
6.9300,isaac,initial_pitch_release,isaac_rel_25deg_01,25.0000,0,-0.038167,0.230897,0.002958,-0.187948,0.334831,-0.098925,0.018492,0.000000,0.197560,0.172503,0.144538,0.151330,,
6.9450,isaac,initial_pitch_release,isaac_rel_25deg_01,25.0000,0,-0.034891,0.206907,0.001322,-0.034563,0.333289,-0.108112,0.144538,0.151330,0.105006,0.056276,0.000000,0.000000,,
6.9600,isaac,initial_pitch_release,isaac_rel_25deg_01,25.0000,0,-0.031645,0.223214,-0.000027,-0.134153,0.331760,-0.097372,0.000000,0.000000,0.186947,0.141471,0.127063,0.089310,,
6.9750,isaac,initial_pitch_release,isaac_rel_25deg_01,25.0000,0,-0.028458,0.202569,-0.001070,-0.006447,0.330289,-0.099947,0.127063,0.089310,0.119138,0.071784,0.013945,0.000000,,
6.9900,isaac,initial_pitch_release,isaac_rel_25deg_01,25.0000,0,-0.025391,0.204464,-0.001323,-0.018744,0.328920,-0.083566,0.013945,0.000000,0.164396,0.116303,0.089708,0.038606,,
7.0050,isaac,initial_pitch_release,isaac_rel_25deg_01,25.0000,0,-0.022443,0.188784,-0.000880,0.080128,0.327692,-0.082882,0.089708,0.038606,0.126305,0.083285,0.026005,0.000000,,
7.0200,isaac,initial_pitch_release,isaac_rel_25deg_01,25.0000,0,-0.019581,0.191244,0.000144,0.066440,0.326533,-0.074206,0.026005,0.000000,0.158103,0.118614,0.079233,0.043277,,
7.0350,isaac,initial_pitch_release,isaac_rel_25deg_01,25.0000,0,-0.016576,0.206772,0.000323,-0.029725,0.325405,-0.078198,0.079233,0.043277,0.174548,0.144273,0.106561,0.094934,,
7.0500,isaac,initial_pitch_release,isaac_rel_25deg_01,25.0000,0,-0.013504,0.202076,0.000089,0.003211,0.324355,-0.063836,0.106561,0.094934,0.150887,0.109121,0.067197,0.024081,,
7.0650,isaac,initial_pitch_release,isaac_rel_25deg_01,25.0000,0,-0.010384,0.212076,-0.000399,-0.057043,0.323387,-0.066933,0.067197,0.024081,0.164485,0.138732,0.089857,0.083808,,
7.0800,isaac,initial_pitch_release,isaac_rel_25deg_01,25.0000,0,-0.007330,0.195621,-0.000508,0.044527,0.322427,-0.061999,0.089857,0.083808,0.126759,0.086810,0.026769,0.000000,,
7.0950,isaac,initial_pitch_release,isaac_rel_25deg_01,25.0000,0,-0.004308,0.205266,-0.000357,-0.012439,0.321526,-0.062022,0.026769,0.000000,0.163432,0.135854,0.088105,0.078024,,
7.1100,isaac,initial_pitch_release,isaac_rel_25deg_01,25.0000,0,-0.001298,0.195845,-0.000141,0.046395,0.320715,-0.049606,0.088105,0.078024,0.139546,0.104188,0.048227,0.014090,,
7.1250,isaac,initial_pitch_release,isaac_rel_25deg_01,25.0000,0,0.001821,0.217027,-0.000515,-0.081733,0.319896,-0.061561,0.048227,0.014090,0.175179,0.159242,0.107607,0.124900,,
7.1400,isaac,initial_pitch_release,isaac_rel_25deg_01,25.0000,0,0.004949,0.200249,-0.000970,0.021250,0.319065,-0.051705,0.107607,0.124900,0.127177,0.085991,0.027471,0.000000,,
7.1550,isaac,initial_pitch_release,isaac_rel_25deg_01,25.0000,0,0.007992,0.203986,-0.000866,0.001984,0.318338,-0.048452,0.027471,0.000000,0.152699,0.127782,0.070222,0.061774,,
7.1700,isaac,initial_pitch_release,isaac_rel_25deg_01,25.0000,0,0.011095,0.207375,-0.001093,-0.023442,0.317657,-0.044239,0.070222,0.061774,0.155075,0.129509,0.074187,0.065253,,
7.1850,isaac,initial_pitch_release,isaac_rel_25deg_01,25.0000,0,0.014122,0.195594,-0.000876,0.056667,0.317089,-0.033636,0.074187,0.065253,0.130181,0.102342,0.032518,0.010349,,
7.2000,isaac,initial_pitch_release,isaac_rel_25deg_01,25.0000,0,0.017230,0.216296,-0.001071,-0.067798,0.316496,-0.046958,0.032518,0.010349,0.169913,0.160538,0.098874,0.127488,,
7.2150,isaac,initial_pitch_release,isaac_rel_25deg_01,25.0000,0,0.020333,0.198486,-0.001272,0.040851,0.315889,-0.035303,0.098874,0.127488,0.122947,0.086840,0.020357,0.000000,,
7.2300,isaac,initial_pitch_release,isaac_rel_25deg_01,25.0000,0,0.023526,0.223641,-0.001932,-0.114223,0.315282,-0.046225,0.020357,0.000000,0.177932,0.169021,0.112165,0.144401,,
7.2450,isaac,initial_pitch_release,isaac_rel_25deg_01,25.0000,0,0.026714,0.202364,-0.002622,0.020242,0.314614,-0.043164,0.112165,0.144401,0.106681,0.067520,0.000000,0.000000,,
7.2600,isaac,initial_pitch_release,isaac_rel_25deg_01,25.0000,0,0.029806,0.208242,-0.002676,-0.017780,0.314061,-0.032946,0.000000,0.000000,0.156090,0.132262,0.075879,0.070797,,
7.2750,isaac,initial_pitch_release,isaac_rel_25deg_01,25.0000,0,0.032957,0.210696,-0.003090,-0.030655,0.313630,-0.025707,0.075879,0.070797,0.148530,0.129163,0.063260,0.064555,,
7.2900,isaac,initial_pitch_release,isaac_rel_25deg_01,25.0000,0,0.036042,0.200649,-0.003118,0.030411,0.313338,-0.015282,0.063260,0.064555,0.129525,0.110118,0.031416,0.026098,,
7.3050,isaac,initial_pitch_release,isaac_rel_25deg_01,25.0000,0,0.039123,0.208628,-0.003103,-0.018616,0.313094,-0.019834,0.031416,0.026098,0.149031,0.143012,0.064097,0.092404,,
7.3200,isaac,initial_pitch_release,isaac_rel_25deg_01,25.0000,0,0.042229,0.204893,-0.003245,0.003859,0.312884,-0.010299,0.064097,0.092404,0.137915,0.121083,0.045494,0.048261,,
7.3350,isaac,initial_pitch_release,isaac_rel_25deg_01,25.0000,0,0.045402,0.216145,-0.003770,-0.064808,0.312689,-0.016184,0.045494,0.048261,0.152587,0.150238,0.070035,0.106891,,
7.3500,isaac,initial_pitch_release,isaac_rel_25deg_01,25.0000,0,0.048586,0.208102,-0.004393,-0.016854,0.312542,-0.002687,0.070035,0.106891,0.132300,0.115406,0.036076,0.036795,,
7.3650,isaac,initial_pitch_release,isaac_rel_25deg_01,25.0000,0,-0.264805,0.188503,-0.003749,0.104093,0.312602,0.010334,0.036076,0.036795,0.096637,0.085304,0.000000,0.000000,,
7.3800,isaac,initial_pitch_release,isaac_rel_25deg_01,25.0000,0,-0.261858,0.199689,-0.002935,0.019877,0.312718,0.004406,0.000000,0.000000,0.152447,0.152910,0.069801,0.112241,,
7.3950,isaac,initial_pitch_release,isaac_rel_25deg_01,25.0000,0,-0.258979,0.182746,-0.001766,0.138716,0.312908,0.020383,0.069801,0.112241,0.111286,0.092594,0.000708,0.000000,,
7.4100,isaac,initial_pitch_release,isaac_rel_25deg_01,25.0000,0,-0.256095,0.199074,-0.000563,0.036870,0.313153,0.012076,0.000708,0.000000,0.154660,0.159191,0.073494,0.124799,,
7.4250,isaac,initial_pitch_release,isaac_rel_25deg_01,25.0000,0,-0.253101,0.198997,-0.000047,0.040560,0.313396,0.021470,0.073494,0.124799,0.139256,0.129157,0.047741,0.064543,,
7.4400,isaac,initial_pitch_release,isaac_rel_25deg_01,25.0000,0,-0.250084,0.201691,0.000350,0.022745,0.313699,0.020543,0.047741,0.064543,0.138251,0.139847,0.046057,0.086049,,
7.4550,isaac,initial_pitch_release,isaac_rel_25deg_01,25.0000,0,-0.247052,0.201211,0.000677,0.028790,0.314001,0.022126,0.046057,0.086049,0.133828,0.133702,0.038641,0.073695,,
7.4700,isaac,initial_pitch_release,isaac_rel_25deg_01,25.0000,0,-0.243977,0.207180,0.000774,-0.006329,0.314312,0.021095,0.038641,0.073695,0.143297,0.145530,0.054508,0.097455,,
7.4850,isaac,initial_pitch_release,isaac_rel_25deg_01,25.0000,0,-0.240891,0.203603,0.000811,0.017251,0.314658,0.027015,0.054508,0.097455,0.131239,0.129698,0.034294,0.065633,,
7.5000,isaac,initial_pitch_release,isaac_rel_25deg_01,25.0000,0,-0.237769,0.210695,0.000672,-0.026676,0.315005,0.021750,0.034294,0.065633,0.142712,0.150995,0.053529,0.108408,,
7.5150,isaac,initial_pitch_release,isaac_rel_25deg_01,25.0000,0,-0.234755,0.191578,0.001169,0.094107,0.315442,0.038264,0.053529,0.108408,0.107650,0.102939,0.000000,0.011560,,
7.5300,isaac,initial_pitch_release,isaac_rel_25deg_01,25.0000,0,-0.231653,0.218428,0.001215,-0.071199,0.315832,0.015038,0.000000,0.011560,0.164395,0.186607,0.089706,0.179307,,
7.5450,isaac,initial_pitch_release,isaac_rel_25deg_01,25.0000,0,-0.228552,0.196123,0.001216,0.069162,0.316227,0.039899,0.089706,0.179307,0.110074,0.095000,0.000000,0.000000,,
7.5600,isaac,initial_pitch_release,isaac_rel_25deg_01,25.0000,0,-0.225451,0.214006,0.001298,-0.044247,0.316636,0.017555,0.000000,0.000000,0.150920,0.174864,0.067252,0.156022,,
7.5750,isaac,initial_pitch_release,isaac_rel_25deg_01,25.0000,0,-0.222348,0.199675,0.001334,0.049946,0.317029,0.036571,0.067252,0.156022,0.119994,0.110334,0.015387,0.026537,,
7.5900,isaac,initial_pitch_release,isaac_rel_25deg_01,25.0000,0,-0.219205,0.216537,0.001194,-0.056001,0.317444,0.020857,0.015387,0.026537,0.152283,0.171389,0.069528,0.149113,,
7.6050,isaac,initial_pitch_release,isaac_rel_25deg_01,25.0000,0,-0.215954,0.215715,0.000393,-0.047126,0.317812,0.029922,0.069528,0.149113,0.137751,0.136013,0.045220,0.078342,,
7.6200,isaac,initial_pitch_release,isaac_rel_25deg_01,25.0000,0,-0.212698,0.218035,-0.000429,-0.056896,0.318217,0.025337,0.045220,0.078342,0.133980,0.146038,0.038895,0.098476,,
7.6350,isaac,initial_pitch_release,isaac_rel_25deg_01,25.0000,0,-0.209456,0.214335,-0.001175,-0.039044,0.318592,0.026937,0.038895,0.098476,0.130632,0.136319,0.033276,0.078959,,
7.6500,isaac,initial_pitch_release,isaac_rel_25deg_01,25.0000,0,-0.206311,0.204881,-0.001350,0.018357,0.319009,0.030368,0.033276,0.078959,0.119505,0.125914,0.014563,0.058008,,
7.6650,isaac,initial_pitch_release,isaac_rel_25deg_01,25.0000,0,-0.203275,0.199455,-0.000879,0.051399,0.319445,0.029146,0.014563,0.058008,0.122749,0.132039,0.020023,0.070348,,
7.6800,isaac,initial_pitch_release,isaac_rel_25deg_01,25.0000,0,-0.200224,0.205416,-0.000484,0.011780,0.319832,0.023914,0.020023,0.070348,0.140006,0.150251,0.048998,0.106917,,
7.6950,isaac,initial_pitch_release,isaac_rel_25deg_01,25.0000,0,-0.197111,0.208123,-0.000476,-0.002882,0.320181,0.024499,0.048998,0.106917,0.138199,0.142948,0.045971,0.092276,,
7.7100,isaac,initial_pitch_release,isaac_rel_25deg_01,25.0000,0,-0.194161,0.185980,0.000478,0.131114,0.320732,0.051068,0.045971,0.092276,0.095446,0.095260,0.000000,0.000000,,
7.7250,isaac,initial_pitch_release,isaac_rel_25deg_01,25.0000,0,-0.191113,0.216074,0.000914,-0.053558,0.321179,0.010741,0.000000,0.000000,0.161877,0.198194,0.085517,0.202184,,
7.7400,isaac,initial_pitch_release,isaac_rel_25deg_01,25.0000,0,-0.188052,0.192656,0.001191,0.089020,0.321522,0.036978,0.085517,0.202184,0.103148,0.084796,0.000000,0.000000,,
7.7550,isaac,initial_pitch_release,isaac_rel_25deg_01,25.0000,0,-0.184931,0.219402,0.001174,-0.074149,0.321842,0.006606,0.000000,0.000000,0.162753,0.190149,0.086976,0.186312,,
7.7700,isaac,initial_pitch_release,isaac_rel_25deg_01,25.0000,0,-0.181825,0.195550,0.001169,0.072137,0.322115,0.031312,0.086976,0.186312,0.098617,0.080810,0.000000,0.000000,,
7.7850,isaac,initial_pitch_release,isaac_rel_25deg_01,25.0000,0,-0.178596,0.230099,0.000504,-0.141226,0.322314,-0.004173,0.000000,0.000000,0.175552,0.203835,0.108224,0.213285,,
7.8000,isaac,initial_pitch_release,isaac_rel_25deg_01,25.0000,0,-0.175338,0.205558,-0.000440,0.010516,0.322432,0.020297,0.108224,0.213285,0.089339,0.061972,0.000000,0.000000,,
7.8150,isaac,initial_pitch_release,isaac_rel_25deg_01,25.0000,0,-0.172139,0.218748,-0.000992,-0.073407,0.322565,-0.002235,0.000000,0.000000,0.148351,0.167576,0.062960,0.141523,,
7.8300,isaac,initial_pitch_release,isaac_rel_25deg_01,25.0000,0,-0.169031,0.196767,-0.001066,0.062076,0.322706,0.021619,0.062960,0.141523,0.113877,0.098338,0.005080,0.002230,,
7.8450,isaac,initial_pitch_release,isaac_rel_25deg_01,25.0000,0,-0.165959,0.210674,-0.000906,-0.026781,0.322846,-0.002061,0.005080,0.002230,0.148657,0.167139,0.063472,0.140653,,
7.8600,isaac,initial_pitch_release,isaac_rel_25deg_01,25.0000,0,-0.162899,0.197316,-0.000738,0.052055,0.322937,0.014929,0.063472,0.140653,0.125352,0.112581,0.024402,0.031081,,
7.8750,isaac,initial_pitch_release,isaac_rel_25deg_01,25.0000,0,-0.159940,0.196061,0.000029,0.059621,0.323083,0.005904,0.024402,0.031081,0.130453,0.138558,0.032975,0.083460,,
7.8900,isaac,initial_pitch_release,isaac_rel_25deg_01,25.0000,0,-0.156951,0.200427,0.000592,0.027230,0.323128,0.001838,0.032975,0.083460,0.144891,0.144947,0.057175,0.096286,,
7.9050,isaac,initial_pitch_release,isaac_rel_25deg_01,25.0000,0,-0.154037,0.187720,0.001573,0.108704,0.323203,0.009944,0.057175,0.096286,0.121616,0.114166,0.018118,0.034287,,
7.9200,isaac,initial_pitch_release,isaac_rel_25deg_01,25.0000,0,-0.150912,0.223690,0.001327,-0.121004,0.323113,-0.022363,0.018118,0.034287,0.187367,0.200984,0.127756,0.207677,,
7.9350,isaac,initial_pitch_release,isaac_rel_25deg_01,25.0000,0,-0.147742,0.199624,0.000697,0.032433,0.322918,-0.004928,0.127756,0.207677,0.088469,0.052338,0.000000,0.000000,,
7.9500,isaac,initial_pitch_release,isaac_rel_25deg_01,25.0000,0,-0.144655,0.209646,0.000607,-0.033686,0.322741,-0.019792,0.000000,0.000000,0.152262,0.156414,0.069492,0.119250,,
7.9650,isaac,initial_pitch_release,isaac_rel_25deg_01,25.0000,0,-0.141662,0.190078,0.001005,0.087390,0.322602,0.000853,0.069492,0.119250,0.120613,0.099255,0.016429,0.004090,,
7.9800,isaac,initial_pitch_release,isaac_rel_25deg_01,25.0000,0,-0.138805,0.189687,0.002246,0.088027,0.322508,-0.012281,0.016429,0.004090,0.134877,0.138042,0.040401,0.082422,,
7.9950,isaac,initial_pitch_release,isaac_rel_25deg_01,25.0000,0,0.000000,-0.084466,0.093442,-0.348040,0.000000,0.000000,0.040401,0.082422,0.155301,0.144866,0.000000,0.000000,,
0.0000,isaac,initial_pitch_release,isaac_rel_25deg_02,25.0000,0,0.000000,0.000000,0.436332,0.000000,0.000000,0.000000,0.000000,0.000000,0.000000,0.000000,0.000000,0.000000,,
0.0150,isaac,initial_pitch_release,isaac_rel_25deg_02,25.0000,0,-0.000000,0.000000,0.436332,-0.000039,0.000000,-0.000002,0.000000,0.000000,-0.242314,-0.365249,0.000000,0.000000,,
0.0300,isaac,initial_pitch_release,isaac_rel_25deg_02,25.0000,0,-0.003136,-0.192205,0.446171,1.480789,-0.000939,0.169474,0.000000,0.000000,0.491457,0.524344,-0.187060,-0.579960,,
0.0450,isaac,initial_pitch_release,isaac_rel_25deg_02,25.0000,0,-0.004385,-0.028835,0.458105,0.527498,0.001074,0.118426,-0.187060,-0.579960,0.479756,0.490208,0.664550,0.694885,,
0.0600,isaac,initial_pitch_release,isaac_rel_25deg_02,25.0000,0,-0.003623,0.105214,0.461531,-0.027043,0.002212,0.032459,0.664550,0.694885,0.496562,0.548534,0.648449,0.791364,,
0.0750,isaac,initial_pitch_release,isaac_rel_25deg_02,25.0000,0,-0.000841,0.229183,0.456248,-0.636746,0.001819,-0.087428,0.648449,0.791364,0.476895,0.499277,0.671522,0.878582,,
0.0900,isaac,initial_pitch_release,isaac_rel_25deg_02,25.0000,0,0.000000,-0.115619,0.107299,0.669956,0.000000,0.000000,0.671522,0.878582,0.447013,0.425974,0.000000,0.000000,,
0.0000,isaac,initial_pitch_release,isaac_rel_25deg_03,25.0000,0,0.000000,0.000000,0.436332,0.000000,0.000000,0.000000,0.000000,0.000000,0.000000,0.000000,0.000000,0.000000,,
0.0150,isaac,initial_pitch_release,isaac_rel_25deg_03,25.0000,0,0.003783,0.449669,0.433693,-0.323652,0.000191,0.025917,0.000000,0.000000,0.245107,0.139279,0.442405,0.308653,,
0.0300,isaac,initial_pitch_release,isaac_rel_25deg_03,25.0000,0,0.010833,0.265368,0.425742,-0.712604,0.002205,-0.061793,0.442405,0.308653,0.457811,0.495396,0.809825,1.044328,,
0.0450,isaac,initial_pitch_release,isaac_rel_25deg_03,25.0000,0,0.015178,0.298094,0.411432,-1.041742,0.001184,-0.051602,0.809825,1.044328,0.422622,0.378215,0.752827,0.820634,,
0.0600,isaac,initial_pitch_release,isaac_rel_25deg_03,25.0000,0,0.020221,0.356526,0.396480,-1.012971,0.000426,-0.041868,0.752827,0.820634,0.376975,0.331328,0.676485,0.725388,,
0.0750,isaac,initial_pitch_release,isaac_rel_25deg_03,25.0000,0,0.026182,0.419382,0.381470,-1.022518,-0.000355,-0.052758,0.676485,0.725388,0.381644,0.351404,0.684415,0.766542,,
0.0900,isaac,initial_pitch_release,isaac_rel_25deg_03,25.0000,0,0.033046,0.466514,0.366511,-1.018417,-0.001175,-0.056087,0.684415,0.766542,0.375611,0.339796,0.674164,0.742814,,
0.1050,isaac,initial_pitch_release,isaac_rel_25deg_03,25.0000,0,0.040755,0.534319,0.351566,-1.011779,-0.001953,-0.046592,0.674164,0.742814,0.373971,0.335202,0.671370,0.733371,,
0.1200,isaac,initial_pitch_release,isaac_rel_25deg_03,25.0000,0,0.049316,0.582774,0.336644,-1.016728,-0.002675,-0.045603,0.671370,0.733371,0.369974,0.333043,0.664547,0.728925,,
0.1350,isaac,initial_pitch_release,isaac_rel_25deg_03,25.0000,0,0.058670,0.646367,0.321728,-1.022664,-0.003340,-0.039221,0.664547,0.728925,0.367936,0.326995,0.661059,0.716437,,
0.1500,isaac,initial_pitch_release,isaac_rel_25deg_03,25.0000,0,0.068813,0.692415,0.306860,-1.008470,-0.003921,-0.033663,0.661059,0.716437,0.364182,0.319647,0.654624,0.701198,,
0.1650,isaac,initial_pitch_release,isaac_rel_25deg_03,25.0000,0,0.079735,0.747277,0.291923,-1.018442,-0.004405,-0.028885,0.654624,0.701198,0.373348,0.323140,0.670308,0.708449,,
0.1800,isaac,initial_pitch_release,isaac_rel_25deg_03,25.0000,0,0.091458,0.796164,0.276960,-1.021075,-0.004761,-0.019279,0.670308,0.708449,0.378597,0.316361,0.679244,0.694360,,
0.1950,isaac,initial_pitch_release,isaac_rel_25deg_03,25.0000,0,0.103885,0.846337,0.262122,-1.008523,-0.004878,0.001390,0.679244,0.694360,0.382480,0.321313,0.685832,0.704660,,
0.2100,isaac,initial_pitch_release,isaac_rel_25deg_03,25.0000,0,0.116829,0.874390,0.247906,-0.945214,-0.004951,-0.013382,0.685832,0.704660,0.386576,0.327288,0.692760,0.717042,,
0.2250,isaac,initial_pitch_release,isaac_rel_25deg_03,25.0000,0,0.130202,0.901401,0.234131,-0.912109,-0.005202,-0.025128,0.692760,0.717042,0.393660,0.332435,0.704696,0.727672,,
0.2400,isaac,initial_pitch_release,isaac_rel_25deg_03,25.0000,0,0.143925,0.922220,0.220734,-0.883645,-0.005681,-0.044717,0.704696,0.727672,0.396573,0.331530,0.709587,0.725805,,
0.2550,isaac,initial_pitch_release,isaac_rel_25deg_03,25.0000,0,0.157916,0.936918,0.207808,-0.831782,-0.006481,-0.069602,0.709587,0.725805,0.397621,0.329929,0.711343,0.722501,,
0.2700,isaac,initial_pitch_release,isaac_rel_25deg_03,25.0000,0,0.172043,0.940733,0.196076,-0.721781,-0.007614,-0.089728,0.711343,0.722501,0.401649,0.331747,0.718081,0.726253,,
0.2850,isaac,initial_pitch_release,isaac_rel_25deg_03,25.0000,0,0.186217,0.943390,0.186044,-0.604914,-0.009005,-0.103805,0.718081,0.726253,0.403510,0.325332,0.721187,0.712993,,
0.3000,isaac,initial_pitch_release,isaac_rel_25deg_03,25.0000,0,0.200420,0.944489,0.177778,-0.486414,-0.010577,-0.111983,0.721187,0.712993,0.400181,0.313061,0.715628,0.687481,,
0.3150,isaac,initial_pitch_release,isaac_rel_25deg_03,25.0000,0,0.214638,0.945649,0.171266,-0.370188,-0.012218,-0.111699,0.715628,0.687481,0.399541,0.307272,0.714556,0.675379,,
0.3300,isaac,initial_pitch_release,isaac_rel_25deg_03,25.0000,0,0.228862,0.945213,0.166480,-0.255744,-0.013819,-0.104832,0.714556,0.675379,0.403647,0.310718,0.721415,0.682588,,
0.3450,isaac,initial_pitch_release,isaac_rel_25deg_03,25.0000,0,0.243082,0.944885,0.163348,-0.148343,-0.015253,-0.088601,0.721415,0.682588,0.404148,0.309164,0.722251,0.679339,,
0.3600,isaac,initial_pitch_release,isaac_rel_25deg_03,25.0000,0,0.257287,0.943404,0.161782,-0.048435,-0.016409,-0.067044,0.722251,0.679339,0.403050,0.307915,0.720420,0.676725,,
0.3750,isaac,initial_pitch_release,isaac_rel_25deg_03,25.0000,0,0.271472,0.941996,0.161659,0.046637,-0.017205,-0.040564,0.720420,0.676725,0.398529,0.302955,0.712862,0.666326,,
0.3900,isaac,initial_pitch_release,isaac_rel_25deg_03,25.0000,0,0.285632,0.941369,0.162854,0.130616,-0.017592,-0.014225,0.712862,0.666326,0.399831,0.308036,0.715042,0.676977,,
0.4050,isaac,initial_pitch_release,isaac_rel_25deg_03,25.0000,0,0.299756,0.937090,0.165296,0.214419,-0.017590,0.011409,0.715042,0.676977,0.399194,0.309010,0.713976,0.679017,,
0.4200,isaac,initial_pitch_release,isaac_rel_25deg_03,25.0000,0,-0.002506,0.936409,0.168804,0.275866,-0.017184,0.039946,0.713976,0.679017,0.401707,0.315208,0.718178,0.691958,,
0.4350,isaac,initial_pitch_release,isaac_rel_25deg_03,25.0000,0,-0.304785,0.934868,0.173236,0.337425,-0.016396,0.062013,0.718178,0.691958,0.412214,0.402470,0.735655,0.868677,,
0.4500,isaac,initial_pitch_release,isaac_rel_25deg_03,25.0000,0,-0.290724,0.931962,0.178561,0.394919,-0.015308,0.079723,0.735655,0.868677,0.427582,0.375193,0.760962,0.814589,,
0.4650,isaac,initial_pitch_release,isaac_rel_25deg_03,25.0000,0,-0.276666,0.934446,0.184669,0.442491,-0.013984,0.092637,0.760962,0.814589,0.422759,0.385478,0.753053,0.835111,,
0.4800,isaac,initial_pitch_release,isaac_rel_25deg_03,25.0000,0,-0.262618,0.931997,0.191659,0.511372,-0.012559,0.092598,0.753053,0.835111,0.428816,0.408025,0.762981,0.879557,,
0.4950,isaac,initial_pitch_release,isaac_rel_25deg_03,25.0000,0,-0.248580,0.932931,0.199642,0.576482,-0.011195,0.085275,0.762981,0.879557,0.437573,0.418477,0.777248,0.899901,,
0.5100,isaac,initial_pitch_release,isaac_rel_25deg_03,25.0000,0,-0.234543,0.935274,0.208728,0.657943,-0.009990,0.072141,0.777248,0.899901,0.447953,0.436418,0.794026,0.934431,,
0.5250,isaac,initial_pitch_release,isaac_rel_25deg_03,25.0000,0,-0.220532,0.929869,0.219236,0.766585,-0.009004,0.058864,0.794026,0.934431,0.458817,0.446417,0.811430,0.953456,,
0.5400,isaac,initial_pitch_release,isaac_rel_25deg_03,25.0000,0,-0.206522,0.932201,0.231257,0.861327,-0.008360,0.030160,0.811430,0.953456,0.471709,0.464122,0.831873,0.986754,,
0.5550,isaac,initial_pitch_release,isaac_rel_25deg_03,25.0000,0,-0.192435,0.942003,0.244356,0.900419,-0.008210,-0.003743,0.831873,0.986754,0.490777,0.479067,0.861687,1.014467,,
0.5700,isaac,initial_pitch_release,isaac_rel_25deg_03,25.0000,0,-0.178181,0.952839,0.257755,0.920900,-0.008537,-0.031906,0.861687,1.014467,0.501354,0.488836,0.878005,1.032384,,
0.5850,isaac,initial_pitch_release,isaac_rel_25deg_03,25.0000,0,-0.163773,0.962876,0.271418,0.942510,-0.009231,-0.050556,0.878005,1.032384,0.513291,0.503011,0.896228,1.058102,,
0.6000,isaac,initial_pitch_release,isaac_rel_25deg_03,25.0000,0,-0.149233,0.970411,0.285345,0.965507,-0.010150,-0.060622,0.896228,1.058102,0.519691,0.509235,0.905915,1.069287,,
0.6150,isaac,initial_pitch_release,isaac_rel_25deg_03,25.0000,0,-0.134578,0.978023,0.299494,0.982063,-0.011165,-0.063800,0.905915,1.069287,0.529410,0.523631,0.920512,1.094909,,
0.6300,isaac,initial_pitch_release,isaac_rel_25deg_03,25.0000,0,-0.119835,0.982762,0.313849,0.998565,-0.012162,-0.060188,0.920512,1.094909,0.537570,0.536509,0.932662,1.117530,,
0.6450,isaac,initial_pitch_release,isaac_rel_25deg_03,25.0000,0,-0.105030,0.986065,0.328362,1.011218,-0.013052,-0.051385,0.932662,1.117530,0.544790,0.550356,0.943332,1.141539,,
0.6600,isaac,initial_pitch_release,isaac_rel_25deg_03,25.0000,0,-0.090192,0.987018,0.342996,1.020992,-0.013772,-0.039905,0.943332,1.141539,0.558245,0.574997,0.963012,1.183442,,
0.6750,isaac,initial_pitch_release,isaac_rel_25deg_03,25.0000,0,-0.075347,0.986706,0.357710,1.027950,-0.014271,-0.025057,0.963012,1.183442,0.565863,0.588576,0.974036,1.206082,,
0.6900,isaac,initial_pitch_release,isaac_rel_25deg_03,25.0000,0,-0.060523,0.984023,0.372479,1.032580,-0.014511,-0.008389,0.974036,1.206082,0.568839,0.597846,0.978319,1.221353,,
0.7050,isaac,initial_pitch_release,isaac_rel_25deg_03,25.0000,0,-0.045739,0.981049,0.387276,1.035370,-0.014476,0.008622,0.978319,1.221353,0.575332,0.620639,0.987620,1.258256,,
0.7200,isaac,initial_pitch_release,isaac_rel_25deg_03,25.0000,0,-0.031011,0.976700,0.402092,1.036168,-0.014205,0.022088,0.987620,1.258256,0.580271,0.632235,0.994653,1.276681,,
0.7350,isaac,initial_pitch_release,isaac_rel_25deg_03,25.0000,0,-0.016347,0.972328,0.416912,1.036965,-0.013734,0.033473,0.994653,1.276681,0.585473,0.645935,1.002020,1.298141,,
0.7500,isaac,initial_pitch_release,isaac_rel_25deg_03,25.0000,0,-0.001747,0.967790,0.431725,1.035442,-0.013107,0.042037,1.002020,1.298141,0.592296,0.664059,1.011622,1.326021,,
0.7650,isaac,initial_pitch_release,isaac_rel_25deg_03,25.0000,0,0.012798,0.964948,0.446515,1.031918,-0.012381,0.046759,1.011622,1.326021,0.601219,0.673451,1.024076,1.340241,,
0.7800,isaac,initial_pitch_release,isaac_rel_25deg_03,25.0000,0,0.027297,0.962019,0.461293,1.032280,-0.011643,0.045330,1.024076,1.340241,0.606281,0.676230,1.031088,1.344419,,
0.7950,isaac,initial_pitch_release,isaac_rel_25deg_03,25.0000,0,0.041769,0.961249,0.476045,1.028835,-0.010959,0.040827,1.031088,1.344419,0.619304,0.698456,1.048950,1.377338,,
0.8100,isaac,initial_pitch_release,isaac_rel_25deg_03,25.0000,0,0.056232,0.961023,0.490804,1.031830,-0.010400,0.030986,1.048950,1.377338,0.630735,0.708108,1.064420,1.391362,,
0.8250,isaac,initial_pitch_release,isaac_rel_25deg_03,25.0000,0,0.000000,0.122654,-0.102643,0.405128,0.000000,0.000000,1.064420,1.391362,0.634691,0.710179,0.000000,0.000000,,
0.0000,isaac,initial_pitch_release,isaac_rel_25deg_04,25.0000,0,0.000000,0.000000,0.436332,0.000000,0.000000,0.000000,0.000000,0.000000,0.000000,0.000000,0.000000,0.000000,,
0.0150,isaac,initial_pitch_release,isaac_rel_25deg_04,25.0000,0,0.000619,0.073499,0.435891,-0.056655,0.000014,0.003506,0.000000,0.000000,0.166775,0.075901,0.124248,0.000000,,
0.0300,isaac,initial_pitch_release,isaac_rel_25deg_04,25.0000,0,0.003734,0.064740,0.435715,0.118373,0.000173,-0.094230,0.124248,0.000000,0.480013,0.515164,0.512718,0.778583,,
0.0450,isaac,initial_pitch_release,isaac_rel_25deg_04,25.0000,0,0.005586,0.168095,0.433799,-0.360772,-0.001419,-0.133011,0.512718,0.778583,0.487025,0.488616,0.604380,0.734343,,
0.0600,isaac,initial_pitch_release,isaac_rel_25deg_04,25.0000,0,0.008879,0.257729,0.425651,-0.698269,-0.003576,-0.147973,0.604380,0.734343,0.448960,0.425243,0.584681,0.624435,,
0.0750,isaac,initial_pitch_release,isaac_rel_25deg_04,25.0000,0,0.013436,0.328426,0.413031,-0.923793,-0.005843,-0.137754,0.584681,0.624435,0.432067,0.399808,0.562395,0.578687,,
0.0900,isaac,initial_pitch_release,isaac_rel_25deg_04,25.0000,0,0.018820,0.374810,0.399236,-0.921559,-0.007647,-0.096825,0.562395,0.578687,0.413406,0.371811,0.537373,0.527296,,
0.1050,isaac,initial_pitch_release,isaac_rel_25deg_04,25.0000,0,0.024850,0.417618,0.385382,-0.925793,-0.008985,-0.074003,0.537373,0.527296,0.403841,0.376120,0.521474,0.535274,,
0.1200,isaac,initial_pitch_release,isaac_rel_25deg_04,25.0000,0,0.031495,0.457554,0.371533,-0.921868,-0.010048,-0.059870,0.521474,0.535274,0.392399,0.371215,0.505406,0.526192,,
0.1350,isaac,initial_pitch_release,isaac_rel_25deg_04,25.0000,0,0.038716,0.494783,0.357731,-0.920364,-0.010923,-0.048882,0.505406,0.526192,0.380299,0.362683,0.488459,0.510316,,
0.1500,isaac,initial_pitch_release,isaac_rel_25deg_04,25.0000,0,0.046484,0.530744,0.343951,-0.916675,-0.011663,-0.042072,0.488459,0.510316,0.372739,0.359776,0.476309,0.504886,,
0.1650,isaac,initial_pitch_release,isaac_rel_25deg_04,25.0000,0,0.054777,0.566309,0.330195,-0.916650,-0.012311,-0.036895,0.476309,0.504886,0.363795,0.355751,0.463591,0.497350,,
0.1800,isaac,initial_pitch_release,isaac_rel_25deg_04,25.0000,0,0.063569,0.597450,0.316470,-0.911691,-0.012902,-0.034835,0.463591,0.497350,0.355281,0.349849,0.451177,0.486260,,
0.1950,isaac,initial_pitch_release,isaac_rel_25deg_04,25.0000,0,0.072829,0.627481,0.302805,-0.908504,-0.013416,-0.028690,0.451177,0.486260,0.346594,0.338318,0.438575,0.464467,,
0.2100,isaac,initial_pitch_release,isaac_rel_25deg_04,25.0000,0,0.082554,0.659184,0.289096,-0.913201,-0.013884,-0.029973,0.438575,0.464467,0.347175,0.344563,0.436499,0.476290,,
0.2250,isaac,initial_pitch_release,isaac_rel_25deg_04,25.0000,0,0.092740,0.689960,0.275385,-0.913759,-0.014294,-0.024004,0.436499,0.476290,0.349814,0.336182,0.439060,0.460412,,
0.2400,isaac,initial_pitch_release,isaac_rel_25deg_04,25.0000,0,0.103397,0.721504,0.261579,-0.920969,-0.014596,-0.017444,0.439060,0.460412,0.360402,0.340237,0.451654,0.468105,,
0.2550,isaac,initial_pitch_release,isaac_rel_25deg_04,25.0000,0,0.114516,0.752403,0.247783,-0.920947,-0.014753,-0.005560,0.451654,0.468105,0.356680,0.330361,0.450171,0.449333,,
0.2700,isaac,initial_pitch_release,isaac_rel_25deg_04,25.0000,0,0.126090,0.782132,0.233989,-0.919215,-0.014762,0.001053,0.450171,0.449333,0.353570,0.325310,0.446313,0.439687,,
0.2850,isaac,initial_pitch_release,isaac_rel_25deg_04,25.0000,0,0.138135,0.814611,0.220140,-0.928087,-0.014654,0.005901,0.446313,0.439687,0.361222,0.327893,0.454160,0.444624,,
0.3000,isaac,initial_pitch_release,isaac_rel_25deg_04,25.0000,0,0.150652,0.845773,0.206252,-0.927303,-0.014434,0.015294,0.454160,0.444624,0.365231,0.322657,0.460397,0.434607,,
0.3150,isaac,initial_pitch_release,isaac_rel_25deg_04,25.0000,0,0.163660,0.878543,0.192316,-0.934865,-0.014089,0.022089,0.460397,0.434607,0.369569,0.324171,0.466643,0.437506,,
0.3300,isaac,initial_pitch_release,isaac_rel_25deg_04,25.0000,0,0.177092,0.905167,0.178540,-0.915298,-0.013874,-0.001785,0.466643,0.437506,0.370342,0.318222,0.468871,0.426098,,
0.3450,isaac,initial_pitch_release,isaac_rel_25deg_04,25.0000,0,0.190886,0.927285,0.164981,-0.900085,-0.014127,-0.041602,0.468871,0.426098,0.370781,0.308504,0.469850,0.407370,,
0.3600,isaac,initial_pitch_release,isaac_rel_25deg_04,25.0000,0,0.204959,0.943834,0.151715,-0.873594,-0.014906,-0.072537,0.469850,0.407370,0.371406,0.295187,0.470765,0.381530,,
0.3750,isaac,initial_pitch_release,isaac_rel_25deg_04,25.0000,0,0.219206,0.949715,0.139031,-0.809169,-0.016033,-0.085868,0.470765,0.381530,0.370753,0.284460,0.470230,0.360571,,
0.3900,isaac,initial_pitch_release,isaac_rel_25deg_04,25.0000,0,0.233517,0.952718,0.127428,-0.728973,-0.017258,-0.084013,0.470230,0.360571,0.370108,0.277618,0.469388,0.347136,,
0.4050,isaac,initial_pitch_release,isaac_rel_25deg_04,25.0000,0,0.247847,0.951815,0.117009,-0.650648,-0.018384,-0.070378,0.469388,0.347136,0.366177,0.269472,0.464777,0.331078,,
0.4200,isaac,initial_pitch_release,isaac_rel_25deg_04,25.0000,0,0.262192,0.954633,0.107595,-0.592887,-0.019285,-0.051167,0.464777,0.331078,0.364209,0.266450,0.461551,0.325103,,
0.4350,isaac,initial_pitch_release,isaac_rel_25deg_04,25.0000,0,0.276540,0.953331,0.099040,-0.537219,-0.019848,-0.025002,0.461551,0.325103,0.359051,0.260864,0.455013,0.314033,,
0.4500,isaac,initial_pitch_release,isaac_rel_25deg_04,25.0000,0,0.290887,0.954336,0.091166,-0.501270,-0.020017,0.003482,0.455013,0.314033,0.354207,0.255814,0.448091,0.304000,,
0.4650,isaac,initial_pitch_release,isaac_rel_25deg_04,25.0000,0,0.305236,0.953898,0.083744,-0.475172,-0.019770,0.032835,0.448091,0.304000,0.351506,0.256875,0.443510,0.306109,,
0.4800,isaac,initial_pitch_release,isaac_rel_25deg_04,25.0000,0,0.003230,0.954881,0.076582,-0.466957,-0.019108,0.059512,0.443510,0.306109,0.345358,0.250840,0.435494,0.294091,,
0.4950,isaac,initial_pitch_release,isaac_rel_25deg_04,25.0000,0,-0.298767,0.955314,0.069495,-0.466352,-0.018092,0.081086,0.435494,0.294091,0.348147,0.317235,0.436939,0.424201,,
0.5100,isaac,initial_pitch_release,isaac_rel_25deg_04,25.0000,0,-0.284393,0.956806,0.062332,-0.476122,-0.016788,0.098302,0.436939,0.424201,0.363041,0.304168,0.454180,0.398978,,
0.5250,isaac,initial_pitch_release,isaac_rel_25deg_04,25.0000,0,-0.269998,0.957880,0.054972,-0.492530,-0.015287,0.107953,0.454180,0.398978,0.354044,0.296909,0.447725,0.384882,,
0.5400,isaac,initial_pitch_release,isaac_rel_25deg_04,25.0000,0,-0.255570,0.961104,0.047318,-0.515209,-0.013694,0.110542,0.447725,0.384882,0.346685,0.289918,0.437928,0.371252,,
0.5550,isaac,initial_pitch_release,isaac_rel_25deg_04,25.0000,0,-0.241108,0.963010,0.039351,-0.534034,-0.012131,0.102871,0.437928,0.371252,0.345443,0.292353,0.434377,0.376005,,
0.5700,isaac,initial_pitch_release,isaac_rel_25deg_04,25.0000,0,-0.226606,0.966617,0.031083,-0.555782,-0.010721,0.088910,0.434377,0.376005,0.342678,0.288372,0.430438,0.368230,,
0.5850,isaac,initial_pitch_release,isaac_rel_25deg_04,25.0000,0,-0.212058,0.970921,0.022548,-0.569927,-0.009566,0.068044,0.430438,0.368230,0.344071,0.290586,0.431179,0.372555,,
0.6000,isaac,initial_pitch_release,isaac_rel_25deg_04,25.0000,0,-0.197473,0.971954,0.013880,-0.573757,-0.008724,0.046101,0.431179,0.372555,0.340931,0.282170,0.427740,0.356080,,
0.6150,isaac,initial_pitch_release,isaac_rel_25deg_04,25.0000,0,-0.182835,0.976113,0.005087,-0.586493,-0.008268,0.013477,0.427740,0.356080,0.341866,0.282539,0.428064,0.356805,,
0.6300,isaac,initial_pitch_release,isaac_rel_25deg_04,25.0000,0,-0.168138,0.980147,-0.003806,-0.588687,-0.008272,-0.017066,0.428064,0.356805,0.342945,0.278528,0.429372,0.348926,,
0.6450,isaac,initial_pitch_release,isaac_rel_25deg_04,25.0000,0,-0.153392,0.982734,-0.012657,-0.581944,-0.008712,-0.046730,0.429372,0.348926,0.335847,0.270248,0.421503,0.332611,,
0.6600,isaac,initial_pitch_release,isaac_rel_25deg_04,25.0000,0,-0.138604,0.986037,-0.021408,-0.575427,-0.009557,-0.071915,0.421503,0.332611,0.337728,0.271638,0.421956,0.335355,,
0.6750,isaac,initial_pitch_release,isaac_rel_25deg_04,25.0000,0,-0.123778,0.987820,-0.030026,-0.565749,-0.010720,-0.089964,0.421956,0.335355,0.331162,0.262850,0.414487,0.317972,,
0.6900,isaac,initial_pitch_release,isaac_rel_25deg_04,25.0000,0,-0.108920,0.990345,-0.038527,-0.560215,-0.012094,-0.100882,0.414487,0.317972,0.325304,0.256745,0.406086,0.305850,,
0.7050,isaac,initial_pitch_release,isaac_rel_25deg_04,25.0000,0,-0.094037,0.991029,-0.046954,-0.557024,-0.013574,-0.103911,0.406086,0.305850,0.324460,0.255707,0.403280,0.303787,,
0.7200,isaac,initial_pitch_release,isaac_rel_25deg_04,25.0000,0,-0.079135,0.992917,-0.055413,-0.564016,-0.015051,-0.098666,0.403280,0.303787,0.318947,0.251992,0.396264,0.296388,,
0.7350,isaac,initial_pitch_release,isaac_rel_25deg_04,25.0000,0,-0.064222,0.993106,-0.064026,-0.578008,-0.016384,-0.084297,0.396264,0.296388,0.306040,0.239539,0.379658,0.271490,,
0.7500,isaac,initial_pitch_release,isaac_rel_25deg_04,25.0000,0,-0.049303,0.993610,-0.072954,-0.605174,-0.017451,-0.061209,0.379658,0.271490,0.290631,0.226384,0.357892,0.245028,,
0.7650,isaac,initial_pitch_release,isaac_rel_25deg_04,25.0000,0,-0.034380,0.993556,-0.082420,-0.648448,-0.018150,-0.034512,0.357892,0.245028,0.274580,0.212890,0.334079,0.217724,,
0.7800,isaac,initial_pitch_release,isaac_rel_25deg_04,25.0000,0,-0.019451,0.994514,-0.092663,-0.709131,-0.018445,-0.004206,0.334079,0.217724,0.235725,0.171412,0.282046,0.132865,,
0.7950,isaac,initial_pitch_release,isaac_rel_25deg_04,25.0000,0,-0.004540,0.991592,-0.103770,-0.764563,-0.018223,0.036309,0.282046,0.132865,0.218752,0.160580,0.249991,0.110494,,
0.8100,isaac,initial_pitch_release,isaac_rel_25deg_04,25.0000,0,0.010276,0.982576,-0.115478,-0.791912,-0.017208,0.103640,0.249991,0.110494,0.182536,0.138405,0.198267,0.064464,,
0.8250,isaac,initial_pitch_release,isaac_rel_25deg_04,25.0000,0,0.024851,0.960839,-0.127087,-0.754815,-0.015285,0.159851,0.198267,0.064464,0.138053,0.121736,0.131258,0.029674,,
0.8400,isaac,initial_pitch_release,isaac_rel_25deg_04,25.0000,0,0.039032,0.931007,-0.137755,-0.670311,-0.012697,0.193188,0.131258,0.029674,0.106343,0.114894,0.076507,0.015353,,
0.8550,isaac,initial_pitch_release,isaac_rel_25deg_04,25.0000,0,0.052685,0.890593,-0.146719,-0.530808,-0.009812,0.199717,0.076507,0.015353,0.049389,0.064360,0.016634,0.000000,,
0.8700,isaac,initial_pitch_release,isaac_rel_25deg_04,25.0000,0,0.065772,0.855415,-0.153710,-0.405733,-0.006850,0.200934,0.016634,0.000000,0.064742,0.080043,0.003617,0.000000,,
0.8850,isaac,initial_pitch_release,isaac_rel_25deg_04,25.0000,0,0.078340,0.822982,-0.159001,-0.303374,-0.003873,0.200623,0.003617,0.000000,0.035869,0.042329,0.000786,0.000000,,
0.9000,isaac,initial_pitch_release,isaac_rel_25deg_04,25.0000,0,0.090453,0.793802,-0.162911,-0.220109,-0.000882,0.201448,0.000786,0.000000,0.032862,0.030804,0.000171,0.000000,,
0.9150,isaac,initial_pitch_release,isaac_rel_25deg_04,25.0000,0,0.102166,0.769250,-0.165735,-0.156218,0.002128,0.202500,0.000171,0.000000,0.023918,0.012763,0.000037,0.000000,,
0.9300,isaac,initial_pitch_release,isaac_rel_25deg_04,25.0000,0,0.113534,0.747963,-0.167735,-0.110056,0.005162,0.204389,0.000037,0.000000,0.018319,-0.001851,0.000008,0.000000,,
0.9450,isaac,initial_pitch_release,isaac_rel_25deg_04,25.0000,0,0.124607,0.729716,-0.169145,-0.076920,0.008247,0.207993,0.000008,0.000000,0.008963,-0.015953,0.000002,0.000000,,
0.9600,isaac,initial_pitch_release,isaac_rel_25deg_04,25.0000,0,0.135427,0.713904,-0.170160,-0.056501,0.011367,0.210471,0.000002,0.000000,0.013659,-0.013248,0.000000,0.000000,,
0.9750,isaac,initial_pitch_release,isaac_rel_25deg_04,25.0000,0,0.146030,0.700767,-0.170961,-0.047305,0.014507,0.211126,0.000000,0.000000,0.002263,-0.031211,0.000000,0.000000,,
0.9900,isaac,initial_pitch_release,isaac_rel_25deg_04,25.0000,0,0.156451,0.689547,-0.171710,-0.048885,0.017654,0.210444,0.000000,0.000000,0.002568,-0.031942,0.000000,0.000000,,
1.0050,isaac,initial_pitch_release,isaac_rel_25deg_04,25.0000,0,0.166716,0.679770,-0.172548,-0.058437,0.020782,0.207782,0.000000,0.000000,-0.024249,-0.068161,0.000000,0.000000,,
1.0200,isaac,initial_pitch_release,isaac_rel_25deg_04,25.0000,0,0.176835,0.669534,-0.173511,-0.064993,0.023926,0.212238,0.000000,0.000000,-0.028570,-0.076972,0.000000,-0.011063,,
1.0350,isaac,initial_pitch_release,isaac_rel_25deg_04,25.0000,0,0.186790,0.658302,-0.174493,-0.061078,0.027182,0.222785,0.000000,-0.011063,-0.034293,-0.085315,0.000000,-0.028655,,
1.0500,isaac,initial_pitch_release,isaac_rel_25deg_04,25.0000,0,0.196443,0.632540,-0.174677,0.037943,0.030986,0.285328,0.000000,-0.028655,-0.074036,-0.131861,0.000000,-0.126282,,
1.0650,isaac,initial_pitch_release,isaac_rel_25deg_04,25.0000,0,0.205835,0.622053,-0.174298,0.022438,0.035313,0.292932,0.000000,-0.126282,-0.046718,-0.086953,0.000000,-0.032106,,
1.0800,isaac,initial_pitch_release,isaac_rel_25deg_04,25.0000,0,0.215059,0.608980,-0.173983,0.026092,0.039809,0.308509,0.000000,-0.032106,-0.060894,-0.096809,0.000000,-0.052851,,
1.0950,isaac,initial_pitch_release,isaac_rel_25deg_04,25.0000,0,0.224169,0.605933,-0.174089,-0.030826,0.044296,0.290509,0.000000,-0.052851,-0.039222,-0.067428,0.000000,0.000000,,
1.1100,isaac,initial_pitch_release,isaac_rel_25deg_04,25.0000,0,0.233120,0.586507,-0.174399,-0.007228,0.048813,0.312312,0.000000,0.000000,-0.069342,-0.108430,0.000000,-0.077261,,
1.1250,isaac,initial_pitch_release,isaac_rel_25deg_04,25.0000,0,0.241791,0.565787,-0.174222,0.034415,0.053719,0.338780,0.000000,-0.077261,-0.079834,-0.119778,0.000000,-0.101037,,
1.1400,isaac,initial_pitch_release,isaac_rel_25deg_04,25.0000,0,0.250146,0.544783,-0.173369,0.082894,0.059119,0.375243,0.000000,-0.101037,-0.092248,-0.126163,0.000000,-0.114388,,
1.1550,isaac,initial_pitch_release,isaac_rel_25deg_04,25.0000,0,0.258163,0.523332,-0.171751,0.135843,0.065048,0.413003,0.000000,-0.114388,-0.107985,-0.130725,0.000000,-0.123912,,
1.1700,isaac,initial_pitch_release,isaac_rel_25deg_04,25.0000,0,0.265909,0.508723,-0.169753,0.136668,0.071312,0.420723,0.000000,-0.123912,-0.102495,-0.108399,0.000000,-0.077196,,
1.1850,isaac,initial_pitch_release,isaac_rel_25deg_04,25.0000,0,0.273458,0.497044,-0.167865,0.121223,0.077618,0.418682,0.000000,-0.077196,-0.099248,-0.101874,0.000000,-0.063498,,
1.2000,isaac,initial_pitch_release,isaac_rel_25deg_04,25.0000,0,0.280787,0.479956,-0.165962,0.134817,0.084001,0.431337,0.000000,-0.063498,-0.109616,-0.115136,0.000000,-0.091319,,
1.2150,isaac,initial_pitch_release,isaac_rel_25deg_04,25.0000,0,0.287822,0.458020,-0.163609,0.178604,0.090640,0.452668,0.000000,-0.091319,-0.124067,-0.126571,-0.005400,-0.115239,,
1.2300,isaac,initial_pitch_release,isaac_rel_25deg_04,25.0000,0,0.294544,0.438060,-0.160649,0.215453,0.097543,0.465174,-0.005400,-0.115239,-0.127651,-0.121815,-0.011112,-0.105298,,
1.2450,isaac,initial_pitch_release,isaac_rel_25deg_04,25.0000,0,-0.015319,0.426772,-0.157556,0.198204,0.104517,0.461179,-0.011112,-0.105298,-0.116576,-0.102143,-0.002416,-0.064063,,
1.2600,isaac,initial_pitch_release,isaac_rel_25deg_04,25.0000,0,-0.008921,0.426318,-0.155118,0.130720,0.111124,0.419219,-0.002416,-0.064063,-0.132123,-0.038099,-0.016120,0.000000,,
1.2750,isaac,initial_pitch_release,isaac_rel_25deg_04,25.0000,0,-0.002602,0.416514,-0.153437,0.095229,0.116997,0.362448,-0.016120,0.000000,-0.148484,-0.073486,-0.039735,-0.003704,,
1.2900,isaac,initial_pitch_release,isaac_rel_25deg_04,25.0000,0,0.003547,0.401079,-0.151952,0.101663,0.122228,0.334551,-0.039735,-0.003704,-0.147613,-0.089947,-0.043773,-0.038412,,
1.3050,isaac,initial_pitch_release,isaac_rel_25deg_04,25.0000,0,0.009460,0.386979,-0.150247,0.123775,0.127063,0.312378,-0.043773,-0.038412,-0.147537,-0.097879,-0.044556,-0.055101,,
1.3200,isaac,initial_pitch_release,isaac_rel_25deg_04,25.0000,0,0.015239,0.384175,-0.148892,0.058295,0.131560,0.287616,-0.044556,-0.055101,-0.123320,-0.075102,-0.014142,-0.007116,,
1.3350,isaac,initial_pitch_release,isaac_rel_25deg_04,25.0000,0,0.020773,0.356803,-0.147281,0.149337,0.136023,0.308336,-0.014142,-0.007116,-0.154441,-0.128191,-0.046795,-0.118622,,
1.3500,isaac,initial_pitch_release,isaac_rel_25deg_04,25.0000,0,-0.290330,0.344429,-0.145109,0.139583,0.140576,0.299484,-0.046795,-0.118622,-0.139534,-0.092779,-0.035128,-0.044375,,
1.3650,isaac,initial_pitch_release,isaac_rel_25deg_04,25.0000,0,-0.285265,0.331766,-0.142933,0.147730,0.145089,0.303364,-0.035128,-0.044375,-0.139646,-0.101975,-0.032733,-0.063710,,
1.3800,isaac,initial_pitch_release,isaac_rel_25deg_04,25.0000,0,-0.280278,0.333704,-0.141397,0.059671,0.149544,0.292308,-0.032733,-0.063710,-0.119290,-0.072568,-0.007117,-0.001766,,
1.3950,isaac,initial_pitch_release,isaac_rel_25deg_04,25.0000,0,-0.275415,0.316891,-0.140244,0.089644,0.154035,0.308410,-0.007117,-0.001766,-0.147292,-0.109473,-0.036278,-0.079448,,
1.4100,isaac,initial_pitch_release,isaac_rel_25deg_04,25.0000,0,-0.270740,0.307784,-0.139040,0.069570,0.158642,0.306585,-0.036278,-0.079448,-0.140539,-0.091150,-0.034109,-0.040945,,
1.4250,isaac,initial_pitch_release,isaac_rel_25deg_04,25.0000,0,-0.266258,0.292004,-0.137756,0.096793,0.163296,0.315478,-0.034109,-0.040945,-0.153033,-0.105774,-0.049367,-0.071688,,
1.4400,isaac,initial_pitch_release,isaac_rel_25deg_04,25.0000,0,-0.262042,0.272438,-0.135916,0.143350,0.168063,0.321399,-0.049367,-0.071688,-0.161833,-0.109129,-0.063727,-0.078728,,
1.4550,isaac,initial_pitch_release,isaac_rel_25deg_04,25.0000,0,-0.258021,0.265143,-0.133937,0.119335,0.172824,0.314775,-0.063727,-0.078728,-0.146484,-0.088585,-0.047568,-0.035545,,
1.4700,isaac,initial_pitch_release,isaac_rel_25deg_04,25.0000,0,-0.254175,0.249198,-0.131928,0.144212,0.177585,0.321276,-0.047568,-0.035545,-0.158260,-0.104208,-0.058856,-0.068400,,
1.4850,isaac,initial_pitch_release,isaac_rel_25deg_04,25.0000,0,-0.250462,0.246089,-0.130105,0.098099,0.182319,0.312029,-0.058856,-0.068400,-0.144156,-0.082565,-0.043577,-0.022859,,
1.5000,isaac,initial_pitch_release,isaac_rel_25deg_04,25.0000,0,-0.246914,0.228885,-0.128293,0.137383,0.187077,0.323358,-0.043577,-0.022859,-0.162815,-0.109582,-0.063699,-0.079677,,
1.5150,isaac,initial_pitch_release,isaac_rel_25deg_04,25.0000,0,-0.243578,0.217515,-0.126164,0.143351,0.191896,0.319706,-0.063699,-0.079677,-0.161013,-0.096134,-0.065816,-0.051431,,
1.5300,isaac,initial_pitch_release,isaac_rel_25deg_04,25.0000,0,-0.240379,0.210245,-0.124139,0.124558,0.196648,0.315128,-0.065816,-0.051431,-0.154631,-0.089622,-0.058268,-0.037729,,
1.5450,isaac,initial_pitch_release,isaac_rel_25deg_04,25.0000,0,-0.237321,0.199406,-0.122206,0.130083,0.201393,0.318447,-0.058268,-0.037729,-0.158541,-0.098620,-0.061534,-0.056660,,
1.5600,isaac,initial_pitch_release,isaac_rel_25deg_04,25.0000,0,-0.234558,0.172432,-0.119425,0.232472,0.206293,0.334418,-0.061534,-0.056660,-0.186548,-0.125680,-0.097216,-0.113377,,
1.5750,isaac,initial_pitch_release,isaac_rel_25deg_04,25.0000,0,-0.231939,0.176980,-0.116604,0.145524,0.211205,0.320233,-0.097216,-0.113377,-0.135071,-0.065288,-0.040456,0.000000,,
1.5900,isaac,initial_pitch_release,isaac_rel_25deg_04,25.0000,0,-0.229454,0.157133,-0.113889,0.210845,0.216103,0.333913,-0.040456,0.000000,-0.178127,-0.115921,-0.082154,-0.092962,,
1.6050,isaac,initial_pitch_release,isaac_rel_25deg_04,25.0000,0,-0.227105,0.155653,-0.111149,0.157350,0.220981,0.316524,-0.082154,-0.092962,-0.152442,-0.076691,-0.059070,-0.010469,,
1.6200,isaac,initial_pitch_release,isaac_rel_25deg_04,25.0000,0,-0.224814,0.150692,-0.108908,0.142221,0.225708,0.314950,-0.059070,-0.010469,-0.158026,-0.090880,-0.061063,-0.040377,,
1.6350,isaac,initial_pitch_release,isaac_rel_25deg_04,25.0000,0,-0.222546,0.152292,-0.107324,0.071769,0.230318,0.301303,-0.061063,-0.040377,-0.146746,-0.073394,-0.047318,-0.003510,,
1.6500,isaac,initial_pitch_release,isaac_rel_25deg_04,25.0000,0,-0.220440,0.130989,-0.105593,0.153211,0.234955,0.318358,-0.047318,-0.003510,-0.181044,-0.119297,-0.087280,-0.100030,,
1.6650,isaac,initial_pitch_release,isaac_rel_25deg_04,25.0000,0,-0.218549,0.122816,-0.103318,0.149741,0.239664,0.310741,-0.087280,-0.100030,-0.164955,-0.090586,-0.075881,-0.039758,,
1.6800,isaac,initial_pitch_release,isaac_rel_25deg_04,25.0000,0,-0.216770,0.114703,-0.101106,0.145449,0.244259,0.303012,-0.075881,-0.039758,-0.164366,-0.090366,-0.072664,-0.039295,,
1.6950,isaac,initial_pitch_release,isaac_rel_25deg_04,25.0000,0,-0.215078,0.111226,-0.099125,0.120782,0.248749,0.297123,-0.072664,-0.039295,-0.158197,-0.086654,-0.064233,-0.031478,,
1.7100,isaac,initial_pitch_release,isaac_rel_25deg_04,25.0000,0,-0.213493,0.101581,-0.097223,0.131454,0.253227,0.301415,-0.064233,-0.031478,-0.166280,-0.097151,-0.072528,-0.053571,,
1.7250,isaac,initial_pitch_release,isaac_rel_25deg_04,25.0000,0,-0.212047,0.092840,-0.095202,0.136912,0.257707,0.296780,-0.072528,-0.053571,-0.168200,-0.093278,-0.076733,-0.045425,,
1.7400,isaac,initial_pitch_release,isaac_rel_25deg_04,25.0000,0,-0.210792,0.077022,-0.092743,0.188422,0.262168,0.299626,-0.076733,-0.045425,-0.178322,-0.106737,-0.090284,-0.073708,,
1.7550,isaac,initial_pitch_release,isaac_rel_25deg_04,25.0000,0,-0.209614,0.080405,-0.090457,0.120633,0.266531,0.283220,-0.090284,-0.073708,-0.149832,-0.070264,-0.057556,0.000000,,
1.7700,isaac,initial_pitch_release,isaac_rel_25deg_04,25.0000,0,-0.208552,0.063589,-0.088179,0.179797,0.270855,0.296354,-0.057556,0.000000,-0.177079,-0.111691,-0.084565,-0.084100,,
1.7850,isaac,initial_pitch_release,isaac_rel_25deg_04,25.0000,0,-0.207609,0.062920,-0.085801,0.139513,0.275166,0.280245,-0.084565,-0.084100,-0.157772,-0.078711,-0.066287,-0.014732,,
1.8000,isaac,initial_pitch_release,isaac_rel_25deg_04,25.0000,0,-0.206723,0.056369,-0.083718,0.138301,0.279369,0.280834,-0.066287,-0.014732,-0.163449,-0.092026,-0.069431,-0.042790,,
1.8150,isaac,initial_pitch_release,isaac_rel_25deg_04,25.0000,0,-0.205902,0.054158,-0.081868,0.110277,0.283505,0.272338,-0.069431,-0.042790,-0.159942,-0.082144,-0.065719,-0.021971,,
1.8300,isaac,initial_pitch_release,isaac_rel_25deg_04,25.0000,0,-0.205101,0.053817,-0.080506,0.074548,0.287523,0.266364,-0.065719,-0.021971,-0.155070,-0.080544,-0.058799,-0.018599,,
1.8450,isaac,initial_pitch_release,isaac_rel_25deg_04,25.0000,0,-0.204419,0.039392,-0.079040,0.119551,0.291541,0.271673,-0.058799,-0.018599,-0.175886,-0.104437,-0.083347,-0.068879,,
1.8600,isaac,initial_pitch_release,isaac_rel_25deg_04,25.0000,0,-0.203981,0.021322,-0.076668,0.192780,0.295643,0.276181,-0.083347,-0.068879,-0.185104,-0.109821,-0.100164,-0.080178,,
1.8750,isaac,initial_pitch_release,isaac_rel_25deg_04,25.0000,0,-0.203757,0.010794,-0.073567,0.220517,0.299720,0.269004,-0.100164,-0.080178,-0.173301,-0.096123,-0.089116,-0.051409,,
1.8900,isaac,initial_pitch_release,isaac_rel_25deg_04,25.0000,0,-0.203562,0.015666,-0.070800,0.153779,0.303633,0.254040,-0.089116,-0.051409,-0.146065,-0.067783,-0.052561,0.000000,,
1.9050,isaac,initial_pitch_release,isaac_rel_25deg_04,25.0000,0,-0.203398,0.008049,-0.068409,0.166119,0.307458,0.257637,-0.052561,0.000000,-0.166147,-0.095310,-0.069823,-0.049698,,
1.9200,isaac,initial_pitch_release,isaac_rel_25deg_04,25.0000,0,-0.203327,0.002894,-0.065955,0.163726,0.311252,0.249982,-0.069823,-0.049698,-0.165176,-0.087371,-0.072362,-0.032987,,
1.9350,isaac,initial_pitch_release,isaac_rel_25deg_04,25.0000,0,-0.203284,0.003860,-0.063818,0.125943,0.314898,0.238061,-0.072362,-0.032987,-0.154303,-0.077018,-0.059279,-0.011159,,
1.9500,isaac,initial_pitch_release,isaac_rel_25deg_04,25.0000,0,-0.203298,-0.003891,-0.061826,0.140501,0.318476,0.241831,-0.059279,-0.011159,-0.163821,-0.094424,-0.068372,-0.047836,,
1.9650,isaac,initial_pitch_release,isaac_rel_25deg_04,25.0000,0,-0.203368,-0.004879,-0.059943,0.114052,0.322004,0.230323,-0.068372,-0.047836,-0.157078,-0.078724,-0.061896,-0.014759,,
1.9800,isaac,initial_pitch_release,isaac_rel_25deg_04,25.0000,0,-0.203442,-0.004463,-0.058490,0.082830,0.325426,0.227893,-0.061896,-0.014759,-0.151979,-0.079893,-0.054083,-0.017224,,
1.9950,isaac,initial_pitch_release,isaac_rel_25deg_04,25.0000,0,-0.203588,-0.013144,-0.057056,0.108024,0.328838,0.230129,-0.054083,-0.017224,-0.167076,-0.094699,-0.071317,-0.048414,,
2.0100,isaac,initial_pitch_release,isaac_rel_25deg_04,25.0000,0,-0.203850,-0.020128,-0.055340,0.121677,0.332241,0.225420,-0.071317,-0.048414,-0.166344,-0.089192,-0.074149,-0.036823,,
2.0250,isaac,initial_pitch_release,isaac_rel_25deg_04,25.0000,0,-0.204116,-0.014902,-0.053993,0.062420,0.335527,0.216727,-0.074149,-0.036823,-0.141171,-0.063960,-0.043139,0.000000,,
2.0400,isaac,initial_pitch_release,isaac_rel_25deg_04,25.0000,0,-0.204433,-0.025541,-0.052772,0.099291,0.338806,0.223081,-0.043139,0.000000,-0.170026,-0.098292,-0.072627,-0.055970,,
2.0550,isaac,initial_pitch_release,isaac_rel_25deg_04,25.0000,0,-0.204858,-0.029218,-0.051283,0.101321,0.342045,0.211173,-0.072627,-0.055970,-0.164178,-0.083876,-0.071722,-0.025623,,
2.0700,isaac,initial_pitch_release,isaac_rel_25deg_04,25.0000,0,-0.205370,-0.036547,-0.049641,0.117274,0.345168,0.208705,-0.071722,-0.025623,-0.163532,-0.090625,-0.070717,-0.039840,,
2.0850,isaac,initial_pitch_release,isaac_rel_25deg_04,25.0000,0,-0.205949,-0.039106,-0.047982,0.106447,0.348248,0.204514,-0.070717,-0.039840,-0.156906,-0.083167,-0.062190,-0.024128,,
2.1000,isaac,initial_pitch_release,isaac_rel_25deg_04,25.0000,0,-0.206622,-0.048718,-0.046113,0.142763,0.351313,0.206223,-0.062190,-0.024128,-0.168496,-0.096269,-0.074856,-0.051717,,
2.1150,isaac,initial_pitch_release,isaac_rel_25deg_04,25.0000,0,-0.207330,-0.044948,-0.044352,0.096221,0.354286,0.192086,-0.074856,-0.051717,-0.148914,-0.071811,-0.053046,-0.000167,,
2.1300,isaac,initial_pitch_release,isaac_rel_25deg_04,25.0000,0,-0.208066,-0.051526,-0.042762,0.116298,0.357176,0.195926,-0.053046,-0.000167,-0.161374,-0.092463,-0.063951,-0.043709,,
2.1450,isaac,initial_pitch_release,isaac_rel_25deg_04,25.0000,0,-0.208805,-0.046512,-0.041453,0.064086,0.360062,0.190094,-0.063951,-0.043709,-0.142853,-0.063568,-0.043043,0.000000,,
2.1600,isaac,initial_pitch_release,isaac_rel_25deg_04,25.0000,0,-0.209527,-0.048543,-0.040580,0.054407,0.362890,0.188905,-0.043043,0.000000,-0.155460,-0.083594,-0.054358,-0.025029,,
2.1750,isaac,initial_pitch_release,isaac_rel_25deg_04,25.0000,0,-0.210287,-0.051604,-0.039779,0.053165,0.365674,0.184080,-0.054358,-0.025029,-0.158844,-0.083489,-0.061064,-0.024808,,
2.1900,isaac,initial_pitch_release,isaac_rel_25deg_04,25.0000,0,-0.211137,-0.059983,-0.038741,0.084974,0.368412,0.182536,-0.061064,-0.024808,-0.168305,-0.091557,-0.074372,-0.041801,,
2.2050,isaac,initial_pitch_release,isaac_rel_25deg_04,25.0000,0,-0.212144,-0.071889,-0.037027,0.142599,0.371169,0.188087,-0.074372,-0.041801,-0.172164,-0.100137,-0.082088,-0.059847,,
2.2200,isaac,initial_pitch_release,isaac_rel_25deg_04,25.0000,0,-0.213224,-0.070740,-0.035134,0.113496,0.373865,0.173725,-0.082088,-0.059847,-0.151317,-0.074875,-0.057641,-0.006636,,
2.2350,isaac,initial_pitch_release,isaac_rel_25deg_04,25.0000,0,-0.214245,-0.065363,-0.033832,0.063495,0.376412,0.168486,-0.057641,-0.006636,-0.141649,-0.072310,-0.040153,-0.001222,,
2.2500,isaac,initial_pitch_release,isaac_rel_25deg_04,25.0000,0,-0.215369,-0.082075,-0.032205,0.149880,0.379018,0.180873,-0.040153,-0.001222,-0.179874,-0.109174,-0.084264,-0.078821,,
2.2650,isaac,initial_pitch_release,isaac_rel_25deg_04,25.0000,0,-0.216542,-0.074283,-0.030473,0.085678,0.381701,0.179116,-0.084264,-0.078821,-0.128310,-0.046896,-0.029093,0.000000,,
2.2800,isaac,initial_pitch_release,isaac_rel_25deg_04,25.0000,0,-0.217698,-0.078588,-0.029095,0.098874,0.384367,0.178813,-0.029093,0.000000,-0.164180,-0.086484,-0.062259,-0.031118,,
2.2950,isaac,initial_pitch_release,isaac_rel_25deg_04,25.0000,0,-0.218872,-0.077218,-0.027806,0.075757,0.386921,0.162926,-0.062259,-0.031118,-0.154612,-0.073761,-0.057471,-0.004286,,
2.3100,isaac,initial_pitch_release,isaac_rel_25deg_04,25.0000,0,-0.220044,-0.078112,-0.026741,0.067333,0.389298,0.156166,-0.057471,-0.004286,-0.154299,-0.079444,-0.056036,-0.016277,,
2.3250,isaac,initial_pitch_release,isaac_rel_25deg_04,25.0000,0,-0.221244,-0.080974,-0.025693,0.074206,0.391598,0.152449,-0.056036,-0.016277,-0.156722,-0.083681,-0.058767,-0.025212,,
2.3400,isaac,initial_pitch_release,isaac_rel_25deg_04,25.0000,0,-0.222410,-0.074073,-0.025013,0.020853,0.393853,0.151222,-0.058767,-0.025212,-0.134091,-0.061489,-0.030858,0.000000,,
2.3550,isaac,initial_pitch_release,isaac_rel_25deg_04,25.0000,0,-0.223630,-0.086393,-0.024216,0.083427,0.396160,0.158551,-0.030858,0.000000,-0.172591,-0.099908,-0.073161,-0.059367,,
2.3700,isaac,initial_pitch_release,isaac_rel_25deg_04,25.0000,0,-0.224853,-0.076750,-0.023522,0.014302,0.398569,0.164314,-0.073161,-0.059367,-0.102188,-0.015929,-0.015907,0.000000,,
2.3850,isaac,initial_pitch_release,isaac_rel_25deg_04,25.0000,0,-0.225980,-0.072914,-0.023591,-0.021381,0.400950,0.157132,-0.015907,0.000000,-0.150998,-0.066745,-0.042851,0.000000,,
2.4000,isaac,initial_pitch_release,isaac_rel_25deg_04,25.0000,0,-0.227118,-0.077729,-0.023770,-0.003156,0.403204,0.148201,-0.042851,0.000000,-0.164063,-0.083793,-0.065104,-0.025448,,
2.4150,isaac,initial_pitch_release,isaac_rel_25deg_04,25.0000,0,-0.228445,-0.097123,-0.022974,0.105308,0.405444,0.153029,-0.065104,-0.025448,-0.184859,-0.110342,-0.095893,-0.081270,,
2.4300,isaac,initial_pitch_release,isaac_rel_25deg_04,25.0000,0,-0.229836,-0.088215,-0.021895,0.042943,0.407714,0.151101,-0.095893,-0.081270,-0.123540,-0.039666,-0.025582,0.000000,,
2.4450,isaac,initial_pitch_release,isaac_rel_25deg_04,25.0000,0,-0.231233,-0.096234,-0.020952,0.082059,0.409969,0.151563,-0.025582,0.000000,-0.170610,-0.092950,-0.069539,-0.044734,,
2.4600,isaac,initial_pitch_release,isaac_rel_25deg_04,25.0000,0,-0.232657,-0.093233,-0.019958,0.053830,0.412106,0.135219,-0.069539,-0.044734,-0.150895,-0.067374,-0.054382,0.000000,,
2.4750,isaac,initial_pitch_release,isaac_rel_25deg_04,25.0000,0,-0.234004,-0.086234,-0.019549,0.003814,0.414092,0.131121,-0.054382,0.000000,-0.136107,-0.060271,-0.032452,0.000000,,
2.4900,isaac,initial_pitch_release,isaac_rel_25deg_04,25.0000,0,-0.235395,-0.097279,-0.019026,0.063540,0.416080,0.137146,-0.032452,0.000000,-0.171246,-0.099410,-0.071827,-0.058320,,
2.5050,isaac,initial_pitch_release,isaac_rel_25deg_04,25.0000,0,-0.236807,-0.090699,-0.018455,0.015977,0.418066,0.129884,-0.071827,-0.058320,-0.135444,-0.054304,-0.035408,0.000000,,
2.5200,isaac,initial_pitch_release,isaac_rel_25deg_04,25.0000,0,-0.238191,-0.092615,-0.018177,0.021055,0.419957,0.125343,-0.035408,0.000000,-0.158243,-0.083694,-0.056190,-0.025238,,
2.5350,isaac,initial_pitch_release,isaac_rel_25deg_04,25.0000,0,-0.239544,-0.086998,-0.018177,-0.019727,0.421742,0.116710,-0.056190,-0.025238,-0.141357,-0.064665,-0.039469,0.000000,,
2.5500,isaac,initial_pitch_release,isaac_rel_25deg_04,25.0000,0,-0.240817,-0.081147,-0.018764,-0.058037,0.423396,0.108355,-0.039469,0.000000,-0.145144,-0.070761,-0.040606,0.000000,,
2.5650,isaac,initial_pitch_release,isaac_rel_25deg_04,25.0000,0,-0.242109,-0.088363,-0.019357,-0.024431,0.425005,0.110034,-0.040606,0.000000,-0.160497,-0.093515,-0.060148,-0.045922,,
2.5800,isaac,initial_pitch_release,isaac_rel_25deg_04,25.0000,0,-0.243495,-0.094788,-0.019492,0.004783,0.426605,0.105767,-0.060148,-0.045922,-0.162774,-0.089907,-0.067250,-0.038328,,
2.5950,isaac,initial_pitch_release,isaac_rel_25deg_04,25.0000,0,-0.244916,-0.094043,-0.019495,-0.004768,0.428078,0.094304,-0.067250,-0.038328,-0.151948,-0.080374,-0.055209,-0.018240,,
2.6100,isaac,initial_pitch_release,isaac_rel_25deg_04,25.0000,0,-0.246392,-0.100850,-0.019294,0.029814,0.429493,0.097801,-0.055209,-0.018240,-0.160153,-0.095879,-0.062892,-0.050895,,
2.6250,isaac,initial_pitch_release,isaac_rel_25deg_04,25.0000,0,0.068482,-0.096332,-0.019123,-0.004548,0.430865,0.087988,-0.062892,-0.050895,-0.145105,-0.075257,-0.045650,-0.007442,,
2.6400,isaac,initial_pitch_release,isaac_rel_25deg_04,25.0000,0,0.066912,-0.109785,-0.018550,0.077999,0.432062,0.075491,-0.045650,-0.007442,-0.190272,-0.100340,-0.098387,-0.060273,,
2.6550,isaac,initial_pitch_release,isaac_rel_25deg_04,25.0000,0,0.065307,-0.102983,-0.017824,0.023998,0.433095,0.064755,-0.098387,-0.060273,-0.133063,-0.055310,-0.038174,0.000000,,
2.6700,isaac,initial_pitch_release,isaac_rel_25deg_04,25.0000,0,0.063692,-0.110668,-0.017153,0.065528,0.434036,0.062973,-0.038174,0.000000,-0.168574,-0.096668,-0.069732,-0.052556,,
2.6850,isaac,initial_pitch_release,isaac_rel_25deg_04,25.0000,0,0.062095,-0.102100,-0.016642,0.007609,0.434906,0.054431,-0.069732,-0.052556,-0.133994,-0.060647,-0.033120,0.000000,,
2.7000,isaac,initial_pitch_release,isaac_rel_25deg_04,25.0000,0,0.060495,-0.109349,-0.016218,0.048727,0.435733,0.058026,-0.033120,0.000000,-0.166093,-0.097834,-0.065530,-0.055006,,
2.7150,isaac,initial_pitch_release,isaac_rel_25deg_04,25.0000,0,0.058925,-0.100287,-0.016006,-0.016227,0.436552,0.053741,-0.065530,-0.055006,-0.129076,-0.057277,-0.025989,0.000000,,
2.7300,isaac,initial_pitch_release,isaac_rel_25deg_04,25.0000,0,0.057348,-0.108802,-0.015854,0.034211,0.437345,0.055120,-0.025989,0.000000,-0.170272,-0.099546,-0.069205,-0.058605,,
2.7450,isaac,initial_pitch_release,isaac_rel_25deg_04,25.0000,0,0.055793,-0.098639,-0.015857,-0.031217,0.438105,0.049548,-0.069205,-0.058605,-0.127792,-0.057797,-0.025164,0.000000,,
2.7600,isaac,initial_pitch_release,isaac_rel_25deg_04,25.0000,0,0.054337,-0.094749,-0.016535,-0.059396,0.438773,0.041510,-0.025164,0.000000,-0.148122,-0.078498,-0.041246,-0.014283,,
2.7750,isaac,initial_pitch_release,isaac_rel_25deg_04,25.0000,0,0.052735,-0.115961,-0.016437,0.066965,0.439439,0.049544,-0.041246,-0.014283,-0.189573,-0.119860,-0.096561,-0.101208,,
2.7900,isaac,initial_pitch_release,isaac_rel_25deg_04,25.0000,0,0.051048,-0.108708,-0.015843,0.017709,0.440024,0.030642,-0.096561,-0.101208,-0.138592,-0.067447,-0.044759,0.000000,,
2.8050,isaac,initial_pitch_release,isaac_rel_25deg_04,25.0000,0,0.049338,-0.117682,-0.015185,0.069891,0.440534,0.039210,-0.044759,0.000000,-0.162079,-0.105167,-0.063034,-0.070413,,
2.8200,isaac,initial_pitch_release,isaac_rel_25deg_04,25.0000,0,0.047602,-0.113310,-0.014408,0.038122,0.441028,0.027752,-0.063034,-0.070413,-0.144416,-0.079003,-0.044814,-0.015349,,
2.8350,isaac,initial_pitch_release,isaac_rel_25deg_04,25.0000,0,0.045954,-0.106244,-0.014201,-0.007442,0.441401,0.024236,-0.044814,-0.015349,-0.135073,-0.078721,-0.029065,-0.014752,,
2.8500,isaac,initial_pitch_release,isaac_rel_25deg_04,25.0000,0,0.044308,-0.111825,-0.014068,0.024483,0.441767,0.027191,-0.029065,-0.014752,-0.159525,-0.098236,-0.056419,-0.055852,,
2.8650,isaac,initial_pitch_release,isaac_rel_25deg_04,25.0000,0,0.042676,-0.105437,-0.014037,-0.016936,0.442081,0.017161,-0.056419,-0.055852,-0.138354,-0.077253,-0.035732,-0.011656,,
2.8800,isaac,initial_pitch_release,isaac_rel_25deg_04,25.0000,0,0.041096,-0.104181,-0.014361,-0.027681,0.442326,0.017810,-0.035732,-0.011656,-0.144189,-0.088327,-0.038591,-0.035000,,
2.8950,isaac,initial_pitch_release,isaac_rel_25deg_04,25.0000,0,0.039454,-0.114062,-0.014375,0.023358,0.442570,0.017584,-0.038591,-0.035000,-0.165858,-0.102127,-0.066425,-0.064028,,
2.9100,isaac,initial_pitch_release,isaac_rel_25deg_04,25.0000,0,0.037767,-0.111314,-0.014148,0.009932,0.442748,0.008291,-0.066425,-0.064028,-0.145076,-0.085062,-0.046382,-0.028122,,
2.9250,isaac,initial_pitch_release,isaac_rel_25deg_04,25.0000,0,0.035922,-0.131662,-0.013033,0.134630,0.443012,0.026695,-0.046382,-0.028122,-0.176838,-0.127960,-0.081836,-0.118140,,
2.9400,isaac,initial_pitch_release,isaac_rel_25deg_04,25.0000,0,0.034041,-0.119304,-0.011668,0.054889,0.443352,0.017766,-0.081836,-0.118140,-0.104147,-0.044506,-0.017793,0.000000,,
2.9550,isaac,initial_pitch_release,isaac_rel_25deg_04,25.0000,0,0.032213,-0.123105,-0.010689,0.078038,0.443670,0.024850,-0.017793,0.000000,-0.152064,-0.100743,-0.044601,-0.061121,,
2.9700,isaac,initial_pitch_release,isaac_rel_25deg_04,25.0000,0,0.030463,-0.110594,-0.010166,-0.001196,0.443971,0.016910,-0.044601,-0.061121,-0.121856,-0.065107,-0.012296,0.000000,,
2.9850,isaac,initial_pitch_release,isaac_rel_25deg_04,25.0000,0,0.028796,-0.110589,-0.010174,0.000681,0.444169,0.012630,-0.012296,0.000000,-0.150350,-0.090456,-0.041251,-0.039485,,
3.0000,isaac,initial_pitch_release,isaac_rel_25deg_04,25.0000,0,0.027063,-0.118675,-0.009808,0.048621,0.444311,0.007397,-0.041251,-0.039485,-0.162694,-0.100420,-0.063042,-0.060441,,
3.0150,isaac,initial_pitch_release,isaac_rel_25deg_04,25.0000,0,0.025350,-0.109505,-0.009545,-0.007039,0.444366,0.000539,-0.063042,-0.060441,-0.123289,-0.077229,-0.018122,-0.011605,,
3.0300,isaac,initial_pitch_release,isaac_rel_25deg_04,25.0000,0,0.023647,-0.115158,-0.009370,0.032814,0.444420,0.007824,-0.018122,-0.011605,-0.153381,-0.103955,-0.046328,-0.067868,,
3.0450,isaac,initial_pitch_release,isaac_rel_25deg_04,25.0000,0,0.021945,-0.110693,-0.009179,-0.001560,0.444480,0.001115,-0.046328,-0.067868,-0.132604,-0.082427,-0.026275,-0.022567,,
3.0600,isaac,initial_pitch_release,isaac_rel_25deg_04,25.0000,0,0.020258,-0.113192,-0.009104,0.013543,0.444476,-0.000914,-0.026275,-0.022567,-0.148855,-0.095330,-0.042410,-0.049742,,
3.0750,isaac,initial_pitch_release,isaac_rel_25deg_04,25.0000,0,0.018652,-0.101077,-0.009483,-0.061574,0.444383,-0.011655,-0.042410,-0.049742,-0.119356,-0.071196,-0.009221,0.000000,,
3.0900,isaac,initial_pitch_release,isaac_rel_25deg_04,25.0000,0,0.016986,-0.118795,-0.009548,0.047017,0.444342,0.006016,-0.009221,0.000000,-0.168398,-0.124248,-0.063217,-0.110386,,
3.1050,isaac,initial_pitch_release,isaac_rel_25deg_04,25.0000,0,0.015280,-0.108866,-0.009348,-0.014381,0.444331,-0.008701,-0.063217,-0.110386,-0.123990,-0.074019,-0.019047,-0.004829,,
3.1200,isaac,initial_pitch_release,isaac_rel_25deg_04,25.0000,0,0.013644,-0.108610,-0.009565,-0.016110,0.444239,-0.004507,-0.019047,-0.004829,-0.137313,-0.094989,-0.026291,-0.049023,,
3.1350,isaac,initial_pitch_release,isaac_rel_25deg_04,25.0000,0,0.012056,-0.102885,-0.010085,-0.053254,0.444140,-0.008923,-0.026291,-0.049023,-0.129206,-0.083616,-0.017622,-0.025075,,
3.1500,isaac,initial_pitch_release,isaac_rel_25deg_04,25.0000,0,0.010462,-0.108438,-0.010594,-0.018492,0.444056,-0.001961,-0.017622,-0.025075,-0.147011,-0.104172,-0.038208,-0.068323,,
3.1650,isaac,initial_pitch_release,isaac_rel_25deg_04,25.0000,0,0.008811,-0.110525,-0.010771,-0.006218,0.444016,-0.003084,-0.038208,-0.068323,-0.141686,-0.096793,-0.035975,-0.052819,,
3.1800,isaac,initial_pitch_release,isaac_rel_25deg_04,25.0000,0,0.007116,-0.114297,-0.010718,0.014596,0.443987,-0.000985,-0.035975,-0.052819,-0.142798,-0.100816,-0.036891,-0.061274,,
3.1950,isaac,initial_pitch_release,isaac_rel_25deg_04,25.0000,0,0.005405,-0.113144,-0.010588,0.006078,0.443955,-0.003736,-0.036891,-0.061274,-0.135599,-0.092379,-0.028007,-0.043532,,
3.2100,isaac,initial_pitch_release,isaac_rel_25deg_04,25.0000,0,0.003722,-0.110596,-0.010629,-0.010455,0.443884,-0.006647,-0.028007,-0.043532,-0.133716,-0.090726,-0.023697,-0.040052,,
3.2250,isaac,initial_pitch_release,isaac_rel_25deg_04,25.0000,0,0.002019,-0.115137,-0.010591,0.014463,0.443828,-0.001900,-0.023697,-0.040052,-0.142654,-0.103390,-0.034040,-0.066682,,
3.2400,isaac,initial_pitch_release,isaac_rel_25deg_04,25.0000,0,0.000291,-0.114312,-0.010424,0.010860,0.443791,-0.003761,-0.034040,-0.066682,-0.135434,-0.094068,-0.027179,-0.047086,,
3.2550,isaac,initial_pitch_release,isaac_rel_25deg_04,25.0000,0,-0.001448,-0.116753,-0.010214,0.019892,0.443731,-0.004720,-0.027179,-0.047086,-0.139308,-0.098291,-0.030577,-0.055968,,
3.2700,isaac,initial_pitch_release,isaac_rel_25deg_04,25.0000,0,-0.003227,-0.119794,-0.009782,0.039553,0.443662,-0.005752,-0.030577,-0.055968,-0.142742,-0.100109,-0.035646,-0.059789,,
3.2850,isaac,initial_pitch_release,isaac_rel_25deg_04,25.0000,0,-0.005059,-0.123430,-0.009048,0.061622,0.443583,-0.006256,-0.035646,-0.059789,-0.141491,-0.101012,-0.035172,-0.061685,,
3.3000,isaac,initial_pitch_release,isaac_rel_25deg_04,25.0000,0,-0.006940,-0.126344,-0.008031,0.078314,0.443490,-0.006882,-0.035172,-0.061685,-0.140105,-0.100098,-0.033320,-0.059765,,
3.3150,isaac,initial_pitch_release,isaac_rel_25deg_04,25.0000,0,-0.008823,-0.124055,-0.006997,0.064759,0.443368,-0.009437,-0.033320,-0.059765,-0.129618,-0.092508,-0.019671,-0.043804,,
3.3300,isaac,initial_pitch_release,isaac_rel_25deg_04,25.0000,0,-0.010630,-0.116626,-0.006440,0.016518,0.443208,-0.013105,-0.019671,-0.043804,-0.119705,-0.083888,-0.004277,-0.025649,,
3.3450,isaac,initial_pitch_release,isaac_rel_25deg_04,25.0000,0,-0.012366,-0.114417,-0.006317,0.002900,0.443045,-0.010760,-0.004277,-0.025649,-0.128364,-0.092995,-0.011770,-0.044828,,
3.3600,isaac,initial_pitch_release,isaac_rel_25deg_04,25.0000,0,-0.014106,-0.116402,-0.006187,0.016664,0.442899,-0.010079,-0.011770,-0.044828,-0.136458,-0.098570,-0.023630,-0.056554,,
3.3750,isaac,initial_pitch_release,isaac_rel_25deg_04,25.0000,0,-0.015771,-0.105679,-0.006489,-0.052950,0.442610,-0.029711,-0.023630,-0.056554,-0.097375,-0.056536,-0.005138,0.000000,,
3.3900,isaac,initial_pitch_release,isaac_rel_25deg_04,25.0000,0,-0.017437,-0.115027,-0.006818,0.004724,0.442313,-0.011932,-0.005138,0.000000,-0.139256,-0.114964,-0.025719,-0.090959,,
3.4050,isaac,initial_pitch_release,isaac_rel_25deg_04,25.0000,0,-0.019144,-0.112187,-0.006895,-0.013624,0.442100,-0.018571,-0.025719,-0.090959,-0.128188,-0.087951,-0.016210,-0.034208,,
3.4200,isaac,initial_pitch_release,isaac_rel_25deg_04,25.0000,0,-0.020764,-0.103891,-0.007513,-0.067397,0.441742,-0.030377,-0.016210,-0.034208,-0.112596,-0.078446,-0.003524,-0.014173,,
3.4350,isaac,initial_pitch_release,isaac_rel_25deg_04,25.0000,0,-0.022497,-0.124761,-0.007509,0.061639,0.441500,-0.003903,-0.003524,-0.014173,-0.158376,-0.134030,-0.049426,-0.130805,,
3.4500,isaac,initial_pitch_release,isaac_rel_25deg_04,25.0000,0,-0.024289,-0.113689,-0.007133,-0.003398,0.441278,-0.027350,-0.049426,-0.130805,-0.096384,-0.052283,-0.010746,0.000000,,
3.4650,isaac,initial_pitch_release,isaac_rel_25deg_04,25.0000,0,-0.026009,-0.114375,-0.007228,-0.007897,0.440976,-0.015229,-0.010746,0.000000,-0.120836,-0.099427,-0.003643,-0.058356,,
3.4800,isaac,initial_pitch_release,isaac_rel_25deg_04,25.0000,0,-0.027699,-0.110847,-0.007524,-0.030477,0.440732,-0.018610,-0.003643,-0.058356,-0.125823,-0.088839,-0.008416,-0.036078,,
3.4950,isaac,initial_pitch_release,isaac_rel_25deg_04,25.0000,0,-0.029511,-0.130437,-0.007145,0.077629,0.440576,-0.002178,-0.008416,-0.036078,-0.156359,-0.126104,-0.047958,-0.114265,,
3.5100,isaac,initial_pitch_release,isaac_rel_25deg_04,25.0000,0,-0.031363,-0.117821,-0.006517,0.014010,0.440359,-0.026936,-0.047958,-0.114265,-0.099506,-0.057219,-0.010427,0.000000,,
3.5250,isaac,initial_pitch_release,isaac_rel_25deg_04,25.0000,0,-0.033224,-0.127714,-0.005892,0.070276,0.440090,-0.009398,-0.010427,0.000000,-0.136034,-0.115572,-0.022803,-0.092232,,
3.5400,isaac,initial_pitch_release,isaac_rel_25deg_04,25.0000,0,-0.035065,-0.117781,-0.005391,0.003553,0.439801,-0.031408,-0.022803,-0.092232,-0.102753,-0.063014,-0.004958,0.000000,,
3.5550,isaac,initial_pitch_release,isaac_rel_25deg_04,25.0000,0,-0.036798,-0.113240,-0.005573,-0.026270,0.439327,-0.033419,-0.004958,0.000000,-0.103621,-0.086848,-0.001078,-0.031886,,
3.5700,isaac,initial_pitch_release,isaac_rel_25deg_04,25.0000,0,-0.038492,-0.111922,-0.006027,-0.035059,0.438898,-0.025605,-0.001078,-0.031886,-0.118929,-0.095600,-0.000234,-0.050309,,
3.5850,isaac,initial_pitch_release,isaac_rel_25deg_04,25.0000,0,-0.040183,-0.112660,-0.006532,-0.033511,0.438568,-0.020424,-0.000234,-0.050309,-0.126280,-0.095769,-0.008254,-0.050665,,
3.6000,isaac,initial_pitch_release,isaac_rel_25deg_04,25.0000,0,-0.041957,-0.122070,-0.006596,0.023018,0.438330,-0.012890,-0.008254,-0.050665,-0.141363,-0.110405,-0.029055,-0.081402,,
3.6150,isaac,initial_pitch_release,isaac_rel_25deg_04,25.0000,0,-0.043786,-0.121931,-0.006356,0.012248,0.438084,-0.021164,-0.029055,-0.081402,-0.127149,-0.088868,-0.015621,-0.036140,,
3.6300,isaac,initial_pitch_release,isaac_rel_25deg_04,25.0000,0,-0.045593,-0.119443,-0.006286,-0.000943,0.437804,-0.017896,-0.015621,-0.036140,-0.118157,-0.092687,-0.003396,-0.044179,,
3.6450,isaac,initial_pitch_release,isaac_rel_25deg_04,25.0000,0,-0.047362,-0.116265,-0.006486,-0.024677,0.437558,-0.017317,-0.003396,-0.044179,-0.119715,-0.089137,-0.000738,-0.036708,,
3.6600,isaac,initial_pitch_release,isaac_rel_25deg_04,25.0000,0,-0.049163,-0.122786,-0.006558,0.013761,0.437346,-0.012510,-0.000738,-0.036708,-0.137852,-0.104236,-0.022992,-0.068458,,
3.6750,isaac,initial_pitch_release,isaac_rel_25deg_04,25.0000,0,-0.050952,-0.115650,-0.006747,-0.035547,0.437046,-0.029311,-0.022992,-0.068458,-0.109922,-0.076442,-0.004999,-0.009945,,
3.6900,isaac,initial_pitch_release,isaac_rel_25deg_04,25.0000,0,-0.052863,-0.136583,-0.006284,0.092632,0.436827,-0.000533,-0.004999,-0.009945,-0.152277,-0.133646,-0.042087,-0.130006,,
3.7050,isaac,initial_pitch_release,isaac_rel_25deg_04,25.0000,0,-0.054846,-0.127998,-0.005393,0.034141,0.436623,-0.026523,-0.042087,-0.130006,-0.110013,-0.067257,-0.009151,0.000000,,
3.7200,isaac,initial_pitch_release,isaac_rel_25deg_04,25.0000,0,-0.056811,-0.133006,-0.004695,0.061552,0.436365,-0.008110,-0.009151,0.000000,-0.123215,-0.107680,-0.006311,-0.075686,,
3.7350,isaac,initial_pitch_release,isaac_rel_25deg_04,25.0000,0,-0.058734,-0.123783,-0.004280,0.000439,0.436101,-0.028214,-0.006311,-0.075686,-0.099845,-0.062933,-0.001372,0.000000,,
3.7500,isaac,initial_pitch_release,isaac_rel_25deg_04,25.0000,0,-0.060720,-0.138308,-0.003566,0.093594,0.435874,-0.002174,-0.001372,0.000000,-0.140163,-0.124291,-0.026046,-0.110475,,
3.7650,isaac,initial_pitch_release,isaac_rel_25deg_04,25.0000,0,-0.062742,-0.130776,-0.002641,0.037855,0.435670,-0.025087,-0.026046,-0.110475,-0.083245,-0.043172,-0.005663,0.000000,,
3.7800,isaac,initial_pitch_release,isaac_rel_25deg_04,25.0000,0,-0.064775,-0.139312,-0.001720,0.086881,0.435438,-0.005369,-0.005663,0.000000,-0.128249,-0.111196,-0.011926,-0.083062,,
3.7950,isaac,initial_pitch_release,isaac_rel_25deg_04,25.0000,0,-0.066813,-0.132810,-0.000788,0.045431,0.435259,-0.018787,-0.011926,-0.083062,-0.112960,-0.077165,-0.002593,-0.011469,,
3.8100,isaac,initial_pitch_release,isaac_rel_25deg_04,25.0000,0,-0.068833,-0.135828,-0.000013,0.061779,0.435081,-0.005807,-0.002593,-0.011469,-0.121576,-0.100126,-0.002808,-0.059824,,
3.8250,isaac,initial_pitch_release,isaac_rel_25deg_04,25.0000,0,-0.070825,-0.129935,0.000565,0.021580,0.434891,-0.019649,-0.002808,-0.059824,-0.113371,-0.076178,-0.000611,-0.009387,,
3.8400,isaac,initial_pitch_release,isaac_rel_25deg_04,25.0000,0,0.243639,-0.122969,0.000526,-0.022313,0.434478,-0.037003,-0.000611,-0.009387,-0.096651,-0.072788,-0.000133,-0.002232,,
3.8550,isaac,initial_pitch_release,isaac_rel_25deg_04,25.0000,0,0.241633,-0.143308,0.001108,0.096954,0.434413,0.028152,-0.000133,-0.002232,-0.076677,-0.142586,-0.000029,-0.148625,,
3.8700,isaac,initial_pitch_release,isaac_rel_25deg_04,25.0000,0,0.239556,-0.134774,0.002123,0.046902,0.434685,0.009349,-0.000029,-0.148625,-0.052865,-0.058879,-0.000006,0.000000,,
3.8850,isaac,initial_pitch_release,isaac_rel_25deg_04,25.0000,0,0.237454,-0.144360,0.003258,0.106118,0.435062,0.042703,-0.000006,0.000000,-0.084180,-0.116383,-0.000001,-0.093930,,
3.9000,isaac,initial_pitch_release,isaac_rel_25deg_04,25.0000,0,0.235343,-0.137535,0.004445,0.060093,0.435546,0.023416,-0.000001,-0.093930,-0.068933,-0.066437,-0.000000,0.000000,,
3.9150,isaac,initial_pitch_release,isaac_rel_25deg_04,25.0000,0,0.233253,-0.140562,0.005473,0.080270,0.435973,0.035825,-0.000000,0.000000,-0.079996,-0.097488,-0.000000,-0.054278,,
3.9300,isaac,initial_pitch_release,isaac_rel_25deg_04,25.0000,0,0.231190,-0.134724,0.006339,0.042263,0.436368,0.019104,-0.000000,-0.054278,-0.071087,-0.072222,-0.000000,-0.001037,,
3.9450,isaac,initial_pitch_release,isaac_rel_25deg_04,25.0000,0,0.229154,-0.136306,0.007024,0.053177,0.436685,0.025465,-0.000000,-0.001037,-0.075737,-0.090989,-0.000000,-0.040606,,
3.9600,isaac,initial_pitch_release,isaac_rel_25deg_04,25.0000,0,0.227119,-0.134772,0.007705,0.043428,0.437027,0.021734,-0.000000,-0.040606,-0.077221,-0.081864,-0.000000,-0.021381,,
3.9750,isaac,initial_pitch_release,isaac_rel_25deg_04,25.0000,0,0.225117,-0.131979,0.008190,0.026595,0.437283,0.014185,-0.000000,-0.021381,-0.071246,-0.078070,-0.000000,-0.013380,,
3.9900,isaac,initial_pitch_release,isaac_rel_25deg_04,25.0000,0,0.223075,-0.139351,0.008925,0.072909,0.437661,0.037838,-0.000000,-0.013380,-0.095717,-0.103697,-0.000000,-0.067326,,
4.0050,isaac,initial_pitch_release,isaac_rel_25deg_04,25.0000,0,0.221022,-0.134538,0.009744,0.042710,0.438108,0.023916,-0.000000,-0.067326,-0.074791,-0.063170,-0.000000,0.000000,,
4.0200,isaac,initial_pitch_release,isaac_rel_25deg_04,25.0000,0,0.218981,-0.137194,0.010494,0.060271,0.438519,0.032727,-0.000000,0.000000,-0.089324,-0.090313,-0.000000,-0.039183,,
4.0350,isaac,initial_pitch_release,isaac_rel_25deg_04,25.0000,0,0.216948,-0.134068,0.011224,0.042214,0.438933,0.024344,-0.000000,-0.039183,-0.087481,-0.074659,-0.000000,-0.006181,,
4.0500,isaac,initial_pitch_release,isaac_rel_25deg_04,25.0000,0,0.214966,-0.130289,0.011653,0.020957,0.439193,0.012650,-0.000000,-0.006181,-0.048813,-0.046196,-0.000000,0.000000,,
4.0650,isaac,initial_pitch_release,isaac_rel_25deg_04,25.0000,0,0.213037,-0.127039,0.011780,0.001217,0.439294,0.002735,-0.000000,0.000000,-0.065696,-0.068748,-0.000000,0.000000,,
4.0800,isaac,initial_pitch_release,isaac_rel_25deg_04,25.0000,0,0.211117,-0.128826,0.011875,0.014223,0.439365,0.008599,-0.000000,0.000000,-0.075837,-0.084870,-0.000000,-0.027717,,
4.0950,isaac,initial_pitch_release,isaac_rel_25deg_04,25.0000,0,0.209209,-0.125598,0.011926,-0.003350,0.439421,0.000400,-0.000000,-0.027717,-0.066710,-0.066135,-0.000000,0.000000,,
4.1100,isaac,initial_pitch_release,isaac_rel_25deg_04,25.0000,0,0.207344,-0.122867,0.011753,-0.018539,0.439375,-0.006781,-0.000000,0.000000,-0.065685,-0.072167,-0.000000,-0.000921,,
4.1250,isaac,initial_pitch_release,isaac_rel_25deg_04,25.0000,0,0.205507,-0.121854,0.011428,-0.024328,0.439266,-0.008544,-0.000000,-0.000921,-0.066223,-0.075739,-0.000000,-0.008460,,
4.1400,isaac,initial_pitch_release,isaac_rel_25deg_04,25.0000,0,0.203695,-0.119608,0.010965,-0.036702,0.439112,-0.012557,-0.000000,-0.008460,-0.060910,-0.073090,-0.000000,-0.002870,,
4.1550,isaac,initial_pitch_release,isaac_rel_25deg_04,25.0000,0,0.201812,-0.130277,0.010938,0.031993,0.439193,0.024720,-0.000000,-0.002870,-0.093209,-0.107668,-0.000000,-0.075661,,
4.1700,isaac,initial_pitch_release,isaac_rel_25deg_04,25.0000,0,0.199881,-0.127052,0.011218,0.012076,0.439511,0.020031,-0.000000,-0.075661,-0.069442,-0.047505,-0.000000,0.000000,,
4.1850,isaac,initial_pitch_release,isaac_rel_25deg_04,25.0000,0,0.197995,-0.124190,0.011241,-0.004435,0.439750,0.015671,-0.000000,0.000000,-0.062458,-0.049077,-0.000000,0.000000,,
4.2000,isaac,initial_pitch_release,isaac_rel_25deg_04,25.0000,0,0.196152,-0.121479,0.011036,-0.020633,0.439937,0.011970,-0.000000,0.000000,-0.068555,-0.055018,-0.000000,0.000000,,
4.2150,isaac,initial_pitch_release,isaac_rel_25deg_04,25.0000,0,0.194345,-0.119631,0.010623,-0.034161,0.440095,0.010669,-0.000000,0.000000,-0.081009,-0.072782,-0.000000,-0.002219,,
4.2300,isaac,initial_pitch_release,isaac_rel_25deg_04,25.0000,0,0.192573,-0.116644,0.010003,-0.048159,0.440237,0.009039,-0.000000,-0.002219,-0.079809,-0.067538,-0.000000,0.000000,,
4.2450,isaac,initial_pitch_release,isaac_rel_25deg_04,25.0000,0,0.190838,-0.114254,0.009155,-0.063734,0.440367,0.007986,-0.000000,0.000000,-0.070125,-0.059619,-0.000000,0.000000,,
4.2600,isaac,initial_pitch_release,isaac_rel_25deg_04,25.0000,0,0.189077,-0.118578,0.008464,-0.029285,0.440668,0.033592,-0.000000,0.000000,-0.104646,-0.092946,-0.000000,-0.044725,,
4.2750,isaac,initial_pitch_release,isaac_rel_25deg_04,25.0000,0,0.187304,-0.116591,0.007853,-0.049132,0.441151,0.033047,-0.000000,-0.044725,-0.097204,-0.060948,-0.000000,0.000000,,
4.2900,isaac,initial_pitch_release,isaac_rel_25deg_04,25.0000,0,0.185551,-0.116669,0.007101,-0.050250,0.441712,0.042711,-0.000000,0.000000,-0.109100,-0.079627,-0.000000,-0.016664,,
4.3050,isaac,initial_pitch_release,isaac_rel_25deg_04,25.0000,0,0.183824,-0.113539,0.006181,-0.071076,0.442355,0.043842,-0.000000,-0.016664,-0.101137,-0.060057,-0.000000,0.000000,,
4.3200,isaac,initial_pitch_release,isaac_rel_25deg_04,25.0000,0,0.182079,-0.118180,0.005342,-0.042131,0.443115,0.058763,-0.000000,0.000000,-0.128278,-0.087991,-0.010732,-0.034293,,
4.3350,isaac,initial_pitch_release,isaac_rel_25deg_04,25.0000,0,0.180327,-0.115133,0.004528,-0.063952,0.443992,0.059667,-0.010732,-0.034293,-0.099738,-0.043900,-0.002333,0.000000,,
4.3500,isaac,initial_pitch_release,isaac_rel_25deg_04,25.0000,0,0.178624,-0.112183,0.003372,-0.087950,0.444892,0.061620,-0.002333,0.000000,-0.101544,-0.048413,-0.000507,0.000000,,
4.3650,isaac,initial_pitch_release,isaac_rel_25deg_04,25.0000,0,0.176920,-0.114857,0.002179,-0.071228,0.445805,0.060916,-0.000507,0.000000,-0.138069,-0.079207,-0.023215,-0.015777,,
4.3800,isaac,initial_pitch_release,isaac_rel_25deg_04,25.0000,0,0.175219,-0.111670,0.000922,-0.094760,0.446717,0.061370,-0.023215,-0.015777,-0.112940,-0.055612,-0.005047,0.000000,,
4.3950,isaac,initial_pitch_release,isaac_rel_25deg_04,25.0000,0,0.173560,-0.109204,-0.000654,-0.114468,0.447627,0.060440,-0.005047,0.000000,-0.126624,-0.066991,-0.009736,0.000000,,
4.4100,isaac,initial_pitch_release,isaac_rel_25deg_04,25.0000,0,0.171832,-0.119307,-0.001903,-0.054314,0.448567,0.065991,-0.009736,0.000000,-0.152007,-0.091353,-0.042778,-0.041373,,
4.4250,isaac,initial_pitch_release,isaac_rel_25deg_04,25.0000,0,0.170002,-0.123393,-0.002602,-0.038101,0.449458,0.054810,-0.042778,-0.041373,-0.145207,-0.076370,-0.041405,-0.009793,,
4.4400,isaac,initial_pitch_release,isaac_rel_25deg_04,25.0000,0,0.168182,-0.119062,-0.003426,-0.069786,0.450281,0.056910,-0.041405,-0.009793,-0.116981,-0.062203,-0.009002,0.000000,,
4.4550,isaac,initial_pitch_release,isaac_rel_25deg_04,25.0000,0,0.166310,-0.129014,-0.004048,-0.015053,0.451157,0.062600,-0.009002,0.000000,-0.154817,-0.091802,-0.046149,-0.042317,,
4.4700,isaac,initial_pitch_release,isaac_rel_25deg_04,25.0000,0,0.164353,-0.131136,-0.004245,-0.009839,0.452002,0.052929,-0.046149,-0.042317,-0.143474,-0.075813,-0.039955,-0.008616,,
4.4850,isaac,initial_pitch_release,isaac_rel_25deg_04,25.0000,0,0.162314,-0.139976,-0.004052,0.035675,0.452811,0.057914,-0.039955,-0.008616,-0.150158,-0.090227,-0.047023,-0.039002,,
4.5000,isaac,initial_pitch_release,isaac_rel_25deg_04,25.0000,0,0.160254,-0.135123,-0.003800,0.003316,0.453655,0.057422,-0.047023,-0.039002,-0.125333,-0.059958,-0.017227,0.000000,,
4.5150,isaac,initial_pitch_release,isaac_rel_25deg_04,25.0000,0,0.158167,-0.141919,-0.003500,0.039071,0.454494,0.058231,-0.017227,0.000000,-0.154735,-0.086580,-0.047834,-0.031320,,
4.5300,isaac,initial_pitch_release,isaac_rel_25deg_04,25.0000,0,0.156019,-0.143696,-0.002915,0.043284,0.455291,0.050311,-0.047834,-0.031320,-0.145351,-0.076442,-0.042686,-0.009944,,
4.5450,isaac,initial_pitch_release,isaac_rel_25deg_04,25.0000,0,0.153831,-0.147275,-0.002162,0.060627,0.456033,0.051353,-0.042686,-0.009944,-0.145517,-0.082445,-0.041775,-0.022607,,
4.5600,isaac,initial_pitch_release,isaac_rel_25deg_04,25.0000,0,0.151591,-0.150331,-0.001176,0.075040,0.456762,0.049191,-0.041775,-0.022607,-0.147591,-0.080331,-0.044189,-0.018149,,
4.5750,isaac,initial_pitch_release,isaac_rel_25deg_04,25.0000,0,0.149352,-0.147716,-0.000254,0.053977,0.457450,0.045550,-0.044189,-0.018149,-0.135955,-0.068542,-0.030043,0.000000,,
4.5900,isaac,initial_pitch_release,isaac_rel_25deg_04,25.0000,0,0.147063,-0.156196,0.000904,0.102719,0.458149,0.049893,-0.030043,0.000000,-0.158175,-0.089221,-0.054939,-0.036883,,
4.6050,isaac,initial_pitch_release,isaac_rel_25deg_04,25.0000,0,0.144767,-0.149999,0.002086,0.062680,0.458930,0.056373,-0.054939,-0.036883,-0.118002,-0.049609,-0.011945,0.000000,,
4.6200,isaac,initial_pitch_release,isaac_rel_25deg_04,25.0000,0,0.142539,-0.146471,0.002812,0.039228,0.459755,0.056795,-0.011945,0.000000,-0.137672,-0.063602,-0.025201,0.000000,,
4.6350,isaac,initial_pitch_release,isaac_rel_25deg_04,25.0000,0,0.140347,-0.145100,0.003290,0.028032,0.460547,0.052070,-0.025201,0.000000,-0.141775,-0.063410,-0.033259,0.000000,,
4.6500,isaac,initial_pitch_release,isaac_rel_25deg_04,25.0000,0,0.138187,-0.142610,0.003560,0.011071,0.461293,0.050783,-0.033259,0.000000,-0.136077,-0.059050,-0.027821,0.000000,,
4.6650,isaac,initial_pitch_release,isaac_rel_25deg_04,25.0000,0,0.136046,-0.142378,0.003700,0.009484,0.461973,0.043068,-0.027821,0.000000,-0.147361,-0.068745,-0.040866,0.000000,,
4.6800,isaac,initial_pitch_release,isaac_rel_25deg_04,25.0000,0,0.133927,-0.139883,0.003708,-0.005409,0.462590,0.041985,-0.040866,0.000000,-0.135368,-0.060801,-0.028580,0.000000,,
4.6950,isaac,initial_pitch_release,isaac_rel_25deg_04,25.0000,0,0.131875,-0.133649,0.003312,-0.044502,0.463293,0.054060,-0.028580,0.000000,-0.120818,-0.044121,-0.007498,0.000000,,
4.7100,isaac,initial_pitch_release,isaac_rel_25deg_04,25.0000,0,0.129892,-0.130392,0.002488,-0.063750,0.464123,0.058266,-0.007498,0.000000,-0.136917,-0.049726,-0.023281,0.000000,,
4.7250,isaac,initial_pitch_release,isaac_rel_25deg_04,25.0000,0,0.127881,-0.136548,0.001814,-0.027055,0.464870,0.044013,-0.023281,0.000000,-0.168186,-0.077116,-0.066009,-0.011366,,
4.7400,isaac,initial_pitch_release,isaac_rel_25deg_04,25.0000,0,0.125797,-0.140082,0.001562,-0.005731,0.465428,0.033048,-0.066009,-0.011366,-0.154539,-0.075428,-0.058195,-0.007804,,
4.7550,isaac,initial_pitch_release,isaac_rel_25deg_04,25.0000,0,0.123645,-0.146100,0.001700,0.026015,0.465873,0.029051,-0.058195,-0.007804,-0.156772,-0.081196,-0.059299,-0.019974,,
4.7700,isaac,initial_pitch_release,isaac_rel_25deg_04,25.0000,0,0.121477,-0.143097,0.001943,0.011061,0.466277,0.026830,-0.059299,-0.019974,-0.139128,-0.064184,-0.037334,0.000000,,
4.7850,isaac,initial_pitch_release,isaac_rel_25deg_04,25.0000,0,0.119349,-0.140283,0.001945,-0.008169,0.466643,0.024999,-0.037334,0.000000,-0.141033,-0.067248,-0.034962,0.000000,,
4.8000,isaac,initial_pitch_release,isaac_rel_25deg_04,25.0000,0,0.117249,-0.140007,0.001781,-0.014238,0.466971,0.020675,-0.034962,0.000000,-0.148411,-0.072501,-0.043740,-0.001625,,
4.8150,isaac,initial_pitch_release,isaac_rel_25deg_04,25.0000,0,0.115184,-0.135634,0.001414,-0.034699,0.467279,0.021907,-0.043740,-0.001625,-0.137670,-0.065026,-0.032111,0.000000,,
4.8300,isaac,initial_pitch_release,isaac_rel_25deg_04,25.0000,0,0.113086,-0.142859,0.001234,0.009348,0.467611,0.024678,-0.032111,0.000000,-0.161607,-0.087151,-0.059693,-0.032523,,
4.8450,isaac,initial_pitch_release,isaac_rel_25deg_04,25.0000,0,0.110918,-0.145348,0.001470,0.024455,0.467926,0.018811,-0.059693,-0.032523,-0.155634,-0.077412,-0.058196,-0.011991,,
4.8600,isaac,initial_pitch_release,isaac_rel_25deg_04,25.0000,0,0.108787,-0.138683,0.001515,-0.015023,0.468244,0.025856,-0.058196,-0.011991,-0.125547,-0.053944,-0.019928,0.000000,,
4.8750,isaac,initial_pitch_release,isaac_rel_25deg_04,25.0000,0,0.106706,-0.136758,0.001264,-0.018181,0.468553,0.017072,-0.019928,0.000000,-0.155871,-0.072982,-0.049848,-0.002640,,
4.8900,isaac,initial_pitch_release,isaac_rel_25deg_04,25.0000,0,0.104586,-0.143528,0.001255,0.016200,0.468809,0.018250,-0.049848,-0.002640,-0.158706,-0.084868,-0.059911,-0.027714,,
4.9050,isaac,initial_pitch_release,isaac_rel_25deg_04,25.0000,0,0.102396,-0.147595,0.001679,0.041986,0.469059,0.015994,-0.059911,-0.027714,-0.157521,-0.082366,-0.060613,-0.022439,,
4.9200,isaac,initial_pitch_release,isaac_rel_25deg_04,25.0000,0,0.100239,-0.139965,0.001944,-0.001522,0.469346,0.023645,-0.060613,-0.022439,-0.124668,-0.052755,-0.019341,0.000000,,
4.9350,isaac,initial_pitch_release,isaac_rel_25deg_04,25.0000,0,0.098156,-0.137278,0.001798,-0.016173,0.469623,0.015673,-0.019341,0.000000,-0.152064,-0.071007,-0.044938,0.000000,,
4.9500,isaac,initial_pitch_release,isaac_rel_25deg_04,25.0000,0,0.096026,-0.145099,0.001939,0.033935,0.469863,0.017787,-0.044938,0.000000,-0.164694,-0.090056,-0.066348,-0.038641,,
4.9650,isaac,initial_pitch_release,isaac_rel_25deg_04,25.0000,0,0.093886,-0.139845,0.002196,0.004044,0.470113,0.016687,-0.066348,-0.038641,-0.134870,-0.058598,-0.033492,0.000000,,
4.9800,isaac,initial_pitch_release,isaac_rel_25deg_04,25.0000,0,0.091795,-0.138065,0.002195,-0.002220,0.470303,0.010986,-0.033492,0.000000,-0.152263,-0.074309,-0.048264,-0.005441,,
4.9950,isaac,initial_pitch_release,isaac_rel_25deg_04,25.0000,0,0.089660,-0.145629,0.002489,0.042149,0.470476,0.013760,-0.048264,-0.005441,-0.162144,-0.089522,-0.063877,-0.037518,,
5.0100,isaac,initial_pitch_release,isaac_rel_25deg_04,25.0000,0,0.087553,-0.135949,0.002688,-0.010914,0.470730,0.021519,-0.063877,-0.037518,-0.113780,-0.037391,-0.013888,0.000000,,
5.0250,isaac,initial_pitch_release,isaac_rel_25deg_04,25.0000,0,0.085579,-0.127231,0.002144,-0.059972,0.471105,0.029442,-0.013888,0.000000,-0.128710,-0.046888,-0.014298,0.000000,,
5.0400,isaac,initial_pitch_release,isaac_rel_25deg_04,25.0000,0,0.083690,-0.124173,0.001132,-0.075162,0.471480,0.021408,-0.014298,0.000000,-0.152580,-0.068649,-0.044490,0.000000,,
5.0550,isaac,initial_pitch_release,isaac_rel_25deg_04,25.0000,0,0.081787,-0.128354,0.000240,-0.046420,0.471736,0.014221,-0.044490,0.000000,-0.162026,-0.082936,-0.062908,-0.023641,,
5.0700,isaac,initial_pitch_release,isaac_rel_25deg_04,25.0000,0,0.079889,-0.124254,-0.000619,-0.067993,0.471884,0.006318,-0.062908,-0.023641,-0.142918,-0.063546,-0.042898,0.000000,,
5.0850,isaac,initial_pitch_release,isaac_rel_25deg_04,25.0000,0,0.077979,-0.128934,-0.001381,-0.036662,0.471967,0.005556,-0.042898,0.000000,-0.160372,-0.087097,-0.060489,-0.032411,,
5.1000,isaac,initial_pitch_release,isaac_rel_25deg_04,25.0000,0,0.076041,-0.128451,-0.001931,-0.037967,0.472003,-0.001018,-0.060489,-0.032411,-0.150921,-0.078194,-0.052448,-0.013640,,
5.1150,isaac,initial_pitch_release,isaac_rel_25deg_04,25.0000,0,0.074116,-0.127514,-0.002518,-0.041493,0.471978,-0.002348,-0.052448,-0.013640,-0.148126,-0.080478,-0.047183,-0.018458,,
5.1300,isaac,initial_pitch_release,isaac_rel_25deg_04,25.0000,0,0.072139,-0.134080,-0.002773,0.004636,0.471959,0.000183,-0.047183,-0.018458,-0.164362,-0.092991,-0.066420,-0.044820,,
5.1450,isaac,initial_pitch_release,isaac_rel_25deg_04,25.0000,0,0.070168,-0.126524,-0.003013,-0.034913,0.471903,-0.008185,-0.066420,-0.044820,-0.138254,-0.071233,-0.037780,0.000000,,
5.1600,isaac,initial_pitch_release,isaac_rel_25deg_04,25.0000,0,0.068146,-0.139743,-0.002953,0.040069,0.471895,0.005655,-0.037780,0.000000,-0.167922,-0.105582,-0.068831,-0.071284,,
5.1750,isaac,initial_pitch_release,isaac_rel_25deg_04,25.0000,0,0.066122,-0.130170,-0.002815,-0.016919,0.471977,0.005272,-0.068831,-0.071284,-0.127167,-0.060608,-0.024290,0.000000,,
5.1900,isaac,initial_pitch_release,isaac_rel_25deg_04,25.0000,0,0.064120,-0.135510,-0.002796,0.018509,0.472056,0.006606,-0.024290,0.000000,-0.164121,-0.092749,-0.061141,-0.044311,,
5.2050,isaac,initial_pitch_release,isaac_rel_25deg_04,25.0000,0,0.062113,-0.131693,-0.002694,-0.001246,0.472072,-0.004423,-0.061141,-0.044311,-0.147376,-0.075883,-0.048129,-0.008764,,
5.2200,isaac,initial_pitch_release,isaac_rel_25deg_04,25.0000,0,0.060135,-0.129284,-0.002720,-0.001458,0.471984,-0.007751,-0.048129,-0.008764,-0.151026,-0.083380,-0.049892,-0.024578,,
5.2350,isaac,initial_pitch_release,isaac_rel_25deg_04,25.0000,0,0.058207,-0.125455,-0.002990,-0.033959,0.471844,-0.010985,-0.049892,-0.024578,-0.137843,-0.076946,-0.033668,-0.011008,,
5.2500,isaac,initial_pitch_release,isaac_rel_25deg_04,25.0000,0,0.056256,-0.133176,-0.003101,0.016302,0.471731,-0.005351,-0.033668,-0.011008,-0.163053,-0.099212,-0.061843,-0.057904,,
5.2650,isaac,initial_pitch_release,isaac_rel_25deg_04,25.0000,0,0.054347,-0.121923,-0.003392,-0.052361,0.471673,-0.003335,-0.061843,-0.057904,-0.116325,-0.052723,-0.013446,0.000000,,
5.2800,isaac,initial_pitch_release,isaac_rel_25deg_04,25.0000,0,0.052470,-0.126841,-0.003855,-0.012995,0.471631,-0.001310,-0.013446,0.000000,-0.164328,-0.095355,-0.059043,-0.049793,,
5.2950,isaac,initial_pitch_release,isaac_rel_25deg_04,25.0000,0,0.050564,-0.125966,-0.004092,-0.018892,0.471531,-0.012687,-0.059043,-0.049793,-0.150650,-0.081053,-0.051792,-0.019671,,
5.3100,isaac,initial_pitch_release,isaac_rel_25deg_04,25.0000,0,0.048753,-0.115367,-0.004857,-0.082135,0.471315,-0.016182,-0.051792,-0.019671,-0.126258,-0.067801,-0.019436,0.000000,,
5.3250,isaac,initial_pitch_release,isaac_rel_25deg_04,25.0000,0,0.046969,-0.121022,-0.005768,-0.043220,0.471107,-0.010912,-0.019436,0.000000,-0.159468,-0.097458,-0.054255,-0.054216,,
5.3400,isaac,initial_pitch_release,isaac_rel_25deg_04,25.0000,0,0.045065,-0.130971,-0.005936,0.018366,0.470958,-0.009898,-0.054255,-0.054216,-0.166287,-0.102575,-0.070368,-0.064969,,
5.3550,isaac,initial_pitch_release,isaac_rel_25deg_04,25.0000,0,0.043180,-0.120471,-0.006158,-0.044198,0.470756,-0.018619,-0.070368,-0.064969,-0.126934,-0.069528,-0.024330,0.000000,,
5.3700,isaac,initial_pitch_release,isaac_rel_25deg_04,25.0000,0,0.041267,-0.132657,-0.006220,0.033045,0.470573,-0.007308,-0.024330,0.000000,-0.168450,-0.111076,-0.066567,-0.082810,,
5.3850,isaac,initial_pitch_release,isaac_rel_25deg_04,25.0000,0,0.039365,-0.121313,-0.006279,-0.036243,0.470419,-0.014637,-0.066567,-0.082810,-0.124362,-0.062673,-0.020247,0.000000,,
5.4000,isaac,initial_pitch_release,isaac_rel_25deg_04,25.0000,0,0.037431,-0.134554,-0.006163,0.048802,0.470294,-0.002718,-0.020247,0.000000,-0.170084,-0.113919,-0.067722,-0.088769,,
5.4150,isaac,initial_pitch_release,isaac_rel_25deg_04,25.0000,0,0.035509,-0.122778,-0.006045,-0.027053,0.470216,-0.008780,-0.067722,-0.088769,-0.102808,-0.039574,-0.014724,0.000000,,
5.4300,isaac,initial_pitch_release,isaac_rel_25deg_04,25.0000,0,0.033634,-0.126713,-0.006200,0.004247,0.470111,-0.006509,-0.014724,0.000000,-0.157938,-0.098664,-0.051311,-0.056751,,
5.4450,isaac,initial_pitch_release,isaac_rel_25deg_04,25.0000,0,0.031830,-0.114115,-0.006733,-0.072583,0.469976,-0.012504,-0.051311,-0.056751,-0.116385,-0.057175,-0.011156,0.000000,,
5.4600,isaac,initial_pitch_release,isaac_rel_25deg_04,25.0000,0,0.030020,-0.125472,-0.007237,0.000411,0.469823,-0.008749,-0.011156,0.000000,-0.170969,-0.108449,-0.066852,-0.077300,,
5.4750,isaac,initial_pitch_release,isaac_rel_25deg_04,25.0000,0,0.028231,-0.113244,-0.007812,-0.074860,0.469632,-0.017622,-0.066852,-0.077300,-0.118214,-0.062292,-0.014535,0.000000,,
5.4900,isaac,initial_pitch_release,isaac_rel_25deg_04,25.0000,0,0.026392,-0.127730,-0.008118,0.028778,0.469444,-0.007760,-0.014535,0.000000,-0.176667,-0.118394,-0.074698,-0.098139,,
5.5050,isaac,initial_pitch_release,isaac_rel_25deg_04,25.0000,0,0.024491,-0.123484,-0.008009,-0.009507,0.469226,-0.022748,-0.074698,-0.098139,-0.135520,-0.078937,-0.036128,-0.015208,,
5.5200,isaac,initial_pitch_release,isaac_rel_25deg_04,25.0000,0,0.022557,-0.132788,-0.007701,0.049803,0.468942,-0.016955,-0.036128,-0.015208,-0.159991,-0.108662,-0.058539,-0.077748,,
5.5350,isaac,initial_pitch_release,isaac_rel_25deg_04,25.0000,0,0.020609,-0.126661,-0.007274,0.012947,0.468661,-0.022444,-0.058539,-0.077748,-0.131281,-0.083296,-0.027258,-0.024400,,
5.5500,isaac,initial_pitch_release,isaac_rel_25deg_04,25.0000,0,0.018761,-0.119600,-0.007418,-0.028953,0.468299,-0.027820,-0.027258,-0.024400,-0.132819,-0.081847,-0.022401,-0.021344,,
5.5650,isaac,initial_pitch_release,isaac_rel_25deg_04,25.0000,0,0.016918,-0.124669,-0.007599,0.003717,0.467932,-0.023064,-0.022401,-0.021344,-0.151372,-0.102591,-0.044732,-0.065003,,
5.5800,isaac,initial_pitch_release,isaac_rel_25deg_04,25.0000,0,0.015077,-0.120416,-0.007753,-0.021960,0.467556,-0.029609,-0.044732,-0.065003,-0.135487,-0.085373,-0.029571,-0.028777,,
5.5950,isaac,initial_pitch_release,isaac_rel_25deg_04,25.0000,0,0.013267,-0.120077,-0.008088,-0.023344,0.467133,-0.029024,-0.029571,-0.028777,-0.140665,-0.093705,-0.032809,-0.046322,,
5.6100,isaac,initial_pitch_release,isaac_rel_25deg_04,25.0000,0,0.011408,-0.126231,-0.008136,0.015726,0.466760,-0.022790,-0.032809,-0.046322,-0.149628,-0.105548,-0.044802,-0.071213,,
5.6250,isaac,initial_pitch_release,isaac_rel_25deg_04,25.0000,0,0.009612,-0.113423,-0.008529,-0.063586,0.466337,-0.035279,-0.044802,-0.071213,-0.117267,-0.068349,-0.009741,0.000000,,
5.6400,isaac,initial_pitch_release,isaac_rel_25deg_04,25.0000,0,0.007807,-0.124592,-0.008897,0.009616,0.465947,-0.017962,-0.009741,0.000000,-0.156493,-0.117969,-0.048414,-0.097250,,
5.6550,isaac,initial_pitch_release,isaac_rel_25deg_04,25.0000,0,0.006001,-0.115515,-0.009226,-0.051232,0.465587,-0.031449,-0.048414,-0.097250,-0.125251,-0.076162,-0.017427,-0.009354,,
5.6700,isaac,initial_pitch_release,isaac_rel_25deg_04,25.0000,0,0.004183,-0.125071,-0.009508,0.009685,0.465222,-0.018446,-0.017427,-0.009354,-0.152828,-0.114008,-0.045482,-0.088956,,
5.6850,isaac,initial_pitch_release,isaac_rel_25deg_04,25.0000,0,0.002330,-0.121606,-0.009578,-0.016894,0.464882,-0.029375,-0.045482,-0.088956,-0.135168,-0.085769,-0.029331,-0.029612,,
5.7000,isaac,initial_pitch_release,isaac_rel_25deg_04,25.0000,0,0.000429,-0.129727,-0.009385,0.041283,0.464535,-0.018658,-0.029331,-0.029612,-0.151616,-0.113049,-0.046547,-0.086946,,
5.7150,isaac,initial_pitch_release,isaac_rel_25deg_04,25.0000,0,-0.001609,-0.139575,-0.008362,0.096171,0.464236,-0.022310,-0.046547,-0.086946,-0.157753,-0.107673,-0.057997,-0.075673,,
5.7300,isaac,initial_pitch_release,isaac_rel_25deg_04,25.0000,0,-0.003606,-0.126963,-0.007569,0.017467,0.463779,-0.040802,-0.057997,-0.075673,-0.109624,-0.066777,-0.012610,0.000000,,
5.7450,isaac,initial_pitch_release,isaac_rel_25deg_04,25.0000,0,-0.005469,-0.121180,-0.007596,-0.018594,0.463260,-0.031083,-0.012610,0.000000,-0.117595,-0.091916,-0.002742,-0.042559,,
5.7600,isaac,initial_pitch_release,isaac_rel_25deg_04,25.0000,0,-0.007355,-0.128749,-0.007511,0.029022,0.462889,-0.020808,-0.002742,-0.042559,-0.148493,-0.110697,-0.036837,-0.082015,,
5.7750,isaac,initial_pitch_release,isaac_rel_25deg_04,25.0000,0,-0.009204,-0.117962,-0.007623,-0.039119,0.462480,-0.036450,-0.036837,-0.082015,-0.121349,-0.074423,-0.009966,-0.005683,,
5.7900,isaac,initial_pitch_release,isaac_rel_25deg_04,25.0000,0,-0.011060,-0.127251,-0.007732,0.021998,0.462054,-0.022071,-0.009966,-0.005683,-0.147963,-0.115232,-0.037742,-0.091519,,
5.8050,isaac,initial_pitch_release,isaac_rel_25deg_04,25.0000,0,-0.012885,-0.115887,-0.008001,-0.053192,0.461602,-0.039738,-0.037742,-0.091519,-0.111533,-0.067149,-0.008206,0.000000,,
5.8200,isaac,initial_pitch_release,isaac_rel_25deg_04,25.0000,0,-0.014767,-0.132767,-0.007986,0.050674,0.461182,-0.017659,-0.008206,0.000000,-0.157549,-0.127689,-0.049406,-0.117575,,
5.8350,isaac,initial_pitch_release,isaac_rel_25deg_04,25.0000,0,-0.016669,-0.121159,-0.007823,-0.022948,0.460773,-0.038256,-0.049406,-0.117575,-0.106300,-0.058924,-0.010742,0.000000,,
5.8500,isaac,initial_pitch_release,isaac_rel_25deg_04,25.0000,0,-0.018648,-0.138413,-0.007251,0.095050,0.460395,-0.012936,-0.010742,0.000000,-0.158433,-0.133019,-0.051066,-0.128699,,
5.8650,isaac,initial_pitch_release,isaac_rel_25deg_04,25.0000,0,-0.020662,-0.127985,-0.006432,0.020967,0.460040,-0.035819,-0.051066,-0.128699,-0.086664,-0.036539,-0.011103,0.000000,,
5.8800,isaac,initial_pitch_release,isaac_rel_25deg_04,25.0000,0,-0.022659,-0.136133,-0.005762,0.068631,0.459640,-0.019068,-0.011103,0.000000,-0.138694,-0.113099,-0.026307,-0.087051,,
5.8950,isaac,initial_pitch_release,isaac_rel_25deg_04,25.0000,0,-0.024632,-0.127046,-0.005227,0.010539,0.459244,-0.035068,-0.026307,-0.087051,-0.121672,-0.077345,-0.008086,-0.011851,,
5.9100,isaac,initial_pitch_release,isaac_rel_25deg_04,25.0000,0,-0.026565,-0.129662,-0.004956,0.028187,0.458818,-0.024929,-0.008086,-0.011851,-0.131309,-0.103644,-0.016323,-0.067215,,
5.9250,isaac,initial_pitch_release,isaac_rel_25deg_04,25.0000,0,-0.028428,-0.118755,-0.005106,-0.042517,0.458323,-0.043161,-0.016323,-0.067215,-0.108926,-0.066346,-0.003549,0.000000,,
5.9400,isaac,initial_pitch_release,isaac_rel_25deg_04,25.0000,0,-0.030395,-0.139910,-0.004679,0.095161,0.457897,-0.015277,-0.003549,0.000000,-0.161104,-0.136117,-0.052852,-0.135157,,
5.9550,isaac,initial_pitch_release,isaac_rel_25deg_04,25.0000,0,-0.032430,-0.131252,-0.003798,0.030099,0.457494,-0.039579,-0.052852,-0.135157,-0.100845,-0.055147,-0.011491,0.000000,,
5.9700,isaac,initial_pitch_release,isaac_rel_25deg_04,25.0000,0,-0.034382,-0.128683,-0.003452,0.018807,0.456970,-0.031648,-0.011491,0.000000,-0.117600,-0.095774,-0.002498,-0.050675,,
5.9850,isaac,initial_pitch_release,isaac_rel_25deg_04,25.0000,0,-0.036291,-0.125374,-0.003378,-0.006465,0.456519,-0.031912,-0.002498,-0.050675,-0.122475,-0.088559,-0.003927,-0.035490,,
6.0000,isaac,initial_pitch_release,isaac_rel_25deg_04,25.0000,0,-0.038169,-0.124300,-0.003505,-0.010571,0.456083,-0.029003,-0.003927,-0.035490,-0.126017,-0.094122,-0.008724,-0.047200,,
6.0150,isaac,initial_pitch_release,isaac_rel_25deg_04,25.0000,0,-0.040067,-0.127646,-0.003530,0.007196,0.455672,-0.027412,-0.008724,-0.047200,-0.133877,-0.097986,-0.019708,-0.055326,,
6.0300,isaac,initial_pitch_release,isaac_rel_25deg_04,25.0000,0,-0.041956,-0.123924,-0.003618,-0.016161,0.455202,-0.037516,-0.019708,-0.055326,-0.124489,-0.084767,-0.010220,-0.027501,,
6.0450,isaac,initial_pitch_release,isaac_rel_25deg_04,25.0000,0,-0.043921,-0.136290,-0.003289,0.058894,0.454785,-0.020612,-0.010220,-0.027501,-0.142368,-0.117186,-0.030750,-0.095612,,
6.0600,isaac,initial_pitch_release,isaac_rel_25deg_04,25.0000,0,-0.045895,-0.127030,-0.002899,-0.001186,0.454331,-0.042811,-0.030750,-0.095612,-0.104242,-0.062513,-0.006686,0.000000,,
6.0750,isaac,initial_pitch_release,isaac_rel_25deg_04,25.0000,0,-0.047826,-0.129614,-0.002803,0.013877,0.453832,-0.025200,-0.006686,0.000000,-0.120162,-0.103587,-0.001905,-0.067094,,
6.0900,isaac,initial_pitch_release,isaac_rel_25deg_04,25.0000,0,-0.049822,-0.135248,-0.002350,0.047757,0.453477,-0.023783,-0.001905,-0.067094,-0.139583,-0.101015,-0.025430,-0.061693,,
6.1050,isaac,initial_pitch_release,isaac_rel_25deg_04,25.0000,0,-0.051820,-0.131570,-0.001888,0.018514,0.453068,-0.031974,-0.025430,-0.061693,-0.117786,-0.083158,-0.005529,-0.024110,,
6.1200,isaac,initial_pitch_release,isaac_rel_25deg_04,25.0000,0,-0.053766,-0.128364,-0.001764,0.000738,0.452612,-0.031430,-0.005529,-0.024110,-0.117569,-0.089045,-0.001202,-0.036513,,
6.1350,isaac,initial_pitch_release,isaac_rel_25deg_04,25.0000,0,-0.055680,-0.127411,-0.001862,-0.012815,0.452199,-0.026627,-0.001202,-0.036513,-0.119664,-0.090254,-0.000261,-0.039060,,
6.1500,isaac,initial_pitch_release,isaac_rel_25deg_04,25.0000,0,-0.057559,-0.123565,-0.002206,-0.031942,0.451791,-0.029212,-0.000261,-0.039060,-0.120614,-0.086782,-0.001081,-0.031746,,
6.1650,isaac,initial_pitch_release,isaac_rel_25deg_04,25.0000,0,-0.059469,-0.129781,-0.002407,0.004749,0.451432,-0.020615,-0.001081,-0.031746,-0.133169,-0.102714,-0.017151,-0.065262,,
6.1800,isaac,initial_pitch_release,isaac_rel_25deg_04,25.0000,0,-0.061439,-0.132132,-0.002279,0.014758,0.451113,-0.024281,-0.017151,-0.065262,-0.130041,-0.092891,-0.016692,-0.044609,,
6.1950,isaac,initial_pitch_release,isaac_rel_25deg_04,25.0000,0,-0.063475,-0.138390,-0.001792,0.051880,0.450787,-0.020460,-0.016692,-0.044609,-0.133936,-0.101693,-0.021514,-0.063117,,
6.2100,isaac,initial_pitch_release,isaac_rel_25deg_04,25.0000,0,-0.065500,-0.131652,-0.001398,0.006784,0.450373,-0.036206,-0.021514,-0.063117,-0.107932,-0.074677,-0.004678,-0.006218,,
6.2250,isaac,initial_pitch_release,isaac_rel_25deg_04,25.0000,0,-0.067500,-0.134337,-0.001203,0.020463,0.449959,-0.021185,-0.004678,-0.006218,-0.119497,-0.100236,-0.001017,-0.060055,,
6.2400,isaac,initial_pitch_release,isaac_rel_25deg_04,25.0000,0,-0.069519,-0.134311,-0.000934,0.018122,0.449630,-0.024369,-0.001017,-0.060055,-0.126939,-0.089144,-0.009259,-0.036722,,
6.2550,isaac,initial_pitch_release,isaac_rel_25deg_04,25.0000,0,-0.071549,-0.135919,-0.000634,0.023987,0.449315,-0.019719,-0.009259,-0.036722,-0.123244,-0.093620,-0.006371,-0.046143,,
6.2700,isaac,initial_pitch_release,isaac_rel_25deg_04,25.0000,0,-0.073539,-0.129503,-0.000613,-0.016880,0.448919,-0.034052,-0.006371,-0.046143,-0.107503,-0.075242,-0.001385,-0.007412,,
6.2850,isaac,initial_pitch_release,isaac_rel_25deg_04,25.0000,0,-0.075575,-0.140395,-0.000376,0.047837,0.448562,-0.014937,-0.001385,-0.007412,-0.134909,-0.111252,-0.019416,-0.083179,,
6.3000,isaac,initial_pitch_release,isaac_rel_25deg_04,25.0000,0,-0.077631,-0.133466,-0.000042,0.002504,0.448224,-0.031782,-0.019416,-0.083179,-0.111997,-0.072416,-0.004222,-0.001445,,
6.3150,isaac,initial_pitch_release,isaac_rel_25deg_04,25.0000,0,-0.079683,-0.139088,0.000219,0.033329,0.447882,-0.014948,-0.004222,-0.001445,-0.124520,-0.102080,-0.006892,-0.063931,,
6.3300,isaac,initial_pitch_release,isaac_rel_25deg_04,25.0000,0,-0.081777,-0.139551,0.000678,0.032554,0.447675,-0.013814,-0.006892,-0.063931,-0.124989,-0.088534,-0.008067,-0.035438,,
6.3450,isaac,initial_pitch_release,isaac_rel_25deg_04,25.0000,0,-0.083875,-0.140008,0.001133,0.032184,0.447486,-0.011948,-0.008067,-0.035438,-0.123334,-0.089055,-0.006226,-0.036533,,
6.3600,isaac,initial_pitch_release,isaac_rel_25deg_04,25.0000,0,-0.085924,-0.133818,0.001251,-0.012059,0.447207,-0.027153,-0.006226,-0.036533,-0.109318,-0.070503,-0.001354,0.000000,,
6.3750,isaac,initial_pitch_release,isaac_rel_25deg_04,25.0000,0,-0.087972,-0.139746,0.001304,0.019121,0.446948,-0.009268,-0.001354,0.000000,-0.123817,-0.101040,-0.005378,-0.061745,,
6.3900,isaac,initial_pitch_release,isaac_rel_25deg_04,25.0000,0,-0.090069,-0.139901,0.001604,0.024697,0.446804,-0.010556,-0.005378,-0.061745,-0.127859,-0.087623,-0.011371,-0.033518,,
6.4050,isaac,initial_pitch_release,isaac_rel_25deg_04,25.0000,0,-0.092200,-0.143242,0.002069,0.041031,0.446693,-0.004538,-0.011371,-0.033518,-0.126573,-0.092324,-0.011047,-0.043417,,
6.4200,isaac,initial_pitch_release,isaac_rel_25deg_04,25.0000,0,-0.094302,-0.137184,0.002329,0.000194,0.446536,-0.017798,-0.011047,-0.043417,-0.108606,-0.069365,-0.002402,0.000000,,
6.4350,isaac,initial_pitch_release,isaac_rel_25deg_04,25.0000,0,-0.096362,-0.137145,0.002288,-0.004256,0.446336,-0.011406,-0.002402,0.000000,-0.117352,-0.086963,-0.000522,-0.032127,,
6.4500,isaac,initial_pitch_release,isaac_rel_25deg_04,25.0000,0,-0.098429,-0.137948,0.002246,-0.000293,0.446214,-0.006630,-0.000522,-0.032127,-0.124521,-0.087659,-0.006089,-0.033594,,
6.4650,isaac,initial_pitch_release,isaac_rel_25deg_04,25.0000,0,-0.100471,-0.133923,0.002010,-0.029462,0.446079,-0.013217,-0.006089,-0.033594,-0.117412,-0.075783,-0.001324,-0.008553,,
6.4800,isaac,initial_pitch_release,isaac_rel_25deg_04,25.0000,0,-0.102531,-0.139676,0.001832,0.002804,0.445983,-0.000884,-0.001324,-0.008553,-0.130350,-0.096352,-0.013640,-0.051891,,
6.4950,isaac,initial_pitch_release,isaac_rel_25deg_04,25.0000,0,-0.104654,-0.142496,0.001968,0.017955,0.445980,0.000769,-0.013640,-0.051891,-0.129939,-0.087562,-0.015799,-0.033390,,
6.5100,isaac,initial_pitch_release,isaac_rel_25deg_04,25.0000,0,-0.106887,-0.153755,0.002710,0.082866,0.446060,0.011217,-0.015799,-0.033390,-0.143005,-0.102489,-0.032766,-0.064789,,
6.5250,isaac,initial_pitch_release,isaac_rel_25deg_04,25.0000,0,-0.109153,-0.149452,0.003630,0.046809,0.446131,-0.000330,-0.032766,-0.064789,-0.100738,-0.054412,-0.007124,0.000000,,
6.5400,isaac,initial_pitch_release,isaac_rel_25deg_04,25.0000,0,-0.111428,-0.153909,0.004550,0.078644,0.446209,0.012684,-0.007124,0.000000,-0.130916,-0.095196,-0.015617,-0.049459,,
6.5550,isaac,initial_pitch_release,isaac_rel_25deg_04,25.0000,0,-0.113708,-0.150042,0.005475,0.051395,0.446350,0.007759,-0.015617,-0.049459,-0.120957,-0.075039,-0.004855,-0.006984,,
6.5700,isaac,initial_pitch_release,isaac_rel_25deg_04,25.0000,0,-0.115939,-0.147388,0.006064,0.032223,0.446479,0.010605,-0.004855,-0.006984,-0.118378,-0.078953,-0.001056,-0.015242,,
6.5850,isaac,initial_pitch_release,isaac_rel_25deg_04,25.0000,0,-0.118141,-0.146015,0.006442,0.023198,0.446636,0.012016,-0.001056,-0.015242,-0.125086,-0.079164,-0.006921,-0.015687,,
6.6000,isaac,initial_pitch_release,isaac_rel_25deg_04,25.0000,0,-0.120417,-0.156055,0.007232,0.084116,0.446898,0.025144,-0.006921,-0.015687,-0.141478,-0.098949,-0.028910,-0.057352,,
6.6150,isaac,initial_pitch_release,isaac_rel_25deg_04,25.0000,0,-0.122726,-0.151821,0.008227,0.055547,0.447212,0.018595,-0.028910,-0.057352,-0.111803,-0.058053,-0.006286,0.000000,,
6.6300,isaac,initial_pitch_release,isaac_rel_25deg_04,25.0000,0,-0.124965,-0.146960,0.008779,0.024692,0.447464,0.016533,-0.006286,0.000000,-0.110230,-0.062487,-0.001367,0.000000,,
6.6450,isaac,initial_pitch_release,isaac_rel_25deg_04,25.0000,0,-0.127134,-0.142303,0.008900,-0.003965,0.447685,0.015852,-0.001367,0.000000,-0.094124,-0.046671,-0.000297,0.000000,,
6.6600,isaac,initial_pitch_release,isaac_rel_25deg_04,25.0000,0,-0.129246,-0.139028,0.008678,-0.024423,0.447910,0.016517,-0.000297,0.000000,-0.121971,-0.073437,-0.002809,-0.003602,,
6.6750,isaac,initial_pitch_release,isaac_rel_25deg_04,25.0000,0,-0.131322,-0.137503,0.008235,-0.034055,0.448162,0.019010,-0.002809,-0.003602,-0.124645,-0.075498,-0.006743,-0.007952,,
6.6900,isaac,initial_pitch_release,isaac_rel_25deg_04,25.0000,0,-0.133355,-0.133535,0.007515,-0.059895,0.448444,0.019698,-0.006743,-0.007952,-0.119671,-0.063372,-0.001466,0.000000,,
6.7050,isaac,initial_pitch_release,isaac_rel_25deg_04,25.0000,0,-0.135383,-0.136055,0.006739,-0.044797,0.448762,0.023216,-0.001466,0.000000,-0.134585,-0.080847,-0.019024,-0.019236,,
6.7200,isaac,initial_pitch_release,isaac_rel_25deg_04,25.0000,0,-0.137433,-0.136762,0.006086,-0.042177,0.449094,0.022405,-0.019024,-0.019236,-0.131149,-0.076724,-0.018499,-0.010539,,
6.7350,isaac,initial_pitch_release,isaac_rel_25deg_04,25.0000,0,-0.139456,-0.132760,0.005240,-0.069043,0.449445,0.025095,-0.018499,-0.010539,-0.115436,-0.064455,-0.004022,0.000000,,
6.7500,isaac,initial_pitch_release,isaac_rel_25deg_04,25.0000,0,-0.141457,-0.133574,0.004227,-0.066506,0.449846,0.028932,-0.004022,0.000000,-0.131912,-0.078722,-0.016202,-0.014755,,
6.7650,isaac,initial_pitch_release,isaac_rel_25deg_04,25.0000,0,-0.143489,-0.136434,0.003358,-0.050454,0.450281,0.029668,-0.016202,-0.014755,-0.139197,-0.079870,-0.028051,-0.017176,,
6.7800,isaac,initial_pitch_release,isaac_rel_25deg_04,25.0000,0,-0.145664,-0.151448,0.003295,0.039875,0.450812,0.043944,-0.028051,-0.017176,-0.156106,-0.102137,-0.051909,-0.064050,,
6.7950,isaac,initial_pitch_release,isaac_rel_25deg_04,25.0000,0,-0.147909,-0.147587,0.003635,0.011691,0.451449,0.043618,-0.051909,-0.064050,-0.121657,-0.054996,-0.013633,0.000000,,
6.8100,isaac,initial_pitch_release,isaac_rel_25deg_04,25.0000,0,-0.150230,-0.160257,0.004372,0.087356,0.452167,0.055002,-0.013633,0.000000,-0.157462,-0.098416,-0.050476,-0.056231,,
6.8250,isaac,initial_pitch_release,isaac_rel_25deg_04,25.0000,0,-0.152628,-0.158788,0.005559,0.077966,0.452902,0.046101,-0.050476,-0.056231,-0.136490,-0.069974,-0.032086,0.000000,,
6.8400,isaac,initial_pitch_release,isaac_rel_25deg_04,25.0000,0,-0.154973,-0.153687,0.006408,0.042515,0.453607,0.050907,-0.032086,0.000000,-0.105598,-0.046045,-0.006976,0.000000,,
6.8550,isaac,initial_pitch_release,isaac_rel_25deg_04,25.0000,0,-0.157255,-0.150470,0.006851,0.022156,0.454344,0.050232,-0.006976,0.000000,-0.132293,-0.070477,-0.017327,0.000000,,
6.8700,isaac,initial_pitch_release,isaac_rel_25deg_04,25.0000,0,-0.159493,-0.147794,0.007017,0.004283,0.455074,0.050425,-0.017327,0.000000,-0.131574,-0.069958,-0.018667,0.000000,,
6.8850,isaac,initial_pitch_release,isaac_rel_25deg_04,25.0000,0,-0.161732,-0.150257,0.007176,0.018801,0.455833,0.053925,-0.018667,0.000000,-0.141758,-0.079305,-0.031816,-0.015984,,
6.9000,isaac,initial_pitch_release,isaac_rel_25deg_04,25.0000,0,-0.163947,-0.145171,0.007203,-0.011519,0.456678,0.061267,-0.031816,-0.015984,-0.103003,-0.034079,-0.006918,0.000000,,
6.9150,isaac,initial_pitch_release,isaac_rel_25deg_04,25.0000,0,-0.166120,-0.144130,0.006964,-0.017849,0.457557,0.058962,-0.006918,0.000000,-0.140683,-0.068673,-0.027906,0.000000,,
6.9300,isaac,initial_pitch_release,isaac_rel_25deg_04,25.0000,0,-0.168260,-0.140991,0.006531,-0.037346,0.458440,0.061599,-0.027906,0.000000,-0.128157,-0.057479,-0.016646,0.000000,,
6.9450,isaac,initial_pitch_release,isaac_rel_25deg_04,25.0000,0,-0.170410,-0.144793,0.006147,-0.013190,0.459335,0.059850,-0.016646,0.000000,-0.149745,-0.078923,-0.041436,-0.015179,,
6.9600,isaac,initial_pitch_release,isaac_rel_25deg_04,25.0000,0,-0.172586,-0.144632,0.005918,-0.014902,0.460163,0.053790,-0.041436,-0.015179,-0.141237,-0.068719,-0.036110,0.000000,,
6.9750,isaac,initial_pitch_release,isaac_rel_25deg_04,25.0000,0,-0.174807,-0.150350,0.005945,0.019069,0.460969,0.056416,-0.036110,0.000000,-0.149365,-0.083408,-0.045190,-0.024636,,
6.9900,isaac,initial_pitch_release,isaac_rel_25deg_04,25.0000,0,-0.177047,-0.148012,0.006101,0.004391,0.461789,0.055646,-0.045190,-0.024636,-0.133731,-0.062605,-0.027452,0.000000,,
7.0050,isaac,initial_pitch_release,isaac_rel_25deg_04,25.0000,0,-0.179250,-0.145417,0.006041,-0.009189,0.462593,0.055336,-0.027452,0.000000,-0.136097,-0.070492,-0.026584,0.000000,,
7.0200,isaac,initial_pitch_release,isaac_rel_25deg_04,25.0000,0,-0.181450,-0.147064,0.005955,0.000026,0.463420,0.058402,-0.026584,0.000000,-0.144658,-0.077555,-0.037193,-0.012293,,
7.0350,isaac,initial_pitch_release,isaac_rel_25deg_04,25.0000,0,-0.183678,-0.149340,0.006053,0.014396,0.464265,0.057286,-0.037193,-0.012293,-0.146175,-0.078308,-0.041410,-0.013881,,
7.0500,isaac,initial_pitch_release,isaac_rel_25deg_04,25.0000,0,-0.185948,-0.152518,0.006409,0.034919,0.465102,0.055739,-0.041410,-0.013881,-0.148685,-0.079262,-0.045486,-0.015894,,
7.0650,isaac,initial_pitch_release,isaac_rel_25deg_04,25.0000,0,-0.188219,-0.149963,0.006793,0.020587,0.465910,0.053860,-0.045486,-0.015894,-0.136672,-0.067389,-0.031232,0.000000,,
7.0800,isaac,initial_pitch_release,isaac_rel_25deg_04,25.0000,0,-0.190487,-0.151592,0.007174,0.033051,0.466716,0.056989,-0.031232,0.000000,-0.146459,-0.078599,-0.040471,-0.014496,,
7.0950,isaac,initial_pitch_release,isaac_rel_25deg_04,25.0000,0,-0.192722,-0.146012,0.007398,0.000734,0.467588,0.063440,-0.040471,-0.014496,-0.124540,-0.051675,-0.014799,0.000000,,
7.1100,isaac,initial_pitch_release,isaac_rel_25deg_04,25.0000,0,-0.194887,-0.142239,0.007237,-0.019271,0.468538,0.065269,-0.014799,0.000000,-0.135883,-0.059714,-0.023563,0.000000,,
7.1250,isaac,initial_pitch_release,isaac_rel_25deg_04,25.0000,0,-0.197015,-0.140995,0.006885,-0.025832,0.469470,0.060629,-0.023563,0.000000,-0.145201,-0.069347,-0.037220,0.000000,,
7.1400,isaac,initial_pitch_release,isaac_rel_25deg_04,25.0000,0,-0.199139,-0.141431,0.006537,-0.019781,0.470329,0.055644,-0.037220,0.000000,-0.147480,-0.074271,-0.043059,-0.005362,,
7.1550,isaac,initial_pitch_release,isaac_rel_25deg_04,25.0000,0,-0.201215,-0.135355,0.005959,-0.054959,0.471211,0.063981,-0.043059,-0.005362,-0.122530,-0.047806,-0.012815,0.000000,,
7.1700,isaac,initial_pitch_release,isaac_rel_25deg_04,25.0000,0,-0.203238,-0.133718,0.005082,-0.061534,0.472128,0.060072,-0.012815,0.000000,-0.147109,-0.072338,-0.037286,-0.001282,,
7.1850,isaac,initial_pitch_release,isaac_rel_25deg_04,25.0000,0,-0.205341,-0.144910,0.004704,0.008456,0.473071,0.068131,-0.037286,-0.001282,-0.162753,-0.094599,-0.062253,-0.048203,,
7.2000,isaac,initial_pitch_release,isaac_rel_25deg_04,25.0000,0,-0.207480,-0.140025,0.004596,-0.020276,0.474078,0.068996,-0.062253,-0.048203,-0.129560,-0.049179,-0.025889,0.000000,,
7.2150,isaac,initial_pitch_release,isaac_rel_25deg_04,25.0000,0,-0.209544,-0.134993,0.004080,-0.047349,0.475108,0.070545,-0.025889,0.000000,-0.135242,-0.055426,-0.025164,0.000000,,
7.2300,isaac,initial_pitch_release,isaac_rel_25deg_04,25.0000,0,-0.211587,-0.136547,0.003459,-0.035728,0.476105,0.065731,-0.025164,0.000000,-0.154499,-0.077442,-0.049263,-0.012053,,
7.2450,isaac,initial_pitch_release,isaac_rel_25deg_04,25.0000,0,-0.213601,-0.131418,0.002708,-0.063295,0.477073,0.065454,-0.049263,-0.012053,-0.133533,-0.052786,-0.028087,0.000000,,
7.2600,isaac,initial_pitch_release,isaac_rel_25deg_04,25.0000,0,-0.215555,-0.128254,0.001618,-0.082038,0.478017,0.061234,-0.028087,0.000000,-0.143312,-0.065195,-0.035824,0.000000,,
7.2750,isaac,initial_pitch_release,isaac_rel_25deg_04,25.0000,0,-0.217542,-0.135236,0.000744,-0.037490,0.478942,0.064768,-0.035824,0.000000,-0.160065,-0.089329,-0.058566,-0.037111,,
7.2900,isaac,initial_pitch_release,isaac_rel_25deg_04,25.0000,0,-0.219553,-0.132360,0.000050,-0.054394,0.479828,0.055624,-0.058566,-0.037111,-0.144599,-0.063109,-0.044072,0.000000,,
7.3050,isaac,initial_pitch_release,isaac_rel_25deg_04,25.0000,0,-0.221489,-0.125581,-0.001067,-0.094169,0.480660,0.057585,-0.044072,0.000000,-0.130958,-0.056533,-0.023703,0.000000,,
7.3200,isaac,initial_pitch_release,isaac_rel_25deg_04,25.0000,0,-0.223495,-0.139787,-0.001781,-0.005905,0.481607,0.070337,-0.023703,0.000000,-0.172073,-0.105100,-0.070959,-0.070272,,
7.3350,isaac,initial_pitch_release,isaac_rel_25deg_04,25.0000,0,-0.225559,-0.135233,-0.002104,-0.034548,0.482582,0.061032,-0.070959,-0.070272,-0.140321,-0.053657,-0.041374,0.000000,,
7.3500,isaac,initial_pitch_release,isaac_rel_25deg_04,25.0000,0,-0.227554,-0.130370,-0.002830,-0.061647,0.483414,0.052130,-0.041374,0.000000,-0.146131,-0.070754,-0.042264,0.000000,,
7.3650,isaac,initial_pitch_release,isaac_rel_25deg_04,25.0000,0,-0.229601,-0.140716,-0.003250,0.001932,0.484231,0.059269,-0.042264,0.000000,-0.166359,-0.099277,-0.067850,-0.058039,,
7.3800,isaac,initial_pitch_release,isaac_rel_25deg_04,25.0000,0,-0.231698,-0.138060,-0.003338,-0.011792,0.484989,0.043644,-0.067850,-0.058039,-0.153016,-0.073057,-0.056681,-0.002799,,
7.3950,isaac,initial_pitch_release,isaac_rel_25deg_04,25.0000,0,-0.233805,-0.142321,-0.003360,0.008804,0.485622,0.043859,-0.056681,-0.002799,-0.154743,-0.088437,-0.056423,-0.035232,,
7.4100,isaac,initial_pitch_release,isaac_rel_25deg_04,25.0000,0,-0.235963,-0.144958,-0.003066,0.031593,0.486256,0.042389,-0.056423,-0.035232,-0.157646,-0.088271,-0.060011,-0.034883,,
7.4250,isaac,initial_pitch_release,isaac_rel_25deg_04,25.0000,0,-0.238133,-0.143653,-0.002673,0.024096,0.486844,0.037961,-0.060011,-0.034883,-0.149239,-0.080781,-0.050228,-0.019098,,
7.4400,isaac,initial_pitch_release,isaac_rel_25deg_04,25.0000,0,0.076016,-0.149636,-0.002025,0.062891,0.487427,0.041560,-0.050228,-0.019098,-0.160273,-0.094939,-0.061959,-0.048918,,
7.4550,isaac,initial_pitch_release,isaac_rel_25deg_04,25.0000,0,0.073790,-0.146808,-0.001224,0.048176,0.487863,0.018159,-0.061959,-0.048918,-0.159572,-0.063528,-0.063630,0.000000,,
7.4700,isaac,initial_pitch_release,isaac_rel_25deg_04,25.0000,0,0.071632,-0.140636,-0.000794,0.013855,0.488040,0.006768,-0.063630,0.000000,-0.143597,-0.064492,-0.043911,0.000000,,
7.4850,isaac,initial_pitch_release,isaac_rel_25deg_04,25.0000,0,0.069556,-0.135914,-0.000787,-0.011137,0.488045,-0.005913,-0.043911,0.000000,-0.149755,-0.072855,-0.047376,-0.002373,,
7.5000,isaac,initial_pitch_release,isaac_rel_25deg_04,25.0000,0,0.067426,-0.146500,-0.000430,0.057814,0.487990,-0.002125,-0.047376,-0.002373,-0.170629,-0.100711,-0.074302,-0.061053,,
7.5150,isaac,initial_pitch_release,isaac_rel_25deg_04,25.0000,0,0.065305,-0.135405,-0.000045,0.000220,0.487954,-0.002281,-0.074302,-0.061053,-0.124386,-0.051338,-0.021959,0.000000,,
7.5300,isaac,initial_pitch_release,isaac_rel_25deg_04,25.0000,0,0.063291,-0.131922,-0.000221,-0.022325,0.487874,-0.008526,-0.021959,0.000000,-0.148403,-0.076718,-0.040902,-0.010526,,
7.5450,isaac,initial_pitch_release,isaac_rel_25deg_04,25.0000,0,0.061364,-0.124396,-0.000861,-0.062552,0.487682,-0.016975,-0.040902,-0.010526,-0.140279,-0.065337,-0.034787,0.000000,,
7.5600,isaac,initial_pitch_release,isaac_rel_25deg_04,25.0000,0,0.059483,-0.125115,-0.001735,-0.056115,0.487401,-0.020235,-0.034787,0.000000,-0.153114,-0.084305,-0.049616,-0.026527,,
7.5750,isaac,initial_pitch_release,isaac_rel_25deg_04,25.0000,0,0.057541,-0.132348,-0.002187,-0.007900,0.487120,-0.018860,-0.049616,-0.026527,-0.163006,-0.095878,-0.065251,-0.050894,,
7.5900,isaac,initial_pitch_release,isaac_rel_25deg_04,25.0000,0,0.055521,-0.135938,-0.002116,0.017486,0.486830,-0.021665,-0.065251,-0.050894,-0.156433,-0.090275,-0.060407,-0.039103,,
7.6050,isaac,initial_pitch_release,isaac_rel_25deg_04,25.0000,0,0.053535,-0.128711,-0.002173,-0.022244,0.486454,-0.030325,-0.060407,-0.039103,-0.137715,-0.073707,-0.035791,-0.004171,,
7.6200,isaac,initial_pitch_release,isaac_rel_25deg_04,25.0000,0,0.051570,-0.132280,-0.002314,0.001802,0.486074,-0.022170,-0.035791,-0.004171,-0.151739,-0.095463,-0.048106,-0.050020,,
7.6350,isaac,initial_pitch_release,isaac_rel_25deg_04,25.0000,0,0.049641,-0.124748,-0.002600,-0.039018,0.485708,-0.029038,-0.048106,-0.050020,-0.136754,-0.074871,-0.031905,-0.006629,,
7.6500,isaac,initial_pitch_release,isaac_rel_25deg_04,25.0000,0,0.047744,-0.127176,-0.003033,-0.021231,0.485305,-0.026592,-0.031905,-0.006629,-0.153306,-0.091895,-0.049230,-0.042513,,
7.6650,isaac,initial_pitch_release,isaac_rel_25deg_04,25.0000,0,0.045921,-0.115303,-0.003847,-0.086526,0.484890,-0.029367,-0.049230,-0.042513,-0.124779,-0.061783,-0.017006,0.000000,,
7.6800,isaac,initial_pitch_release,isaac_rel_25deg_04,25.0000,0,0.044225,-0.109829,-0.005398,-0.121632,0.484418,-0.032473,-0.017006,0.000000,-0.139531,-0.078019,-0.028647,-0.013272,,
7.6950,isaac,initial_pitch_release,isaac_rel_25deg_04,25.0000,0,0.042560,-0.111095,-0.007114,-0.109906,0.483902,-0.035250,-0.028647,-0.013272,-0.153523,-0.088994,-0.048794,-0.036407,,
7.7100,isaac,initial_pitch_release,isaac_rel_25deg_04,25.0000,0,0.040738,-0.129283,-0.007863,0.002696,0.483458,-0.025222,-0.048794,-0.036407,-0.177969,-0.118167,-0.083769,-0.097665,,
7.7250,isaac,initial_pitch_release,isaac_rel_25deg_04,25.0000,0,0.038856,-0.120462,-0.008196,-0.044315,0.482993,-0.038788,-0.083769,-0.097665,-0.134869,-0.074177,-0.037277,-0.005163,,
7.7400,isaac,initial_pitch_release,isaac_rel_25deg_04,25.0000,0,0.036906,-0.136386,-0.008139,0.049323,0.482574,-0.018708,-0.037277,-0.005163,-0.166325,-0.120432,-0.066724,-0.102406,,
7.7550,isaac,initial_pitch_release,isaac_rel_25deg_04,25.0000,0,0.034901,-0.130591,-0.007705,0.014821,0.482215,-0.031849,-0.066724,-0.102406,-0.141929,-0.078827,-0.042481,-0.014976,,
7.7700,isaac,initial_pitch_release,isaac_rel_25deg_04,25.0000,0,0.032762,-0.151866,-0.006461,0.147928,0.481890,-0.013295,-0.042481,-0.014976,-0.180315,-0.129907,-0.085320,-0.122206,,
7.7850,isaac,initial_pitch_release,isaac_rel_25deg_04,25.0000,0,0.030585,-0.138615,-0.004907,0.068633,0.481638,-0.022879,-0.085320,-0.122206,-0.113902,-0.055099,-0.018550,0.000000,,
7.8000,isaac,initial_pitch_release,isaac_rel_25deg_04,25.0000,0,0.028580,-0.128777,-0.004372,0.009427,0.481298,-0.023829,-0.018550,0.000000,-0.129084,-0.078736,-0.015785,-0.014785,,
7.8150,isaac,initial_pitch_release,isaac_rel_25deg_04,25.0000,0,0.026569,-0.137789,-0.003786,0.069182,0.480968,-0.021718,-0.015785,-0.014785,-0.166424,-0.105774,-0.062174,-0.071687,,
7.8300,isaac,initial_pitch_release,isaac_rel_25deg_04,25.0000,0,0.024600,-0.125380,-0.003363,-0.005693,0.480590,-0.030735,-0.062174,-0.071687,-0.117153,-0.065139,-0.013518,0.000000,,
7.8450,isaac,initial_pitch_release,isaac_rel_25deg_04,25.0000,0,0.022680,-0.129684,-0.003210,0.027415,0.480211,-0.022502,-0.013518,0.000000,-0.150686,-0.102192,-0.041940,-0.064165,,
7.8600,isaac,initial_pitch_release,isaac_rel_25deg_04,25.0000,0,0.020756,-0.126172,-0.002978,0.008528,0.479818,-0.032591,-0.041940,-0.064165,-0.141412,-0.083279,-0.036441,-0.024364,,
7.8750,isaac,initial_pitch_release,isaac_rel_25deg_04,25.0000,0,0.018888,-0.122291,-0.003015,-0.011520,0.479323,-0.035957,-0.036441,-0.024364,-0.135773,-0.086027,-0.028129,-0.030156,,
7.8900,isaac,initial_pitch_release,isaac_rel_25deg_04,25.0000,0,0.017001,-0.128419,-0.002896,0.026938,0.478851,-0.029494,-0.028129,-0.030156,-0.149309,-0.102796,-0.043384,-0.065434,,
7.9050,isaac,initial_pitch_release,isaac_rel_25deg_04,25.0000,0,0.015146,-0.119193,-0.002906,-0.023079,0.478384,-0.035590,-0.043384,-0.065434,-0.124825,-0.078365,-0.015793,-0.014002,,
7.9200,isaac,initial_pitch_release,isaac_rel_25deg_04,25.0000,0,0.013456,-0.106709,-0.003855,-0.099306,0.477805,-0.042683,-0.015793,-0.014002,-0.109995,-0.061091,-0.003434,0.000000,,
7.9350,isaac,initial_pitch_release,isaac_rel_25deg_04,25.0000,0,0.011768,-0.115895,-0.004813,-0.032446,0.477259,-0.030267,-0.003434,0.000000,-0.156734,-0.111102,-0.047345,-0.082865,,
7.9500,isaac,initial_pitch_release,isaac_rel_25deg_04,25.0000,0,0.010020,-0.115627,-0.005343,-0.037599,0.476722,-0.042650,-0.047345,-0.082865,-0.142617,-0.086358,-0.039135,-0.030853,,
7.9650,isaac,initial_pitch_release,isaac_rel_25deg_04,25.0000,0,0.008350,-0.106564,-0.006309,-0.089182,0.476073,-0.044558,-0.039135,-0.030853,-0.119451,-0.080545,-0.008509,-0.018600,,
7.9800,isaac,initial_pitch_release,isaac_rel_25deg_04,25.0000,0,0.006723,-0.108856,-0.007541,-0.076396,0.475457,-0.037619,-0.008509,-0.018600,-0.140926,-0.098250,-0.028559,-0.055881,,
7.9950,isaac,initial_pitch_release,isaac_rel_25deg_04,25.0000,0,0.000000,-0.125112,-0.327995,-0.165677,0.000000,0.000000,-0.028559,-0.055881,-0.151011,-0.099685,0.000000,0.000000,,
0.0000,isaac,initial_pitch_release,isaac_rel_25deg_05,25.0000,0,0.000000,0.000000,0.436332,0.000000,0.000000,0.000000,0.000000,0.000000,0.000000,0.000000,0.000000,0.000000,,
0.0150,isaac,initial_pitch_release,isaac_rel_25deg_05,25.0000,0,0.000000,0.000000,0.436332,0.000106,0.000000,-0.000007,0.000000,0.000000,0.075366,-0.040031,-0.004924,0.000000,,
0.0300,isaac,initial_pitch_release,isaac_rel_25deg_05,25.0000,0,-0.000620,-0.112903,0.443480,1.116062,-0.000893,0.009296,-0.004924,0.000000,0.490606,0.522660,0.041105,0.000000,,
0.0450,isaac,initial_pitch_release,isaac_rel_25deg_05,25.0000,0,-0.000694,0.068680,0.451814,0.156565,-0.001164,-0.062192,0.041105,0.000000,0.547918,0.613728,0.785086,0.941559,,
0.0600,isaac,initial_pitch_release,isaac_rel_25deg_05,25.0000,0,0.002093,0.262242,0.446497,-0.804487,-0.002890,-0.167607,0.785086,0.941559,0.483665,0.494038,0.871862,1.097867,,
0.0750,isaac,initial_pitch_release,isaac_rel_25deg_05,25.0000,0,0.007070,0.352622,0.432056,-1.024582,-0.005366,-0.144562,0.871862,1.097867,0.437404,0.375745,0.774258,0.889448,,
0.0900,isaac,initial_pitch_release,isaac_rel_25deg_05,25.0000,0,0.012894,0.406114,0.417630,-0.965093,-0.006927,-0.067405,0.774258,0.889448,0.417494,0.361588,0.700377,0.659851,,
0.1050,isaac,initial_pitch_release,isaac_rel_25deg_05,25.0000,0,0.019445,0.450976,0.403445,-0.956224,-0.007649,-0.023760,0.700377,0.659851,0.396898,0.382480,0.667687,0.630933,,
0.1200,isaac,initial_pitch_release,isaac_rel_25deg_05,25.0000,0,0.026723,0.499703,0.389268,-0.949623,-0.008079,-0.024386,0.667687,0.630933,0.381403,0.380915,0.633327,0.673504,,
0.1350,isaac,initial_pitch_release,isaac_rel_25deg_05,25.0000,0,0.034683,0.544380,0.375120,-0.944251,-0.008606,-0.035293,0.633327,0.673504,0.379733,0.375350,0.607121,0.670339,,
0.1500,isaac,initial_pitch_release,isaac_rel_25deg_05,25.0000,0,0.043290,0.587815,0.361027,-0.942882,-0.009224,-0.038062,0.607121,0.670339,0.381684,0.367913,0.604280,0.659048,,
0.1650,isaac,initial_pitch_release,isaac_rel_25deg_05,25.0000,0,0.052512,0.626008,0.346966,-0.937788,-0.009781,-0.029573,0.604280,0.659048,0.383587,0.369198,0.607599,0.643888,,
0.1800,isaac,initial_pitch_release,isaac_rel_25deg_05,25.0000,0,0.062337,0.668282,0.332889,-0.941043,-0.010227,-0.023438,0.607599,0.643888,0.372807,0.356023,0.610833,0.646514,,
0.1950,isaac,initial_pitch_release,isaac_rel_25deg_05,25.0000,0,0.072717,0.707519,0.318899,-0.933404,-0.010561,-0.016868,0.610833,0.646514,0.370041,0.349537,0.592456,0.619487,,
0.2100,isaac,initial_pitch_release,isaac_rel_25deg_05,25.0000,0,0.083628,0.736500,0.304965,-0.925687,-0.010766,-0.009596,0.592456,0.619487,0.369255,0.350284,0.587716,0.606092,,
0.2250,isaac,initial_pitch_release,isaac_rel_25deg_05,25.0000,0,0.095065,0.770904,0.291020,-0.928573,-0.010888,-0.005172,0.587716,0.606092,0.373797,0.345148,0.586369,0.607637,,
0.2400,isaac,initial_pitch_release,isaac_rel_25deg_05,25.0000,0,0.107026,0.807254,0.277070,-0.929861,-0.010924,-0.000596,0.586369,0.607637,0.377557,0.348710,0.594150,0.596994,,
0.2550,isaac,initial_pitch_release,isaac_rel_25deg_05,25.0000,0,0.119519,0.844135,0.263088,-0.932402,-0.010880,0.003069,0.594150,0.596994,0.382868,0.343252,0.600570,0.604380,,
0.2700,isaac,initial_pitch_release,isaac_rel_25deg_05,25.0000,0,0.132434,0.869277,0.249424,-0.897547,-0.010933,-0.015019,0.600570,0.604380,0.387816,0.340453,0.609612,0.593055,,
0.2850,isaac,initial_pitch_release,isaac_rel_25deg_05,25.0000,0,0.145681,0.889455,0.236123,-0.869302,-0.011263,-0.036535,0.609612,0.593055,0.394508,0.344465,0.618004,0.587232,,
0.3000,isaac,initial_pitch_release,isaac_rel_25deg_05,25.0000,0,0.159140,0.897427,0.223629,-0.776788,-0.011913,-0.057855,0.618004,0.587232,0.396103,0.340130,0.629305,0.595577,,
0.3150,isaac,initial_pitch_release,isaac_rel_25deg_05,25.0000,0,0.172674,0.898571,0.212780,-0.653258,-0.012851,-0.074556,0.629305,0.595577,0.396686,0.330036,0.631990,0.586560,,
0.3300,isaac,initial_pitch_release,isaac_rel_25deg_05,25.0000,0,0.186253,0.903287,0.203721,-0.536761,-0.013992,-0.084355,0.631990,0.586560,0.399125,0.325662,0.632971,0.565468,,
0.3450,isaac,initial_pitch_release,isaac_rel_25deg_05,25.0000,0,0.199854,0.903154,0.196537,-0.403591,-0.015277,-0.092723,0.632971,0.565468,0.396744,0.315438,0.637069,0.556286,,
0.3600,isaac,initial_pitch_release,isaac_rel_25deg_05,25.0000,0,0.213460,0.903197,0.191271,-0.280355,-0.016646,-0.094376,0.637069,0.556286,0.397526,0.310871,0.633069,0.534724,,
0.3750,isaac,initial_pitch_release,isaac_rel_25deg_05,25.0000,0,0.227072,0.904486,0.187830,-0.159068,-0.017989,-0.088320,0.633069,0.534724,0.397273,0.307088,0.634384,0.525049,,
0.3900,isaac,initial_pitch_release,isaac_rel_25deg_05,25.0000,0,0.240672,0.902061,0.186217,-0.036310,-0.019199,-0.074783,0.634384,0.525049,0.400336,0.309771,0.633958,0.517015,,
0.4050,isaac,initial_pitch_release,isaac_rel_25deg_05,25.0000,0,0.254254,0.901226,0.186345,0.075085,-0.020144,-0.052354,0.633958,0.517015,0.399157,0.307898,0.639100,0.522714,,
0.4200,isaac,initial_pitch_release,isaac_rel_25deg_05,25.0000,0,0.267816,0.899126,0.188104,0.183411,-0.020729,-0.026674,0.639100,0.522714,0.402704,0.316657,0.637122,0.518738,,
0.4350,isaac,initial_pitch_release,isaac_rel_25deg_05,25.0000,0,0.281354,0.897536,0.191421,0.285153,-0.020919,-0.000148,0.637122,0.518738,0.394339,0.314058,0.643069,0.537302,,
0.4500,isaac,initial_pitch_release,isaac_rel_25deg_05,25.0000,0,0.294860,0.896347,0.196218,0.381665,-0.020696,0.026617,0.643069,0.537302,0.393908,0.325099,0.629021,0.531805,,
0.4650,isaac,initial_pitch_release,isaac_rel_25deg_05,25.0000,0,0.308326,0.892076,0.202468,0.479207,-0.020045,0.055055,0.629021,0.531805,0.388290,0.332687,0.628294,0.555102,,
0.4800,isaac,initial_pitch_release,isaac_rel_25deg_05,25.0000,0,-0.310956,0.890963,0.210044,0.560227,-0.019017,0.076238,0.628294,0.555102,0.386810,0.342603,0.618806,0.571021,,
0.4950,isaac,initial_pitch_release,isaac_rel_25deg_05,25.0000,0,-0.297544,0.895019,0.218873,0.645432,-0.017695,0.090757,0.618806,0.571021,0.429619,0.436112,0.616301,0.591706,,
0.5100,isaac,initial_pitch_release,isaac_rel_25deg_05,25.0000,0,-0.284198,0.882991,0.229226,0.760085,-0.016275,0.088396,0.616301,0.591706,0.437067,0.456176,0.687656,0.779795,,
0.5250,isaac,initial_pitch_release,isaac_rel_25deg_05,25.0000,0,-0.270870,0.885476,0.240911,0.827498,-0.014791,0.100986,0.687656,0.779795,0.462161,0.468561,0.699828,0.818398,,
0.5400,isaac,initial_pitch_release,isaac_rel_25deg_05,25.0000,0,-0.257513,0.889185,0.253663,0.888439,-0.013230,0.097057,0.699828,0.818398,0.475094,0.488675,0.740280,0.841900,,
0.5550,isaac,initial_pitch_release,isaac_rel_25deg_05,25.0000,0,-0.244045,0.898061,0.266765,0.898861,-0.011899,0.076128,0.740280,0.841900,0.482709,0.497784,0.760792,0.879531,,
0.5700,isaac,initial_pitch_release,isaac_rel_25deg_05,25.0000,0,-0.230458,0.906066,0.280061,0.916270,-0.010924,0.052260,0.760792,0.879531,0.493629,0.510599,0.772761,0.896349,,
0.5850,isaac,initial_pitch_release,isaac_rel_25deg_05,25.0000,0,-0.216764,0.911220,0.293557,0.930215,-0.010342,0.028481,0.772761,0.896349,0.505271,0.521434,0.789781,0.919772,,
0.6000,isaac,initial_pitch_release,isaac_rel_25deg_05,25.0000,0,-0.202958,0.920415,0.307223,0.946218,-0.010111,0.008185,0.789781,0.919772,0.515519,0.533796,0.807740,0.939355,,
0.6150,isaac,initial_pitch_release,isaac_rel_25deg_05,25.0000,0,-0.189056,0.926619,0.321113,0.965652,-0.010227,-0.015593,0.807740,0.939355,0.529561,0.549193,0.823389,0.961454,,
0.6300,isaac,initial_pitch_release,isaac_rel_25deg_05,25.0000,0,-0.175059,0.932699,0.335212,0.982847,-0.010658,-0.032504,0.823389,0.961454,0.538622,0.559098,0.844585,0.988606,,
0.6450,isaac,initial_pitch_release,isaac_rel_25deg_05,25.0000,0,-0.160974,0.938237,0.349512,0.999187,-0.011314,-0.043639,0.844585,0.988606,0.551342,0.577577,0.858110,1.005854,,
0.6600,isaac,initial_pitch_release,isaac_rel_25deg_05,25.0000,0,-0.146810,0.943097,0.364011,1.015929,-0.012092,-0.047938,0.858110,1.005854,0.560360,0.590812,0.876894,1.037570,,
0.6750,isaac,initial_pitch_release,isaac_rel_25deg_05,25.0000,0,-0.132581,0.947062,0.378681,1.030060,-0.012903,-0.048607,0.876894,1.037570,0.567637,0.601369,0.890068,1.059916,,
0.6900,isaac,initial_pitch_release,isaac_rel_25deg_05,25.0000,0,-0.118305,0.949417,0.393499,1.041976,-0.013673,-0.044147,0.890068,1.059916,0.576237,0.616030,0.900611,1.077515,,
0.7050,isaac,initial_pitch_release,isaac_rel_25deg_05,25.0000,0,-0.104001,0.950429,0.408432,1.051622,-0.014328,-0.036022,0.900611,1.077515,0.585724,0.635410,0.912969,1.101628,,
0.7200,isaac,initial_pitch_release,isaac_rel_25deg_05,25.0000,0,-0.089689,0.950328,0.423445,1.055454,-0.014808,-0.023689,0.912969,1.101628,0.593344,0.653984,0.926474,1.132911,,
0.7350,isaac,initial_pitch_release,isaac_rel_25deg_05,25.0000,0,-0.075393,0.948273,0.438518,1.062778,-0.015075,-0.010416,0.926474,1.132911,0.598321,0.663620,0.937224,1.162261,,
0.7500,isaac,initial_pitch_release,isaac_rel_25deg_05,25.0000,0,-0.061129,0.945319,0.453621,1.065258,-0.015102,0.004710,0.937224,1.162261,0.603833,0.678045,0.944198,1.177242,,
0.7650,isaac,initial_pitch_release,isaac_rel_25deg_05,25.0000,0,-0.046911,0.941945,0.468742,1.067666,-0.014901,0.017342,0.944198,1.177242,0.608071,0.697429,0.951879,1.199360,,
0.7800,isaac,initial_pitch_release,isaac_rel_25deg_05,25.0000,0,-0.032752,0.938115,0.483873,1.066833,-0.014475,0.032038,0.951879,1.199360,0.617409,0.713134,0.957753,1.228491,,
0.7950,isaac,initial_pitch_release,isaac_rel_25deg_05,25.0000,0,0.000000,-0.146833,-0.068692,-0.104861,0.000000,0.000000,0.957753,1.228491,0.625099,0.725777,0.000000,0.000000,,
0.0000,isaac,initial_pitch_release,isaac_rel_25deg_06,25.0000,0,0.000000,0.000000,0.436332,0.000000,0.000000,0.000000,0.000000,0.000000,0.000000,0.000000,0.000000,0.000000,,
0.0150,isaac,initial_pitch_release,isaac_rel_25deg_06,25.0000,0,-0.000000,-0.000000,0.436332,0.000004,0.000000,-0.000007,0.000000,0.000000,-0.203978,-0.352274,-0.008967,0.000000,,
0.0300,isaac,initial_pitch_release,isaac_rel_25deg_06,25.0000,0,-0.003575,-0.200277,0.446782,1.536677,-0.001246,0.140470,-0.008967,0.000000,0.488356,0.519264,-0.314532,-0.678671,,
0.0450,isaac,initial_pitch_release,isaac_rel_25deg_06,25.0000,0,-0.004950,-0.036557,0.459044,0.548933,-0.000348,-0.034037,-0.314532,-0.678671,0.462406,0.449733,0.496994,0.829265,,
0.0600,isaac,initial_pitch_release,isaac_rel_25deg_06,25.0000,0,-0.004455,0.089697,0.463294,0.053572,-0.001054,-0.065210,0.496994,0.829265,0.523819,0.555561,0.665982,0.707836,,
0.0750,isaac,initial_pitch_release,isaac_rel_25deg_06,25.0000,0,-0.001854,0.220957,0.458555,-0.636811,-0.002364,-0.108643,0.665982,0.707836,0.483659,0.499551,0.780998,0.889583,,
0.0900,isaac,initial_pitch_release,isaac_rel_25deg_06,25.0000,0,0.000000,0.097091,-0.203330,-0.209094,0.000000,0.000000,0.780998,0.889583,0.441498,0.416391,0.000000,0.000000,,
0.0000,isaac,initial_pitch_release,isaac_rel_25deg_07,25.0000,0,0.000000,0.000000,0.436332,0.000000,0.000000,0.000000,0.000000,0.000000,0.000000,0.000000,0.000000,0.000000,,
0.0150,isaac,initial_pitch_release,isaac_rel_25deg_07,25.0000,0,-0.000000,0.000000,0.436332,-0.000139,0.000000,-0.000004,0.000000,0.000000,0.328075,0.244040,0.000000,0.000000,,
0.0300,isaac,initial_pitch_release,isaac_rel_25deg_07,25.0000,0,0.000520,-0.065479,0.441287,0.869387,-0.000403,0.019332,0.000000,0.000000,0.490911,0.523529,0.288962,0.227683,,
0.0450,isaac,initial_pitch_release,isaac_rel_25deg_07,25.0000,0,0.000197,0.014020,0.451802,0.567004,-0.000220,-0.009603,0.288962,0.227683,0.523052,0.583960,0.523504,0.587074,,
0.0600,isaac,initial_pitch_release,isaac_rel_25deg_07,25.0000,0,0.001362,0.118809,0.456733,0.143562,-0.000925,-0.089802,0.523504,0.587074,0.509445,0.552549,0.574032,0.729258,,
0.0750,isaac,initial_pitch_release,isaac_rel_25deg_07,25.0000,0,0.004040,0.213735,0.455936,-0.213610,-0.002896,-0.172936,0.574032,0.729258,0.494070,0.508374,0.559286,0.733605,,
0.0900,isaac,initial_pitch_release,isaac_rel_25deg_07,25.0000,0,0.000000,0.002623,-0.238435,0.486521,0.000000,0.000000,0.559286,0.733605,0.479166,0.468494,0.000000,0.000000,,
0.0000,isaac,initial_pitch_release,isaac_rel_25deg_08,25.0000,0,0.000000,0.000000,0.436332,0.000000,0.000000,0.000000,0.000000,0.000000,0.000000,0.000000,0.000000,0.000000,,
0.0150,isaac,initial_pitch_release,isaac_rel_25deg_08,25.0000,0,0.000875,0.101817,0.435701,-0.078440,0.000021,0.005104,0.000000,0.000000,0.105749,-0.014518,0.182468,0.000000,,
0.0300,isaac,initial_pitch_release,isaac_rel_25deg_08,25.0000,0,0.004151,0.150246,0.433428,-0.028006,0.002012,0.233987,0.182468,0.000000,0.474718,0.509820,0.977165,0.525055,,
0.0450,isaac,initial_pitch_release,isaac_rel_25deg_08,25.0000,0,0.007030,0.214662,0.428205,-0.656135,0.006789,0.418648,0.977165,0.525055,0.428156,0.478916,0.886930,0.594325,,
0.0600,isaac,initial_pitch_release,isaac_rel_25deg_08,25.0000,0,0.011043,0.293984,0.415966,-0.898943,0.012810,0.369093,0.886930,0.594325,0.347713,0.477336,0.723025,0.606326,,
0.0750,isaac,initial_pitch_release,isaac_rel_25deg_08,25.0000,0,0.016014,0.351814,0.402430,-0.922314,0.017468,0.286418,0.723025,0.606326,0.336568,0.440923,0.699571,0.565250,,
0.0900,isaac,initial_pitch_release,isaac_rel_25deg_08,25.0000,0,0.021770,0.402086,0.388691,-0.931991,0.021342,0.258028,0.699571,0.565250,0.340593,0.416289,0.708062,0.526862,,
0.1050,isaac,initial_pitch_release,isaac_rel_25deg_08,25.0000,0,0.028234,0.449126,0.374976,-0.926946,0.024913,0.244098,0.708062,0.526862,0.329796,0.406660,0.685236,0.507226,,
0.1200,isaac,initial_pitch_release,isaac_rel_25deg_08,25.0000,0,0.035365,0.494540,0.361298,-0.921356,0.028322,0.232745,0.685236,0.507226,0.319601,0.405586,0.663538,0.501959,,
0.1350,isaac,initial_pitch_release,isaac_rel_25deg_08,25.0000,0,0.043129,0.535164,0.347611,-0.916713,0.031586,0.222141,0.663538,0.501959,0.312786,0.406297,0.648957,0.501792,,
0.1500,isaac,initial_pitch_release,isaac_rel_25deg_08,25.0000,0,0.051496,0.557690,0.333962,-0.912303,0.034741,0.222659,0.648957,0.501792,0.306988,0.396316,0.636504,0.489269,,
0.1650,isaac,initial_pitch_release,isaac_rel_25deg_08,25.0000,0,0.060439,0.607218,0.320334,-0.909858,0.037813,0.209419,0.636504,0.489269,0.299685,0.397450,0.620760,0.488187,,
0.1800,isaac,initial_pitch_release,isaac_rel_25deg_08,25.0000,0,0.069925,0.646689,0.306739,-0.912499,0.040770,0.201767,0.620760,0.488187,0.289546,0.391395,0.598789,0.480354,,
0.1950,isaac,initial_pitch_release,isaac_rel_25deg_08,25.0000,0,0.079932,0.675534,0.293172,-0.905666,0.043610,0.192151,0.598789,0.480354,0.283304,0.386404,0.585200,0.472484,,
0.2100,isaac,initial_pitch_release,isaac_rel_25deg_08,25.0000,0,0.090437,0.716331,0.279642,-0.904609,0.046443,0.194197,0.585200,0.472484,0.284845,0.370512,0.588559,0.450682,,
0.2250,isaac,initial_pitch_release,isaac_rel_25deg_08,25.0000,0,0.101447,0.744225,0.266073,-0.907618,0.049282,0.189865,0.588559,0.450682,0.286820,0.382996,0.592860,0.462230,,
0.2400,isaac,initial_pitch_release,isaac_rel_25deg_08,25.0000,0,0.112961,0.780946,0.252476,-0.915040,0.052071,0.188236,0.592860,0.462230,0.291753,0.375482,0.603583,0.454982,,
0.2550,isaac,initial_pitch_release,isaac_rel_25deg_08,25.0000,0,0.124979,0.814002,0.238857,-0.909692,0.054816,0.179635,0.603583,0.454982,0.297316,0.374399,0.615637,0.452150,,
0.2700,isaac,initial_pitch_release,isaac_rel_25deg_08,25.0000,0,0.137412,0.837213,0.225427,-0.888204,0.057356,0.156532,0.615637,0.452150,0.303815,0.359356,0.629672,0.432279,,
0.2850,isaac,initial_pitch_release,isaac_rel_25deg_08,25.0000,0,0.150223,0.862388,0.212083,-0.883672,0.059450,0.116102,0.629672,0.432279,0.319233,0.361552,0.662752,0.431134,,
0.3000,isaac,initial_pitch_release,isaac_rel_25deg_08,25.0000,0,0.163349,0.883213,0.198870,-0.871578,0.060954,0.075341,0.662752,0.431134,0.335150,0.337870,0.696575,0.400153,,
0.3150,isaac,initial_pitch_release,isaac_rel_25deg_08,25.0000,0,0.176696,0.891375,0.186104,-0.814539,0.061887,0.037424,0.696575,0.400153,0.348190,0.315102,0.724024,0.363940,,
0.3300,isaac,initial_pitch_release,isaac_rel_25deg_08,25.0000,0,0.190131,0.893647,0.174529,-0.714134,0.062383,0.018110,0.724024,0.363940,0.352753,0.286955,0.733575,0.319011,,
0.3450,isaac,initial_pitch_release,isaac_rel_25deg_08,25.0000,0,0.203574,0.892899,0.164551,-0.602239,0.062693,0.013637,0.733575,0.319011,0.348678,0.274989,0.725049,0.293819,,
0.3600,isaac,initial_pitch_release,isaac_rel_25deg_08,25.0000,0,0.217026,0.894841,0.156068,-0.513163,0.062942,0.012052,0.725049,0.293819,0.344872,0.278387,0.717064,0.293391,,
0.3750,isaac,initial_pitch_release,isaac_rel_25deg_08,25.0000,0,0.230506,0.896382,0.148848,-0.433848,0.063180,0.014524,0.717064,0.293391,0.344793,0.274354,0.716896,0.287831,,
0.3900,isaac,initial_pitch_release,isaac_rel_25deg_08,25.0000,0,0.244005,0.898059,0.142830,-0.353227,0.063529,0.030010,0.716896,0.287831,0.339559,0.263691,0.705883,0.272186,,
0.4050,isaac,initial_pitch_release,isaac_rel_25deg_08,25.0000,0,0.257531,0.899830,0.137862,-0.293060,0.064077,0.042841,0.705883,0.272186,0.336250,0.270665,0.698898,0.278570,,
0.4200,isaac,initial_pitch_release,isaac_rel_25deg_08,25.0000,0,0.271100,0.902969,0.133715,-0.242573,0.064841,0.059424,0.698898,0.278570,0.335146,0.270983,0.696566,0.280280,,
0.4350,isaac,initial_pitch_release,isaac_rel_25deg_08,25.0000,0,0.284723,0.906781,0.130211,-0.205658,0.065852,0.076016,0.696566,0.280280,0.332643,0.275763,0.691271,0.287122,,
0.4500,isaac,initial_pitch_release,isaac_rel_25deg_08,25.0000,0,0.298408,0.911170,0.127204,-0.176527,0.067095,0.092075,0.691271,0.287122,0.332061,0.278204,0.690038,0.291803,,
0.4650,isaac,initial_pitch_release,isaac_rel_25deg_08,25.0000,0,-0.004224,0.912616,0.124717,-0.137344,0.068599,0.111536,0.690038,0.291803,0.328403,0.271808,0.682280,0.284051,,
0.4800,isaac,initial_pitch_release,isaac_rel_25deg_08,25.0000,0,0.009622,0.926034,0.122196,-0.176977,0.070123,0.094879,0.682280,0.284051,0.336299,0.367443,0.699002,0.409055,,
0.4950,isaac,initial_pitch_release,isaac_rel_25deg_08,25.0000,0,-0.292791,0.927719,0.119671,-0.143730,0.071496,0.092860,0.699002,0.409055,0.350136,0.365303,0.728102,0.431314,,
0.5100,isaac,initial_pitch_release,isaac_rel_25deg_08,25.0000,0,-0.278842,0.924863,0.117685,-0.104304,0.072869,0.094289,0.728102,0.431314,0.365878,0.349964,0.760878,0.415955,,
0.5250,isaac,initial_pitch_release,isaac_rel_25deg_08,25.0000,0,-0.264874,0.929539,0.116108,-0.086779,0.074225,0.089707,0.760878,0.415955,0.361501,0.348495,0.751800,0.410974,,
0.5400,isaac,initial_pitch_release,isaac_rel_25deg_08,25.0000,0,-0.250891,0.928768,0.114978,-0.045250,0.075523,0.085574,0.751800,0.410974,0.362428,0.351035,0.753726,0.413276,,
0.5550,isaac,initial_pitch_release,isaac_rel_25deg_08,25.0000,0,-0.236906,0.929756,0.114405,-0.010399,0.076684,0.070985,0.753726,0.413276,0.364401,0.357875,0.757818,0.422589,,
0.5700,isaac,initial_pitch_release,isaac_rel_25deg_08,25.0000,0,-0.222904,0.930920,0.114380,0.028497,0.077564,0.047841,0.757818,0.422589,0.367283,0.356368,0.763787,0.422506,,
0.5850,isaac,initial_pitch_release,isaac_rel_25deg_08,25.0000,0,-0.208887,0.930702,0.114992,0.074914,0.078034,0.015960,0.763787,0.422506,0.372251,0.358533,0.774046,0.425285,,
0.6000,isaac,initial_pitch_release,isaac_rel_25deg_08,25.0000,0,-0.194846,0.933245,0.116305,0.122051,0.078026,-0.015713,0.774046,0.425285,0.381914,0.370081,0.793898,0.440689,,
0.6150,isaac,initial_pitch_release,isaac_rel_25deg_08,25.0000,0,-0.180789,0.934095,0.118470,0.188422,0.077450,-0.058586,0.793898,0.440689,0.386149,0.361364,0.802554,0.432574,,
0.6300,isaac,initial_pitch_release,isaac_rel_25deg_08,25.0000,0,-0.166731,0.934131,0.121698,0.264111,0.076277,-0.095229,0.802554,0.432574,0.394309,0.362583,0.819158,0.432520,,
0.6450,isaac,initial_pitch_release,isaac_rel_25deg_08,25.0000,0,-0.152676,0.933836,0.126121,0.347765,0.074565,-0.128954,0.819158,0.432520,0.407006,0.382505,0.844790,0.457973,,
0.6600,isaac,initial_pitch_release,isaac_rel_25deg_08,25.0000,0,-0.138629,0.933077,0.131858,0.438898,0.072394,-0.154750,0.844790,0.457973,0.416601,0.382119,0.863996,0.462575,,
0.6750,isaac,initial_pitch_release,isaac_rel_25deg_08,25.0000,0,-0.124596,0.930429,0.139022,0.537895,0.069883,-0.171979,0.863996,0.462575,0.424269,0.394064,0.879239,0.478593,,
0.6900,isaac,initial_pitch_release,isaac_rel_25deg_08,25.0000,0,-0.110575,0.930230,0.147665,0.636383,0.067204,-0.176573,0.879239,0.478593,0.429526,0.399997,0.889636,0.489245,,
0.7050,isaac,initial_pitch_release,isaac_rel_25deg_08,25.0000,0,-0.096580,0.927864,0.157915,0.751558,0.064478,-0.177401,0.889636,0.489245,0.434307,0.415744,0.899054,0.510982,,
0.7200,isaac,initial_pitch_release,isaac_rel_25deg_08,25.0000,0,-0.082629,0.926020,0.169917,0.865531,0.061878,-0.160365,0.899054,0.510982,0.436530,0.425206,0.903421,0.526996,,
0.7350,isaac,initial_pitch_release,isaac_rel_25deg_08,25.0000,0,-0.068635,0.933307,0.182843,0.887646,0.059776,-0.116675,0.903421,0.526996,0.436710,0.442369,0.903774,0.551133,,
0.7500,isaac,initial_pitch_release,isaac_rel_25deg_08,25.0000,0,-0.054546,0.938810,0.196022,0.907498,0.058373,-0.072350,0.903774,0.551133,0.430488,0.448630,0.891534,0.563524,,
0.7650,isaac,initial_pitch_release,isaac_rel_25deg_08,25.0000,0,-0.040400,0.943701,0.209418,0.922873,0.057623,-0.033819,0.891534,0.563524,0.432839,0.462837,0.896166,0.583015,,
0.7800,isaac,initial_pitch_release,isaac_rel_25deg_08,25.0000,0,-0.026233,0.941795,0.223010,0.938333,0.057375,-0.008070,0.896166,0.583015,0.431533,0.475566,0.893595,0.601982,,
0.7950,isaac,initial_pitch_release,isaac_rel_25deg_08,25.0000,0,-0.012052,0.941218,0.236697,0.942706,0.057559,0.020913,0.893595,0.601982,0.435173,0.483111,0.900756,0.614628,,
0.8100,isaac,initial_pitch_release,isaac_rel_25deg_08,25.0000,0,0.002134,0.942466,0.250469,0.950451,0.058122,0.041395,0.900756,0.614628,0.438790,0.493440,0.907851,0.629178,,
0.8250,isaac,initial_pitch_release,isaac_rel_25deg_08,25.0000,0,0.016311,0.941206,0.264332,0.956954,0.058909,0.050808,0.907851,0.629178,0.438710,0.500103,0.907694,0.639782,,
0.8400,isaac,initial_pitch_release,isaac_rel_25deg_08,25.0000,0,0.030480,0.941227,0.278235,0.959807,0.059794,0.055150,0.907694,0.639782,0.442732,0.513128,0.915559,0.656807,,
0.8550,isaac,initial_pitch_release,isaac_rel_25deg_08,25.0000,0,0.044643,0.940782,0.292178,0.962405,0.060677,0.051981,0.915559,0.656807,0.449340,0.524680,0.928425,0.673279,,
0.8700,isaac,initial_pitch_release,isaac_rel_25deg_08,25.0000,0,0.058813,0.941689,0.306138,0.964907,0.061443,0.042647,0.928425,0.673279,0.455085,0.532791,0.939552,0.685663,,
0.8850,isaac,initial_pitch_release,isaac_rel_25deg_08,25.0000,0,0.072994,0.942372,0.320124,0.968563,0.061999,0.027258,0.939552,0.685663,0.461607,0.543660,0.952117,0.700205,,
0.9000,isaac,initial_pitch_release,isaac_rel_25deg_08,25.0000,0,0.087201,0.944921,0.334149,0.972707,0.062271,0.008113,0.952117,0.700205,0.471442,0.552678,0.970933,0.713027,,
0.9150,isaac,initial_pitch_release,isaac_rel_25deg_08,25.0000,0,0.101438,0.947029,0.348258,0.981536,0.062194,-0.014969,0.970933,0.713027,0.478687,0.551500,0.984690,0.714302,,
0.9300,isaac,initial_pitch_release,isaac_rel_25deg_08,25.0000,0,0.115716,0.950288,0.362472,0.990372,0.061753,-0.037656,0.984690,0.714302,0.491460,0.559324,1.008728,0.723095,,
0.9450,isaac,initial_pitch_release,isaac_rel_25deg_08,25.0000,0,0.130040,0.952016,0.376824,1.002892,0.060972,-0.055504,1.008728,0.723095,0.499307,0.557561,1.023359,0.722936,,
0.9600,isaac,initial_pitch_release,isaac_rel_25deg_08,25.0000,0,0.144417,0.957233,0.391321,1.013303,0.059900,-0.073977,1.023359,0.722936,0.511618,0.566485,1.046097,0.732578,,
0.9750,isaac,initial_pitch_release,isaac_rel_25deg_08,25.0000,0,0.158839,0.959475,0.405996,1.029008,0.058641,-0.081379,1.046097,0.732578,0.519866,0.568024,1.061187,0.736166,,
0.9900,isaac,initial_pitch_release,isaac_rel_25deg_08,25.0000,0,0.173306,0.962677,0.420819,1.040281,0.057317,-0.083178,1.061187,0.736166,0.529247,0.571275,1.078203,0.740380,,
1.0050,isaac,initial_pitch_release,isaac_rel_25deg_08,25.0000,0,0.187805,0.963633,0.435777,1.051001,0.056009,-0.078550,1.078203,0.740380,0.539897,0.580104,1.097336,0.750659,,
1.0200,isaac,initial_pitch_release,isaac_rel_25deg_08,25.0000,0,0.202330,0.965710,0.450824,1.058756,0.054796,-0.072857,1.097336,0.750659,0.550515,0.593347,1.116211,0.766708,,
1.0350,isaac,initial_pitch_release,isaac_rel_25deg_08,25.0000,0,0.216862,0.965425,0.465952,1.065799,0.053775,-0.059136,1.116211,0.766708,0.558681,0.599106,1.130593,0.775942,,
1.0500,isaac,initial_pitch_release,isaac_rel_25deg_08,25.0000,0,0.231388,0.964611,0.481126,1.070360,0.053009,-0.042485,1.130593,0.775942,0.563626,0.606601,1.139244,0.785573,,
1.0650,isaac,initial_pitch_release,isaac_rel_25deg_08,25.0000,0,0.245893,0.960386,0.496340,1.074149,0.052534,-0.024758,1.139244,0.785573,0.573244,0.616755,1.155944,0.797945,,
1.0800,isaac,initial_pitch_release,isaac_rel_25deg_08,25.0000,0,0.000000,-0.067394,-0.179178,-0.650800,0.000000,0.000000,1.155944,0.797945,0.584001,0.628179,0.000000,0.000000,,
0.0000,isaac,initial_pitch_release,isaac_rel_25deg_09,25.0000,0,0.000000,0.000000,0.436332,0.000000,0.000000,0.000000,0.000000,0.000000,0.000000,0.000000,0.000000,0.000000,,
0.0150,isaac,initial_pitch_release,isaac_rel_25deg_09,25.0000,0,-0.000000,0.000000,0.436332,-0.000139,0.000000,-0.000004,0.000000,0.000000,0.329940,0.253960,0.000000,0.000000,,
0.0300,isaac,initial_pitch_release,isaac_rel_25deg_09,25.0000,0,0.001142,-0.032056,0.440067,0.677366,-0.000232,0.014856,0.000000,0.000000,0.491710,0.525595,0.394288,0.356269,,
0.0450,isaac,initial_pitch_release,isaac_rel_25deg_09,25.0000,0,0.001780,0.096763,0.445095,0.046180,-0.000697,-0.086725,0.394288,0.356269,0.510224,0.561539,0.644920,0.857031,,
0.0600,isaac,initial_pitch_release,isaac_rel_25deg_09,25.0000,0,0.004620,0.253996,0.440124,-0.658380,-0.003115,-0.232923,0.644920,0.857031,0.478133,0.478347,0.671512,0.971318,,
0.0750,isaac,initial_pitch_release,isaac_rel_25deg_09,25.0000,0,0.009372,0.349205,0.427196,-0.952218,-0.007180,-0.270963,0.671512,0.971318,0.448606,0.389503,0.625132,0.859490,,
0.0900,isaac,initial_pitch_release,isaac_rel_25deg_09,25.0000,0,0.015052,0.396489,0.413312,-0.926140,-0.010862,-0.225220,0.625132,0.859490,0.433841,0.360908,0.581269,0.700866,,
0.1050,isaac,initial_pitch_release,isaac_rel_25deg_09,25.0000,0,0.021412,0.443855,0.399614,-0.914526,-0.013963,-0.186710,0.581269,0.700866,0.422666,0.364159,0.558918,0.632667,,
0.1200,isaac,initial_pitch_release,isaac_rel_25deg_09,25.0000,0,0.028421,0.482638,0.385935,-0.911310,-0.016702,-0.173015,0.558918,0.632667,0.415648,0.364121,0.541822,0.629939,,
0.1350,isaac,initial_pitch_release,isaac_rel_25deg_09,25.0000,0,0.036058,0.527143,0.372216,-0.913752,-0.019270,-0.162370,0.541822,0.629939,0.414510,0.363656,0.531008,0.629539,,
0.1500,isaac,initial_pitch_release,isaac_rel_25deg_09,25.0000,0,0.044298,0.562856,0.358506,-0.911524,-0.021720,-0.158015,0.531008,0.629539,0.410513,0.357027,0.529248,0.628691,,
0.1650,isaac,initial_pitch_release,isaac_rel_25deg_09,25.0000,0,0.053107,0.601449,0.344788,-0.911833,-0.024063,-0.147994,0.529248,0.628691,0.405258,0.347316,0.523057,0.617148,,
0.1800,isaac,initial_pitch_release,isaac_rel_25deg_09,25.0000,0,0.062453,0.634882,0.331108,-0.908609,-0.026278,-0.142147,0.523057,0.617148,0.406893,0.351471,0.514886,0.598889,,
0.1950,isaac,initial_pitch_release,isaac_rel_25deg_09,25.0000,0,0.072329,0.669249,0.317389,-0.914694,-0.028373,-0.135135,0.514886,0.598889,0.395518,0.333225,0.517432,0.603882,,
0.2100,isaac,initial_pitch_release,isaac_rel_25deg_09,25.0000,0,0.082689,0.701061,0.303750,-0.903265,-0.030349,-0.128015,0.517432,0.603882,0.394534,0.329502,0.499656,0.572626,,
0.2250,isaac,initial_pitch_release,isaac_rel_25deg_09,25.0000,0,0.093520,0.729242,0.290133,-0.904671,-0.032204,-0.120083,0.499656,0.572626,0.394796,0.332784,0.498112,0.562259,,
0.2400,isaac,initial_pitch_release,isaac_rel_25deg_09,25.0000,0,0.104819,0.763821,0.276475,-0.906378,-0.033969,-0.117585,0.498112,0.562259,0.392453,0.327318,0.498522,0.566767,,
0.2550,isaac,initial_pitch_release,isaac_rel_25deg_09,25.0000,0,0.116584,0.797119,0.262809,-0.911290,-0.035681,-0.114296,0.498522,0.566767,0.396481,0.331408,0.494840,0.557695,,
0.2700,isaac,initial_pitch_release,isaac_rel_25deg_09,25.0000,0,0.128826,0.826681,0.249098,-0.910774,-0.037365,-0.115661,0.494840,0.557695,0.398136,0.332256,0.501168,0.563790,,
0.2850,isaac,initial_pitch_release,isaac_rel_25deg_09,25.0000,0,0.141540,0.857722,0.235380,-0.913861,-0.039000,-0.111143,0.501168,0.563790,0.397501,0.325850,0.503761,0.566026,,
0.3000,isaac,initial_pitch_release,isaac_rel_25deg_09,25.0000,0,0.154680,0.885130,0.221806,-0.897424,-0.040379,-0.083725,0.503761,0.566026,0.398771,0.325662,0.502766,0.555015,,
0.3150,isaac,initial_pitch_release,isaac_rel_25deg_09,25.0000,0,0.168150,0.904070,0.208543,-0.870013,-0.041566,-0.085313,0.502766,0.555015,0.398386,0.329031,0.504756,0.553337,,
0.3300,isaac,initial_pitch_release,isaac_rel_25deg_09,25.0000,0,0.181827,0.911749,0.196069,-0.776992,-0.042840,-0.093241,0.504756,0.553337,0.397153,0.323166,0.504152,0.559074,,
0.3450,isaac,initial_pitch_release,isaac_rel_25deg_09,25.0000,0,0.195569,0.913155,0.185189,-0.658376,-0.044218,-0.098536,0.504152,0.559074,0.396093,0.315946,0.502222,0.549423,,
0.3600,isaac,initial_pitch_release,isaac_rel_25deg_09,25.0000,0,0.209339,0.915530,0.176053,-0.544341,-0.045648,-0.098588,0.502222,0.549423,0.397373,0.312973,0.500559,0.535450,,
0.3750,isaac,initial_pitch_release,isaac_rel_25deg_09,25.0000,0,0.223125,0.915022,0.168650,-0.428068,-0.047053,-0.093559,0.500559,0.535450,0.394097,0.305494,0.502565,0.528458,,
0.3900,isaac,initial_pitch_release,isaac_rel_25deg_09,25.0000,0,0.236916,0.916202,0.162889,-0.323430,-0.048349,-0.082382,0.502565,0.528458,0.393607,0.302586,0.497425,0.514267,,
0.4050,isaac,initial_pitch_release,isaac_rel_25deg_09,25.0000,0,0.250703,0.913285,0.158695,-0.218923,-0.049449,-0.065398,0.497425,0.514267,0.392968,0.301743,0.496656,0.507332,,
0.4200,isaac,initial_pitch_release,isaac_rel_25deg_09,25.0000,0,0.264486,0.915574,0.155894,-0.135495,-0.050301,-0.048778,0.496656,0.507332,0.391889,0.300063,0.495650,0.504976,,
0.4350,isaac,initial_pitch_release,isaac_rel_25deg_09,25.0000,0,0.278249,0.913705,0.154405,-0.044050,-0.050830,-0.023119,0.495650,0.504976,0.392413,0.301927,0.493954,0.501677,,
0.4500,isaac,initial_pitch_release,isaac_rel_25deg_09,25.0000,0,0.291976,0.910477,0.154178,0.035703,-0.051000,-0.000953,0.493954,0.501677,0.388690,0.298513,0.494778,0.504615,,
0.4650,isaac,initial_pitch_release,isaac_rel_25deg_09,25.0000,0,0.305683,0.909503,0.154960,0.094379,-0.050814,0.025514,0.494778,0.504615,0.388516,0.299950,0.488912,0.498852,,
0.4800,isaac,initial_pitch_release,isaac_rel_25deg_09,25.0000,0,0.003019,0.908954,0.156587,0.148216,-0.050271,0.046595,0.488912,0.498852,0.387708,0.301563,0.488638,0.500727,,
0.4950,isaac,initial_pitch_release,isaac_rel_25deg_09,25.0000,0,-0.299661,0.904889,0.159003,0.199219,-0.049436,0.064115,0.488638,0.500727,0.395194,0.378939,0.487364,0.503845,,
0.5100,isaac,initial_pitch_release,isaac_rel_25deg_09,25.0000,0,-0.285978,0.909506,0.162025,0.230842,-0.048341,0.080399,0.487364,0.503845,0.408046,0.373536,0.499148,0.639504,,
0.5250,isaac,initial_pitch_release,isaac_rel_25deg_09,25.0000,0,-0.272300,0.906759,0.165741,0.290985,-0.047095,0.084045,0.499148,0.639504,0.413183,0.371072,0.519224,0.646857,,
0.5400,isaac,initial_pitch_release,isaac_rel_25deg_09,25.0000,0,-0.258639,0.907368,0.170245,0.337964,-0.045824,0.083421,0.519224,0.646857,0.411426,0.374503,0.527194,0.643539,,
0.5550,isaac,initial_pitch_release,isaac_rel_25deg_09,25.0000,0,-0.244976,0.906771,0.175522,0.392962,-0.044619,0.076080,0.527194,0.643539,0.412620,0.382763,0.524472,0.649001,,
0.5700,isaac,initial_pitch_release,isaac_rel_25deg_09,25.0000,0,-0.231302,0.908521,0.181676,0.454879,-0.043563,0.063427,0.524472,0.649001,0.417698,0.400574,0.526322,0.663738,,
0.5850,isaac,initial_pitch_release,isaac_rel_25deg_09,25.0000,0,-0.217621,0.908736,0.188889,0.534209,-0.042748,0.045835,0.526322,0.663738,0.426675,0.404645,0.534172,0.695586,,
0.6000,isaac,initial_pitch_release,isaac_rel_25deg_09,25.0000,0,-0.203940,0.908505,0.197407,0.629151,-0.042262,0.021176,0.534172,0.695586,0.437784,0.417251,0.547973,0.706287,,
0.6150,isaac,initial_pitch_release,isaac_rel_25deg_09,25.0000,0,-0.190257,0.908653,0.207437,0.737407,-0.042152,-0.003691,0.547973,0.706287,0.451755,0.434203,0.564914,0.728550,,
0.6300,isaac,initial_pitch_release,isaac_rel_25deg_09,25.0000,0,-0.176576,0.908168,0.219242,0.865780,-0.042441,-0.029440,0.564914,0.728550,0.464629,0.444712,0.586000,0.759122,,
0.6450,isaac,initial_pitch_release,isaac_rel_25deg_09,25.0000,0,-0.162830,0.919063,0.232407,0.906610,-0.043092,-0.048266,0.586000,0.759122,0.479731,0.463950,0.605209,0.779933,,
0.6600,isaac,initial_pitch_release,isaac_rel_25deg_09,25.0000,0,-0.148906,0.930857,0.245888,0.930179,-0.043966,-0.058478,0.605209,0.779933,0.492309,0.481211,0.627473,0.813345,,
0.6750,isaac,initial_pitch_release,isaac_rel_25deg_09,25.0000,0,-0.134831,0.939328,0.259655,0.952789,-0.044939,-0.061287,0.627473,0.813345,0.495466,0.483037,0.645788,0.844689,,
0.6900,isaac,initial_pitch_release,isaac_rel_25deg_09,25.0000,0,-0.120636,0.946647,0.273658,0.971895,-0.045899,-0.057894,0.645788,0.844689,0.505673,0.498616,0.650352,0.851378,,
0.7050,isaac,initial_pitch_release,isaac_rel_25deg_09,25.0000,0,-0.106355,0.951418,0.287863,0.988826,-0.046763,-0.049910,0.650352,0.851378,0.520023,0.525405,0.665018,0.876402,,
0.7200,isaac,initial_pitch_release,isaac_rel_25deg_09,25.0000,0,-0.092021,0.953643,0.302219,1.001101,-0.047481,-0.040380,0.665018,0.876402,0.526394,0.538025,0.685402,0.920277,,
0.7350,isaac,initial_pitch_release,isaac_rel_25deg_09,25.0000,0,-0.077665,0.953808,0.316681,1.009495,-0.048003,-0.026928,0.685402,0.920277,0.534378,0.551997,0.694363,0.944507,,
0.7500,isaac,initial_pitch_release,isaac_rel_25deg_09,25.0000,0,-0.063312,0.952880,0.331214,1.015011,-0.048309,-0.013953,0.694363,0.944507,0.540136,0.564669,0.705515,0.968086,,
0.7650,isaac,initial_pitch_release,isaac_rel_25deg_09,25.0000,0,-0.048989,0.953363,0.345800,1.019666,-0.048384,0.000663,0.705515,0.968086,0.544636,0.577310,0.713504,0.989419,,
0.7800,isaac,initial_pitch_release,isaac_rel_25deg_09,25.0000,0,-0.034726,0.945074,0.360450,1.025497,-0.048272,0.009069,0.713504,0.989419,0.551336,0.604317,0.719717,1.010195,,
0.7950,isaac,initial_pitch_release,isaac_rel_25deg_09,25.0000,0,-0.020517,0.942286,0.375055,1.019967,-0.047957,0.026754,0.719717,1.010195,0.558388,0.609872,0.728914,1.050757,,
0.8100,isaac,initial_pitch_release,isaac_rel_25deg_09,25.0000,0,-0.006366,0.937544,0.389660,1.021076,-0.047434,0.036545,0.728914,1.050757,0.563593,0.621791,0.738529,1.063397,,
0.8250,isaac,initial_pitch_release,isaac_rel_25deg_09,25.0000,0,0.007729,0.933460,0.404251,1.018656,-0.046793,0.041564,0.738529,1.063397,0.576198,0.641385,0.745581,1.081276,,
0.8400,isaac,initial_pitch_release,isaac_rel_25deg_09,25.0000,0,0.021780,0.931779,0.418814,1.016819,-0.046095,0.044587,0.745581,1.081276,0.585356,0.652559,0.762505,1.109848,,
0.8550,isaac,initial_pitch_release,isaac_rel_25deg_09,25.0000,0,0.035798,0.929519,0.433374,1.016722,-0.045406,0.041682,0.762505,1.109848,0.591104,0.660562,0.774663,1.128128,,
0.8700,isaac,initial_pitch_release,isaac_rel_25deg_09,25.0000,0,0.049802,0.929761,0.447927,1.016065,-0.044799,0.035577,0.774663,1.128128,0.597349,0.668599,0.782234,1.140837,,
0.8850,isaac,initial_pitch_release,isaac_rel_25deg_09,25.0000,0,0.063809,0.929866,0.462506,1.019436,-0.044325,0.025389,0.782234,1.140837,0.610421,0.687167,0.790408,1.152814,,
0.9000,isaac,initial_pitch_release,isaac_rel_25deg_09,25.0000,0,0.077836,0.932707,0.477123,1.024278,-0.044030,0.014184,0.790408,1.152814,0.618243,0.695873,0.807341,1.177987,,
0.9150,isaac,initial_pitch_release,isaac_rel_25deg_09,25.0000,0,0.091901,0.934435,0.491825,1.031327,-0.043950,0.002691,0.807341,1.177987,0.630753,0.711475,0.817359,1.192001,,
0.9300,isaac,initial_pitch_release,isaac_rel_25deg_09,25.0000,0,0.000000,0.059585,0.069057,0.348954,0.000000,0.000000,0.817359,1.192001,0.642758,0.726811,0.000000,0.000000,,
0.0000,isaac,initial_pitch_release,isaac_rel_25deg_10,25.0000,0,0.000000,0.000000,0.436332,0.000000,0.000000,0.000000,0.000000,0.000000,0.000000,0.000000,0.000000,0.000000,,
0.0150,isaac,initial_pitch_release,isaac_rel_25deg_10,25.0000,0,-0.000055,-0.006858,0.436352,0.005082,-0.000001,-0.000309,0.000000,0.000000,-0.224029,-0.360458,-0.012564,0.000000,,
0.0300,isaac,initial_pitch_release,isaac_rel_25deg_10,25.0000,0,-0.003481,-0.210400,0.447190,1.545336,-0.001688,0.066379,-0.012564,0.000000,0.488488,0.518698,-0.473147,-0.553353,,
0.0450,isaac,initial_pitch_release,isaac_rel_25deg_10,25.0000,0,-0.004740,-0.015452,0.458633,0.429873,-0.000447,0.098284,-0.473147,-0.553353,0.488543,0.491672,0.806470,0.712292,,
0.0600,isaac,initial_pitch_release,isaac_rel_25deg_10,25.0000,0,-0.003844,0.113493,0.460348,-0.155409,0.001502,0.161595,0.806470,0.712292,0.490240,0.540986,0.806562,0.673199,,
0.0750,isaac,initial_pitch_release,isaac_rel_25deg_10,25.0000,0,0.000000,-0.056673,0.066943,0.352521,0.000000,0.000000,0.806562,0.673199,0.451328,0.488591,0.000000,0.000000,,
0.0000,isaac,initial_pitch_release,isaac_rel_25deg_11,25.0000,0,0.000000,0.000000,0.436332,0.000000,0.000000,0.000000,0.000000,0.000000,0.000000,0.000000,0.000000,0.000000,,
0.0150,isaac,initial_pitch_release,isaac_rel_25deg_11,25.0000,0,-0.000000,0.000000,0.436332,-0.000038,0.000000,0.000001,0.000000,0.000000,0.218688,0.132471,0.000000,0.000000,,
0.0300,isaac,initial_pitch_release,isaac_rel_25deg_11,25.0000,0,0.000200,-0.080349,0.441777,0.941880,-0.000350,0.053043,0.000000,0.000000,0.491042,0.524204,0.272130,0.126153,,
0.0450,isaac,initial_pitch_release,isaac_rel_25deg_11,25.0000,0,0.000285,0.068833,0.449920,0.220707,0.000535,0.052248,0.272130,0.126153,0.527659,0.593937,0.772088,0.785133,,
0.0600,isaac,initial_pitch_release,isaac_rel_25deg_11,25.0000,0,0.002788,0.225093,0.446887,-0.571632,0.001090,0.023304,0.772088,0.785133,0.473198,0.502511,0.831610,0.882843,,
0.0750,isaac,initial_pitch_release,isaac_rel_25deg_11,25.0000,0,0.007420,0.348491,0.434309,-0.999903,0.001292,0.012789,0.831610,0.882843,0.434440,0.429366,0.742348,0.753342,,
0.0900,isaac,initial_pitch_release,isaac_rel_25deg_11,25.0000,0,0.013175,0.404292,0.419784,-0.980763,0.001421,0.017760,0.742348,0.753342,0.394714,0.389831,0.676136,0.641451,,
0.1050,isaac,initial_pitch_release,isaac_rel_25deg_11,25.0000,0,0.019667,0.450938,0.405578,-0.953478,0.001621,0.021465,0.676136,0.641451,0.387224,0.394564,0.606059,0.578093,,
0.1200,isaac,initial_pitch_release,isaac_rel_25deg_11,25.0000,0,0.026876,0.498595,0.391394,-0.952556,0.001816,0.016881,0.606059,0.578093,0.376551,0.390304,0.592605,0.585780,,
0.1350,isaac,initial_pitch_release,isaac_rel_25deg_11,25.0000,0,0.034776,0.544168,0.377240,-0.950662,0.001912,0.008589,0.592605,0.585780,0.372477,0.388649,0.573306,0.578863,,
0.1500,isaac,initial_pitch_release,isaac_rel_25deg_11,25.0000,0,0.043344,0.587240,0.363080,-0.946481,0.001913,0.002277,0.573306,0.578863,0.366829,0.384627,0.565899,0.576169,,
0.1650,isaac,initial_pitch_release,isaac_rel_25deg_11,25.0000,0,0.052553,0.633444,0.348932,-0.949543,0.001831,-0.001412,0.565899,0.576169,0.358783,0.379746,0.555596,0.569611,,
0.1800,isaac,initial_pitch_release,isaac_rel_25deg_11,25.0000,0,0.062375,0.669607,0.334819,-0.943687,0.001666,-0.010483,0.555596,0.569611,0.355803,0.370395,0.540847,0.561625,,
0.1950,isaac,initial_pitch_release,isaac_rel_25deg_11,25.0000,0,0.072786,0.711985,0.320730,-0.944676,0.001458,-0.009500,0.540847,0.561625,0.355919,0.363216,0.535364,0.546247,,
0.2100,isaac,initial_pitch_release,isaac_rel_25deg_11,25.0000,0,0.083773,0.746201,0.306645,-0.942092,0.001285,-0.007938,0.535364,0.546247,0.364796,0.364466,0.535576,0.534372,,
0.2250,isaac,initial_pitch_release,isaac_rel_25deg_11,25.0000,0,0.095346,0.785702,0.292499,-0.953232,0.001201,-0.002678,0.535576,0.534372,0.361440,0.352841,0.551877,0.536444,,
0.2400,isaac,initial_pitch_release,isaac_rel_25deg_11,25.0000,0,0.107489,0.823953,0.278385,-0.943116,0.001216,0.003137,0.551877,0.536444,0.372710,0.357410,0.545726,0.517105,,
0.2550,isaac,initial_pitch_release,isaac_rel_25deg_11,25.0000,0,0.120229,0.865681,0.264176,-0.962670,0.001350,0.009909,0.545726,0.517105,0.376493,0.354917,0.566324,0.524724,,
0.2700,isaac,initial_pitch_release,isaac_rel_25deg_11,25.0000,0,0.133468,0.894184,0.250264,-0.925174,0.001194,-0.033895,0.566324,0.524724,0.379978,0.348652,0.573200,0.520570,,
0.2850,isaac,initial_pitch_release,isaac_rel_25deg_11,25.0000,0,0.147103,0.918145,0.236752,-0.892232,0.000556,-0.058377,0.573200,0.520570,0.396663,0.351073,0.579519,0.510099,,
0.3000,isaac,initial_pitch_release,isaac_rel_25deg_11,25.0000,0,0.161049,0.935785,0.223653,-0.852478,-0.000481,-0.089221,0.579519,0.510099,0.396676,0.340462,0.609548,0.514151,,
0.3150,isaac,initial_pitch_release,isaac_rel_25deg_11,25.0000,0,0.175172,0.941557,0.211575,-0.745781,-0.001926,-0.112302,0.609548,0.514151,0.400367,0.329820,0.609572,0.496344,,
0.3300,isaac,initial_pitch_release,isaac_rel_25deg_11,25.0000,0,0.189355,0.943834,0.201223,-0.622931,-0.003665,-0.128034,0.609572,0.496344,0.399493,0.318542,0.616164,0.478360,,
0.3450,isaac,initial_pitch_release,isaac_rel_25deg_11,25.0000,0,0.203566,0.945452,0.192712,-0.500570,-0.005580,-0.134729,0.616164,0.478360,0.397493,0.307563,0.614605,0.459168,,
0.3600,isaac,initial_pitch_release,isaac_rel_25deg_11,25.0000,0,0.217794,0.945871,0.186040,-0.378609,-0.007551,-0.133524,0.614605,0.459168,0.398690,0.304946,0.611032,0.440356,,
0.3750,isaac,initial_pitch_release,isaac_rel_25deg_11,25.0000,0,0.232027,0.946110,0.181154,-0.261488,-0.009446,-0.122715,0.611032,0.440356,0.400428,0.304973,0.613171,0.435854,,
0.3900,isaac,initial_pitch_release,isaac_rel_25deg_11,25.0000,0,0.246255,0.945333,0.177988,-0.147682,-0.011120,-0.103019,0.613171,0.435854,0.398572,0.300810,0.616272,0.435899,,
0.4050,isaac,initial_pitch_release,isaac_rel_25deg_11,25.0000,0,0.260469,0.945161,0.176453,-0.042518,-0.012457,-0.077882,0.616272,0.435899,0.395116,0.296635,0.612960,0.428723,,
0.4200,isaac,initial_pitch_release,isaac_rel_25deg_11,25.0000,0,0.274657,0.942072,0.176473,0.061151,-0.013371,-0.046274,0.612960,0.428723,0.397591,0.302568,0.606778,0.421508,,
0.4350,isaac,initial_pitch_release,isaac_rel_25deg_11,25.0000,0,0.288820,0.940487,0.177893,0.148127,-0.013847,-0.018690,0.606778,0.421508,0.389410,0.301616,0.611206,0.431756,,
0.4500,isaac,initial_pitch_release,isaac_rel_25deg_11,25.0000,0,0.302963,0.941729,0.180543,0.226331,-0.013892,0.010284,0.611206,0.431756,0.386928,0.310307,0.596540,0.430115,,
0.4650,isaac,initial_pitch_release,isaac_rel_25deg_11,25.0000,0,0.000707,0.935102,0.184449,0.314499,-0.013558,0.030507,0.596540,0.430115,0.384835,0.318623,0.592073,0.445069,,
0.4800,isaac,initial_pitch_release,isaac_rel_25deg_11,25.0000,0,-0.301570,0.935842,0.189424,0.370943,-0.012892,0.054324,0.592073,0.445069,0.396679,0.426153,0.588297,0.459306,,
0.4950,isaac,initial_pitch_release,isaac_rel_25deg_11,25.0000,0,-0.287493,0.934841,0.195321,0.437128,-0.011914,0.071203,0.588297,0.459306,0.404405,0.409018,0.609576,0.636374,,
0.5100,isaac,initial_pitch_release,isaac_rel_25deg_11,25.0000,0,-0.273430,0.932547,0.202216,0.504783,-0.010750,0.079425,0.609576,0.636374,0.418902,0.422147,0.623354,0.609085,,
0.5250,isaac,initial_pitch_release,isaac_rel_25deg_11,25.0000,0,-0.259365,0.933904,0.210086,0.568669,-0.009490,0.083096,0.623354,0.609085,0.423420,0.437951,0.648988,0.630027,,
0.5400,isaac,initial_pitch_release,isaac_rel_25deg_11,25.0000,0,-0.245299,0.934405,0.219046,0.650369,-0.008316,0.068313,0.648988,0.630027,0.431945,0.454400,0.656916,0.654947,,
0.5550,isaac,initial_pitch_release,isaac_rel_25deg_11,25.0000,0,-0.231245,0.933281,0.229351,0.747951,-0.007392,0.051585,0.656916,0.654947,0.442057,0.464568,0.671799,0.680543,,
0.5700,isaac,initial_pitch_release,isaac_rel_25deg_11,25.0000,0,-0.217201,0.932550,0.241192,0.856159,-0.006793,0.027381,0.671799,0.680543,0.457813,0.483324,0.689319,0.696187,,
0.5850,isaac,initial_pitch_release,isaac_rel_25deg_11,25.0000,0,-0.203103,0.943568,0.254239,0.896506,-0.006617,-0.001533,0.689319,0.696187,0.473897,0.503772,0.716325,0.724683,,
0.6000,isaac,initial_pitch_release,isaac_rel_25deg_11,25.0000,0,-0.188846,0.953101,0.267601,0.917495,-0.006899,-0.029361,0.716325,0.724683,0.485184,0.506415,0.743522,0.755208,,
0.6150,isaac,initial_pitch_release,isaac_rel_25deg_11,25.0000,0,-0.174436,0.963069,0.281217,0.937886,-0.007581,-0.052339,0.743522,0.755208,0.497936,0.518455,0.762377,0.759111,,
0.6300,isaac,initial_pitch_release,isaac_rel_25deg_11,25.0000,0,-0.159889,0.971348,0.295090,0.959462,-0.008553,-0.066438,0.762377,0.759111,0.506216,0.527485,0.783451,0.776771,,
0.6450,isaac,initial_pitch_release,isaac_rel_25deg_11,25.0000,0,-0.145223,0.978545,0.309202,0.978920,-0.009674,-0.070274,0.783451,0.776771,0.520103,0.543601,0.797002,0.789885,,
0.6600,isaac,initial_pitch_release,isaac_rel_25deg_11,25.0000,0,-0.130457,0.984789,0.323525,0.996931,-0.010844,-0.073363,0.797002,0.789885,0.528759,0.567738,0.819496,0.813004,,
0.6750,isaac,initial_pitch_release,isaac_rel_25deg_11,25.0000,0,-0.115617,0.988948,0.338034,1.011332,-0.011951,-0.066154,0.819496,0.813004,0.535832,0.578438,0.833366,0.846944,,
0.6900,isaac,initial_pitch_release,isaac_rel_25deg_11,25.0000,0,-0.100729,0.990808,0.352681,1.022708,-0.012914,-0.056036,0.833366,0.846944,0.544123,0.595988,0.844615,0.861725,,
0.7050,isaac,initial_pitch_release,isaac_rel_25deg_11,25.0000,0,-0.085818,0.991725,0.367424,1.029694,-0.013671,-0.041600,0.844615,0.861725,0.550143,0.609623,0.857701,0.885612,,
0.7200,isaac,initial_pitch_release,isaac_rel_25deg_11,25.0000,0,-0.070912,0.990345,0.382241,1.037277,-0.014174,-0.026024,0.857701,0.885612,0.556171,0.629212,0.867136,0.903865,,
0.7350,isaac,initial_pitch_release,isaac_rel_25deg_11,25.0000,0,-0.056034,0.987722,0.397103,1.040405,-0.014411,-0.008866,0.867136,0.903865,0.560435,0.643879,0.876526,0.929616,,
0.7500,isaac,initial_pitch_release,isaac_rel_25deg_11,25.0000,0,-0.041204,0.983448,0.411994,1.043066,-0.014380,0.005790,0.876526,0.929616,0.567728,0.663269,0.883134,0.948534,,
0.7650,isaac,initial_pitch_release,isaac_rel_25deg_11,25.0000,0,-0.026430,0.979859,0.426894,1.043235,-0.014110,0.021987,0.883134,0.948534,0.568249,0.669564,0.894370,0.973063,,
0.7800,isaac,initial_pitch_release,isaac_rel_25deg_11,25.0000,0,-0.011720,0.974921,0.441799,1.043836,-0.013636,0.032281,0.894370,0.973063,0.579092,0.688505,0.895169,0.980910,,
0.7950,isaac,initial_pitch_release,isaac_rel_25deg_11,25.0000,0,0.002932,0.971841,0.456692,1.041143,-0.013024,0.039616,0.895169,0.980910,0.582494,0.693289,0.911711,1.004170,,
0.8100,isaac,initial_pitch_release,isaac_rel_25deg_11,25.0000,0,0.017531,0.968593,0.471578,1.040111,-0.012362,0.040709,0.911711,1.004170,0.599474,0.715882,0.916863,1.009964,,
0.8250,isaac,initial_pitch_release,isaac_rel_25deg_11,25.0000,0,0.032092,0.966267,0.486440,1.038392,-0.011717,0.038942,0.916863,1.009964,0.604321,0.722279,0.942299,1.036874,,
0.8400,isaac,initial_pitch_release,isaac_rel_25deg_11,25.0000,0,0.000000,0.053037,-0.187045,-0.650451,0.000000,0.000000,0.942299,1.036874,0.613956,0.727572,0.000000,0.000000,,
0.0000,isaac,initial_pitch_release,isaac_rel_25deg_12,25.0000,0,0.000000,0.000000,0.436332,0.000000,0.000000,0.000000,0.000000,0.000000,0.000000,0.000000,0.000000,0.000000,,
0.0150,isaac,initial_pitch_release,isaac_rel_25deg_12,25.0000,0,-0.000000,-0.000000,0.436332,0.000059,0.000000,0.000001,0.000000,0.000000,-0.132333,-0.300226,0.000000,0.000000,,
0.0300,isaac,initial_pitch_release,isaac_rel_25deg_12,25.0000,0,-0.002224,-0.167223,0.445483,1.371894,-0.000828,0.114327,0.000000,0.000000,0.490656,0.523998,-0.104223,-0.427978,,
0.0450,isaac,initial_pitch_release,isaac_rel_25deg_12,25.0000,0,-0.003222,-0.010723,0.457006,0.507591,0.000377,0.043371,-0.104223,-0.427978,0.509708,0.548178,0.625938,0.733467,,
0.0600,isaac,initial_pitch_release,isaac_rel_25deg_12,25.0000,0,-0.002142,0.134170,0.459499,-0.123906,0.001029,0.044052,0.625938,0.733467,0.503973,0.547042,0.777397,0.765754,,
0.0750,isaac,initial_pitch_release,isaac_rel_25deg_12,25.0000,0,0.000957,0.262105,0.453198,-0.685479,0.001762,0.058697,0.777397,0.765754,0.458757,0.478215,0.797474,0.764253,,
0.0900,isaac,initial_pitch_release,isaac_rel_25deg_12,25.0000,0,0.000000,0.017337,-0.081344,-0.037436,0.000000,0.000000,0.797474,0.764253,0.420633,0.426822,0.000000,0.000000,,
0.0000,isaac,initial_pitch_release,isaac_rel_25deg_13,25.0000,0,0.000000,0.000000,0.436332,0.000000,0.000000,0.000000,0.000000,0.000000,0.000000,0.000000,0.000000,0.000000,,
0.0150,isaac,initial_pitch_release,isaac_rel_25deg_13,25.0000,0,0.007791,0.930677,0.430966,-0.659455,0.000447,0.053856,0.000000,0.000000,0.468777,0.492449,0.715850,0.818342,,
0.0300,isaac,initial_pitch_release,isaac_rel_25deg_13,25.0000,0,0.014469,0.119235,0.423168,-0.268983,0.003246,0.103309,0.715850,0.818342,0.450937,0.502113,0.684714,0.947160,,
0.0450,isaac,initial_pitch_release,isaac_rel_25deg_13,25.0000,0,0.017513,0.265689,0.413523,-0.955142,0.004098,0.011192,0.684714,0.947160,0.442270,0.442918,0.669416,0.868980,,
0.0600,isaac,initial_pitch_release,isaac_rel_25deg_13,25.0000,0,0.022029,0.319508,0.399072,-0.985993,0.003758,-0.043019,0.669416,0.868980,0.387677,0.350207,0.570562,0.698121,,
0.0750,isaac,initial_pitch_release,isaac_rel_25deg_13,25.0000,0,0.027386,0.379142,0.384482,-0.991766,0.002871,-0.065596,0.570562,0.698121,0.394584,0.361637,0.583302,0.694749,,
0.0900,isaac,initial_pitch_release,isaac_rel_25deg_13,25.0000,0,0.033523,0.426399,0.369996,-0.975397,0.001731,-0.078693,0.583302,0.694749,0.383035,0.349736,0.561964,0.673119,,
0.1050,isaac,initial_pitch_release,isaac_rel_25deg_13,25.0000,0,0.040407,0.473176,0.355549,-0.973148,0.000467,-0.084754,0.561964,0.673119,0.379148,0.344548,0.554744,0.660841,,
0.1200,isaac,initial_pitch_release,isaac_rel_25deg_13,25.0000,0,0.048007,0.524159,0.341156,-0.969127,-0.000838,-0.084390,0.554744,0.660841,0.370233,0.334811,0.538102,0.641639,,
0.1350,isaac,initial_pitch_release,isaac_rel_25deg_13,25.0000,0,0.056301,0.569961,0.326758,-0.968274,-0.002132,-0.083282,0.538102,0.641639,0.367991,0.331894,0.533901,0.633712,,
0.1500,isaac,initial_pitch_release,isaac_rel_25deg_13,25.0000,0,0.065265,0.614945,0.312386,-0.970438,-0.003353,-0.077225,0.533901,0.633712,0.367603,0.327165,0.533174,0.624057,,
0.1650,isaac,initial_pitch_release,isaac_rel_25deg_13,25.0000,0,0.074885,0.657168,0.298005,-0.967083,-0.004486,-0.072427,0.533174,0.624057,0.362321,0.320801,0.523246,0.611165,,
0.1800,isaac,initial_pitch_release,isaac_rel_25deg_13,25.0000,0,0.085156,0.703732,0.283548,-0.973763,-0.005508,-0.061831,0.523246,0.611165,0.367709,0.321034,0.533371,0.609800,,
0.1950,isaac,initial_pitch_release,isaac_rel_25deg_13,25.0000,0,0.096081,0.744798,0.269017,-0.980358,-0.006388,-0.055518,0.533371,0.609800,0.373944,0.323112,0.545042,0.613389,,
0.2100,isaac,initial_pitch_release,isaac_rel_25deg_13,25.0000,0,0.107668,0.788656,0.254432,-0.987571,-0.007112,-0.045058,0.545042,0.613389,0.378850,0.318668,0.554188,0.605803,,
0.2250,isaac,initial_pitch_release,isaac_rel_25deg_13,25.0000,0,0.119919,0.833182,0.239795,-0.987668,-0.007708,-0.040221,0.554188,0.605803,0.380694,0.318893,0.557618,0.605160,,
0.2400,isaac,initial_pitch_release,isaac_rel_25deg_13,25.0000,0,0.132801,0.874891,0.225263,-0.980973,-0.008100,-0.020086,0.557618,0.605160,0.383200,0.318544,0.562271,0.604436,,
0.2550,isaac,initial_pitch_release,isaac_rel_25deg_13,25.0000,0,0.146168,0.902613,0.211226,-0.932339,-0.008416,-0.029254,0.562271,0.604436,0.387478,0.327043,0.570195,0.619776,,
0.2700,isaac,initial_pitch_release,isaac_rel_25deg_13,25.0000,0,0.159923,0.925320,0.197609,-0.900905,-0.008904,-0.044627,0.570195,0.619776,0.384255,0.319921,0.564228,0.608970,,
0.2850,isaac,initial_pitch_release,isaac_rel_25deg_13,25.0000,0,0.173991,0.945027,0.184326,-0.874678,-0.009653,-0.065365,0.564228,0.608970,0.390028,0.327950,0.574906,0.622048,,
0.3000,isaac,initial_pitch_release,isaac_rel_25deg_13,25.0000,0,0.188260,0.952457,0.171760,-0.791650,-0.010677,-0.079839,0.574906,0.622048,0.391590,0.320562,0.577787,0.610451,,
0.3150,isaac,initial_pitch_release,isaac_rel_25deg_13,25.0000,0,0.202598,0.954618,0.160623,-0.684114,-0.011873,-0.087248,0.577787,0.610451,0.390932,0.311921,0.576574,0.593081,,
0.3300,isaac,initial_pitch_release,isaac_rel_25deg_13,25.0000,0,0.216964,0.955773,0.151070,-0.580149,-0.013137,-0.087439,0.576574,0.593081,0.386207,0.300155,0.567844,0.569076,,
0.3450,isaac,initial_pitch_release,isaac_rel_25deg_13,25.0000,0,0.231347,0.956848,0.143026,-0.482230,-0.014361,-0.079971,0.567844,0.569076,0.388858,0.301143,0.572746,0.567567,,
0.3600,isaac,initial_pitch_release,isaac_rel_25deg_13,25.0000,0,0.245735,0.957266,0.136403,-0.389780,-0.015427,-0.065302,0.572746,0.567567,0.384718,0.293645,0.565086,0.553526,,
0.3750,isaac,initial_pitch_release,isaac_rel_25deg_13,25.0000,0,0.260113,0.955593,0.131106,-0.304710,-0.016246,-0.045328,0.565086,0.553526,0.385436,0.295020,0.566417,0.554118,,
0.3900,isaac,initial_pitch_release,isaac_rel_25deg_13,25.0000,0,0.274481,0.954869,0.126947,-0.237125,-0.016719,-0.017955,0.566417,0.554118,0.381868,0.291575,0.559799,0.547831,,
0.4050,isaac,initial_pitch_release,isaac_rel_25deg_13,25.0000,0,0.288844,0.954767,0.123710,-0.180625,-0.016786,0.009584,0.559799,0.547831,0.376708,0.286778,0.550198,0.538070,,
0.4200,isaac,initial_pitch_release,isaac_rel_25deg_13,25.0000,0,0.303192,0.953402,0.121263,-0.131391,-0.016439,0.036966,0.550198,0.538070,0.377194,0.290632,0.551105,0.543860,,
0.4350,isaac,initial_pitch_release,isaac_rel_25deg_13,25.0000,0,0.001168,0.952841,0.119450,-0.095650,-0.015694,0.063624,0.551105,0.543860,0.372606,0.286519,0.542541,0.537037,,
0.4500,isaac,initial_pitch_release,isaac_rel_25deg_13,25.0000,0,-0.300865,0.951865,0.118105,-0.068416,-0.014598,0.084311,0.542541,0.537037,0.381754,0.358825,0.559587,0.667425,,
0.4650,isaac,initial_pitch_release,isaac_rel_25deg_13,25.0000,0,-0.286539,0.952893,0.117095,-0.050752,-0.013234,0.100459,0.559587,0.667425,0.394364,0.340353,0.582898,0.652526,,
0.4800,isaac,initial_pitch_release,isaac_rel_25deg_13,25.0000,0,-0.272210,0.952612,0.116360,-0.031136,-0.011684,0.109017,0.582898,0.652526,0.392741,0.343450,0.579910,0.656017,,
0.4950,isaac,initial_pitch_release,isaac_rel_25deg_13,25.0000,0,-0.257871,0.954288,0.115875,-0.016485,-0.010057,0.110771,0.579910,0.656017,0.390810,0.344545,0.576350,0.658465,,
0.5100,isaac,initial_pitch_release,isaac_rel_25deg_13,25.0000,0,-0.243515,0.955240,0.115666,0.005610,-0.008469,0.103662,0.576350,0.658465,0.387116,0.341239,0.569525,0.652875,,
0.5250,isaac,initial_pitch_release,isaac_rel_25deg_13,25.0000,0,-0.229141,0.956860,0.115818,0.032524,-0.007044,0.089106,0.569525,0.652875,0.392263,0.350748,0.579029,0.669119,,
0.5400,isaac,initial_pitch_release,isaac_rel_25deg_13,25.0000,0,-0.214741,0.958455,0.116436,0.068454,-0.005885,0.067889,0.579029,0.669119,0.393349,0.350367,0.581028,0.670692,,
0.5550,isaac,initial_pitch_release,isaac_rel_25deg_13,25.0000,0,-0.200317,0.960242,0.117677,0.116196,-0.005068,0.042587,0.581028,0.670692,0.399929,0.358645,0.593114,0.685641,,
0.5700,isaac,initial_pitch_release,isaac_rel_25deg_13,25.0000,0,-0.185871,0.961328,0.119736,0.177618,-0.004666,0.013016,0.593114,0.685641,0.405812,0.363529,0.603869,0.696366,,
0.5850,isaac,initial_pitch_release,isaac_rel_25deg_13,25.0000,0,-0.171405,0.962766,0.122813,0.252048,-0.004705,-0.016002,0.603869,0.696366,0.409325,0.363313,0.610268,0.697472,,
0.6000,isaac,initial_pitch_release,isaac_rel_25deg_13,25.0000,0,-0.156928,0.962686,0.127124,0.342502,-0.005164,-0.042267,0.610268,0.697472,0.417586,0.372332,0.625245,0.713527,,
0.6150,isaac,initial_pitch_release,isaac_rel_25deg_13,25.0000,0,-0.142449,0.962857,0.132876,0.443560,-0.005998,-0.064208,0.625245,0.713527,0.429278,0.386485,0.646277,0.740504,,
0.6300,isaac,initial_pitch_release,isaac_rel_25deg_13,25.0000,0,-0.127981,0.961076,0.140257,0.559032,-0.007124,-0.079396,0.646277,0.740504,0.433716,0.388212,0.654210,0.747248,,
0.6450,isaac,initial_pitch_release,isaac_rel_25deg_13,25.0000,0,-0.113534,0.959745,0.149418,0.681410,-0.008439,-0.088372,0.654210,0.747248,0.440942,0.397516,0.667062,0.764293,,
0.6600,isaac,initial_pitch_release,isaac_rel_25deg_13,25.0000,0,-0.099124,0.954561,0.160498,0.814838,-0.009822,-0.088109,0.667062,0.764293,0.451565,0.414971,0.685818,0.796573,,
0.6750,isaac,initial_pitch_release,isaac_rel_25deg_13,25.0000,0,-0.084731,0.959904,0.173325,0.894682,-0.011094,-0.072219,0.685818,0.796573,0.458926,0.426423,0.698717,0.820458,,
0.6900,isaac,initial_pitch_release,isaac_rel_25deg_13,25.0000,0,-0.070234,0.967694,0.186626,0.910109,-0.012011,-0.046215,0.698717,0.820458,0.463116,0.443988,0.706021,0.853190,,
0.7050,isaac,initial_pitch_release,isaac_rel_25deg_13,25.0000,0,-0.055650,0.971857,0.200127,0.927014,-0.012511,-0.020079,0.706021,0.853190,0.464376,0.451977,0.708213,0.870969,,
0.7200,isaac,initial_pitch_release,isaac_rel_25deg_13,25.0000,0,-0.041026,0.972933,0.213776,0.938386,-0.012608,0.003971,0.708213,0.870969,0.468771,0.472201,0.715840,0.906551,,
0.7350,isaac,initial_pitch_release,isaac_rel_25deg_13,25.0000,0,-0.026394,0.972676,0.227523,0.946335,-0.012352,0.024923,0.715840,0.906551,0.473892,0.490104,0.724689,0.940314,,
0.7500,isaac,initial_pitch_release,isaac_rel_25deg_13,25.0000,0,-0.011778,0.968457,0.241343,0.951398,-0.011789,0.043097,0.724689,0.940314,0.476558,0.494312,0.729280,0.951706,,
0.7650,isaac,initial_pitch_release,isaac_rel_25deg_13,25.0000,0,0.002816,0.969461,0.255173,0.951200,-0.010954,0.060434,0.729280,0.951706,0.477463,0.503878,0.730835,0.968440,,
0.7800,isaac,initial_pitch_release,isaac_rel_25deg_13,25.0000,0,0.017373,0.964121,0.269061,0.957655,-0.009949,0.065753,0.730835,0.968440,0.482424,0.528793,0.739343,1.009599,,
0.7950,isaac,initial_pitch_release,isaac_rel_25deg_13,25.0000,0,0.031909,0.965868,0.282925,0.953653,-0.008856,0.072192,0.739343,1.009599,0.489692,0.540070,0.751738,1.032582,,
0.8100,isaac,initial_pitch_release,isaac_rel_25deg_13,25.0000,0,0.046423,0.964135,0.296834,0.957840,-0.007774,0.065998,0.751738,1.032582,0.494704,0.553940,0.760239,1.056756,,
0.8250,isaac,initial_pitch_release,isaac_rel_25deg_13,25.0000,0,0.060932,0.964854,0.310759,0.959761,-0.006822,0.056812,0.760239,1.056756,0.506416,0.562679,0.779950,1.073182,,
0.8400,isaac,initial_pitch_release,isaac_rel_25deg_13,25.0000,0,0.075454,0.964998,0.324724,0.964078,-0.006062,0.043798,0.779950,1.073182,0.518242,0.573891,0.799637,1.092063,,
0.8550,isaac,initial_pitch_release,isaac_rel_25deg_13,25.0000,0,0.090012,0.969513,0.338732,0.968624,-0.005530,0.028996,0.799637,1.092063,0.530608,0.584731,0.819984,1.110549,,
0.8700,isaac,initial_pitch_release,isaac_rel_25deg_13,25.0000,0,0.104615,0.972616,0.352862,0.980207,-0.005281,0.009584,0.819984,1.110549,0.543493,0.593122,0.840929,1.125273,,
0.8850,isaac,initial_pitch_release,isaac_rel_25deg_13,25.0000,0,0.119280,0.977496,0.367126,0.991578,-0.005337,-0.009356,0.840929,1.125273,0.551996,0.594584,0.854605,1.129423,,
0.9000,isaac,initial_pitch_release,isaac_rel_25deg_13,25.0000,0,0.134014,0.982475,0.381557,1.005979,-0.005664,-0.024467,0.854605,1.129423,0.564075,0.597424,0.873832,1.134084,,
0.9150,isaac,initial_pitch_release,isaac_rel_25deg_13,25.0000,0,0.148821,0.987278,0.396178,1.020924,-0.006212,-0.037155,0.873832,1.134084,0.573164,0.605792,0.888144,1.146694,,
0.9300,isaac,initial_pitch_release,isaac_rel_25deg_13,25.0000,0,0.163701,0.991270,0.410979,1.036320,-0.006897,-0.040814,0.888144,1.146694,0.584877,0.612096,0.906391,1.157385,,
0.9450,isaac,initial_pitch_release,isaac_rel_25deg_13,25.0000,0,0.178646,0.995914,0.425949,1.050264,-0.007634,-0.044334,0.906391,1.157385,0.592293,0.618177,0.917828,1.167435,,
0.9600,isaac,initial_pitch_release,isaac_rel_25deg_13,25.0000,0,0.193639,0.998075,0.441081,1.063726,-0.008328,-0.039093,0.917828,1.167435,0.600324,0.624554,0.930113,1.177752,,
0.9750,isaac,initial_pitch_release,isaac_rel_25deg_13,25.0000,0,0.208661,0.999521,0.456334,1.073213,-0.008912,-0.031430,0.930113,1.177752,0.610698,0.639508,0.945825,1.199861,,
0.9900,isaac,initial_pitch_release,isaac_rel_25deg_13,25.0000,0,0.223688,0.997896,0.471677,1.081771,-0.009330,-0.020150,0.945825,1.199861,0.618205,0.646664,0.957085,1.212700,,
1.0050,isaac,initial_pitch_release,isaac_rel_25deg_13,25.0000,0,0.238700,0.997139,0.487061,1.084406,-0.009530,-0.005400,0.957085,1.212700,0.629812,0.664800,0.974312,1.238894,,
1.0200,isaac,initial_pitch_release,isaac_rel_25deg_13,25.0000,0,0.000000,0.111049,-0.319260,-0.332238,0.000000,0.000000,0.974312,1.238894,0.635681,0.672695,0.000000,0.000000,,
0.0000,isaac,initial_pitch_release,isaac_rel_25deg_14,25.0000,0,0.000000,0.000000,0.436332,0.000000,0.000000,0.000000,0.000000,0.000000,0.000000,0.000000,0.000000,0.000000,,
0.0150,isaac,initial_pitch_release,isaac_rel_25deg_14,25.0000,0,-0.000000,-0.000000,0.436332,0.000059,0.000000,0.000001,0.000000,0.000000,-0.186619,-0.316151,0.000000,0.000000,,
0.0300,isaac,initial_pitch_release,isaac_rel_25deg_14,25.0000,0,-0.002308,-0.173554,0.445917,1.394175,-0.001163,0.063815,0.000000,0.000000,0.492853,0.526773,-0.232569,-0.375367,,
0.0450,isaac,initial_pitch_release,isaac_rel_25deg_14,25.0000,0,-0.003188,0.003626,0.456649,0.381331,-0.001210,-0.073129,-0.232569,-0.375367,0.518818,0.558853,0.651317,0.901037,,
0.0600,isaac,initial_pitch_release,isaac_rel_25deg_14,25.0000,0,-0.001664,0.162715,0.456479,-0.350431,-0.003179,-0.193107,0.651317,0.901037,0.505123,0.523002,0.709175,0.952165,,
0.0750,isaac,initial_pitch_release,isaac_rel_25deg_14,25.0000,0,0.002039,0.297778,0.446451,-0.924110,-0.006732,-0.267803,0.709175,0.952165,0.471748,0.441126,0.692746,0.894922,,
0.0900,isaac,initial_pitch_release,isaac_rel_25deg_14,25.0000,0,0.007145,0.363441,0.432356,-0.962962,-0.010219,-0.199629,0.692746,0.894922,0.432504,0.359911,0.647545,0.756761,,
0.1050,isaac,initial_pitch_release,isaac_rel_25deg_14,25.0000,0,0.012984,0.406319,0.418482,-0.927284,-0.012727,-0.136993,0.647545,0.756761,0.422421,0.366255,0.592004,0.610144,,
0.1200,isaac,initial_pitch_release,isaac_rel_25deg_14,25.0000,0,0.019523,0.452887,0.404576,-0.930439,-0.014566,-0.103415,0.592004,0.610144,0.417986,0.385408,0.576273,0.621918,,
0.1350,isaac,initial_pitch_release,isaac_rel_25deg_14,25.0000,0,0.026762,0.501120,0.390571,-0.944198,-0.016089,-0.093285,0.576273,0.621918,0.407228,0.382447,0.569550,0.657142,,
0.1500,isaac,initial_pitch_release,isaac_rel_25deg_14,25.0000,0,0.034665,0.542206,0.376575,-0.936126,-0.017501,-0.087773,0.569550,0.657142,0.397722,0.368069,0.553988,0.651728,,
0.1650,isaac,initial_pitch_release,isaac_rel_25deg_14,25.0000,0,0.043177,0.581408,0.362669,-0.923933,-0.018800,-0.078180,0.553988,0.651728,0.396365,0.365315,0.539872,0.625275,,
0.1800,isaac,initial_pitch_release,isaac_rel_25deg_14,25.0000,0,0.052275,0.620207,0.348791,-0.920835,-0.019947,-0.068794,0.539872,0.625275,0.388215,0.361061,0.537533,0.620176,,
0.1950,isaac,initial_pitch_release,isaac_rel_25deg_14,25.0000,0,0.061937,0.657343,0.334913,-0.926407,-0.020967,-0.061912,0.537533,0.620176,0.385425,0.355770,0.525633,0.612282,,
0.2100,isaac,initial_pitch_release,isaac_rel_25deg_14,25.0000,0,0.072137,0.692006,0.321027,-0.922089,-0.021867,-0.053813,0.525633,0.612282,0.379934,0.351705,0.521248,0.602432,,
0.2250,isaac,initial_pitch_release,isaac_rel_25deg_14,25.0000,0,0.082856,0.725969,0.307162,-0.920643,-0.022654,-0.048805,0.521248,0.602432,0.380553,0.348450,0.513099,0.594840,,
0.2400,isaac,initial_pitch_release,isaac_rel_25deg_14,25.0000,0,0.094085,0.763204,0.293290,-0.922317,-0.023337,-0.043436,0.513099,0.594840,0.385239,0.350348,0.513790,0.588744,,
0.2550,isaac,initial_pitch_release,isaac_rel_25deg_14,25.0000,0,0.105828,0.794524,0.279373,-0.927251,-0.023920,-0.037550,0.513790,0.588744,0.384865,0.343255,0.520660,0.592300,,
0.2700,isaac,initial_pitch_release,isaac_rel_25deg_14,25.0000,0,0.118079,0.828157,0.265463,-0.925600,-0.024396,-0.029952,0.520660,0.592300,0.389508,0.338338,0.520298,0.578991,,
0.2850,isaac,initial_pitch_release,isaac_rel_25deg_14,25.0000,0,0.130840,0.864037,0.251539,-0.927626,-0.024726,-0.020248,0.520298,0.578991,0.392366,0.341585,0.527057,0.569728,,
0.3000,isaac,initial_pitch_release,isaac_rel_25deg_14,25.0000,0,0.144015,0.887062,0.237922,-0.896721,-0.024881,-0.008128,0.527057,0.569728,0.396254,0.345402,0.531392,0.575848,,
0.3150,isaac,initial_pitch_release,isaac_rel_25deg_14,25.0000,0,0.157520,0.907431,0.224634,-0.870637,-0.025015,-0.018120,0.531392,0.575848,0.397193,0.346269,0.537146,0.583026,,
0.3300,isaac,initial_pitch_release,isaac_rel_25deg_14,25.0000,0,0.171223,0.912894,0.212232,-0.766151,-0.025302,-0.028556,0.537146,0.583026,0.394391,0.340357,0.538658,0.584653,,
0.3450,isaac,initial_pitch_release,isaac_rel_25deg_14,25.0000,0,0.184990,0.915753,0.201503,-0.646902,-0.025752,-0.039239,0.538658,0.584653,0.396667,0.337387,0.534639,0.573535,,
0.3600,isaac,initial_pitch_release,isaac_rel_25deg_14,25.0000,0,0.198793,0.918026,0.192590,-0.524734,-0.026341,-0.046394,0.534639,0.573535,0.393158,0.325719,0.537830,0.567933,,
0.3750,isaac,initial_pitch_release,isaac_rel_25deg_14,25.0000,0,0.212609,0.917679,0.185528,-0.400563,-0.027003,-0.047601,0.537830,0.567933,0.396188,0.324602,0.532829,0.545818,,
0.3900,isaac,initial_pitch_release,isaac_rel_25deg_14,25.0000,0,0.226433,0.918347,0.180256,-0.285335,-0.027648,-0.041524,0.532829,0.545818,0.394847,0.318580,0.537088,0.543692,,
0.4050,isaac,initial_pitch_release,isaac_rel_25deg_14,25.0000,0,0.240258,0.918010,0.176693,-0.172706,-0.028150,-0.026886,0.537088,0.543692,0.396705,0.318816,0.535259,0.532207,,
0.4200,isaac,initial_pitch_release,isaac_rel_25deg_14,25.0000,0,0.254071,0.916045,0.174786,-0.063657,-0.028411,-0.007975,0.535259,0.532207,0.393574,0.314389,0.537901,0.532658,,
0.4350,isaac,initial_pitch_release,isaac_rel_25deg_14,25.0000,0,0.267870,0.915916,0.174391,0.032275,-0.028338,0.018107,0.537901,0.532658,0.391513,0.311775,0.533434,0.524188,,
0.4500,isaac,initial_pitch_release,isaac_rel_25deg_14,25.0000,0,0.281647,0.913142,0.175414,0.128016,-0.027875,0.043419,0.533434,0.524188,0.392673,0.316513,0.530323,0.519177,,
0.4650,isaac,initial_pitch_release,isaac_rel_25deg_14,25.0000,0,0.295400,0.912369,0.177748,0.209141,-0.026990,0.073612,0.530323,0.519177,0.387903,0.316990,0.531925,0.528255,,
0.4800,isaac,initial_pitch_release,isaac_rel_25deg_14,25.0000,0,0.309127,0.910305,0.181288,0.288544,-0.025680,0.099015,0.531925,0.528255,0.384950,0.326963,0.525030,0.529167,,
0.4950,isaac,initial_pitch_release,isaac_rel_25deg_14,25.0000,0,-0.309890,0.908664,0.185966,0.360753,-0.023997,0.122597,0.525030,0.529167,0.380823,0.337557,0.520539,0.548183,,
0.5100,isaac,initial_pitch_release,isaac_rel_25deg_14,25.0000,0,-0.296211,0.906653,0.191696,0.429195,-0.021999,0.139822,0.520539,0.548183,0.401679,0.404811,0.514383,0.568252,,
0.5250,isaac,initial_pitch_release,isaac_rel_25deg_14,25.0000,0,-0.282545,0.906599,0.198415,0.493906,-0.019749,0.155552,0.514383,0.568252,0.405942,0.425673,0.544530,0.692324,,
0.5400,isaac,initial_pitch_release,isaac_rel_25deg_14,25.0000,0,-0.268889,0.905986,0.206159,0.565639,-0.017363,0.157941,0.544530,0.692324,0.417603,0.428647,0.551473,0.729570,,
0.5550,isaac,initial_pitch_release,isaac_rel_25deg_14,25.0000,0,-0.255245,0.907313,0.215031,0.644682,-0.014976,0.155354,0.551473,0.729570,0.426975,0.443891,0.568343,0.734830,,
0.5700,isaac,initial_pitch_release,isaac_rel_25deg_14,25.0000,0,-0.241624,0.904775,0.225227,0.742347,-0.012661,0.148630,0.568343,0.734830,0.433627,0.458639,0.582092,0.761590,,
0.5850,isaac,initial_pitch_release,isaac_rel_25deg_14,25.0000,0,-0.228017,0.903560,0.236888,0.841557,-0.010600,0.123687,0.582092,0.761590,0.447418,0.480335,0.591838,0.787159,,
0.6000,isaac,initial_pitch_release,isaac_rel_25deg_14,25.0000,0,-0.214367,0.911797,0.249745,0.888295,-0.008976,0.091724,0.591838,0.787159,0.463665,0.495026,0.611380,0.824187,,
0.6150,isaac,initial_pitch_release,isaac_rel_25deg_14,25.0000,0,-0.200571,0.920821,0.262940,0.908617,-0.007932,0.053965,0.611380,0.824187,0.475323,0.501419,0.634332,0.848858,,
0.6300,isaac,initial_pitch_release,isaac_rel_25deg_14,25.0000,0,-0.186630,0.930750,0.276411,0.930856,-0.007464,0.018279,0.634332,0.848858,0.491598,0.514140,0.650846,0.859491,,
0.6450,isaac,initial_pitch_release,isaac_rel_25deg_14,25.0000,0,-0.172561,0.940528,0.290153,0.952596,-0.007457,-0.005842,0.650846,0.859491,0.502845,0.528102,0.673213,0.880460,,
0.6600,isaac,initial_pitch_release,isaac_rel_25deg_14,25.0000,0,-0.158380,0.945769,0.304165,0.973500,-0.007724,-0.017051,0.673213,0.880460,0.516171,0.541509,0.688775,0.903189,,
0.6750,isaac,initial_pitch_release,isaac_rel_25deg_14,25.0000,0,-0.144098,0.952116,0.318379,0.989521,-0.008162,-0.027784,0.688775,0.903189,0.523137,0.551150,0.706719,0.924725,,
0.6900,isaac,initial_pitch_release,isaac_rel_25deg_14,25.0000,0,-0.129730,0.957134,0.332789,1.005466,-0.008696,-0.030549,0.706719,0.924725,0.534950,0.568172,0.716273,0.940037,,
0.7050,isaac,initial_pitch_release,isaac_rel_25deg_14,25.0000,0,-0.115300,0.960343,0.347359,1.018548,-0.009208,-0.026633,0.716273,0.940037,0.541427,0.579461,0.731779,0.966712,,
0.7200,isaac,initial_pitch_release,isaac_rel_25deg_14,25.0000,0,-0.100831,0.962171,0.362051,1.028685,-0.009614,-0.018778,0.731779,0.966712,0.550267,0.599801,0.740482,0.984147,,
0.7350,isaac,initial_pitch_release,isaac_rel_25deg_14,25.0000,0,-0.086347,0.962312,0.376827,1.036108,-0.009843,-0.006234,0.740482,0.984147,0.556450,0.612835,0.751941,1.015046,,
0.7500,isaac,initial_pitch_release,isaac_rel_25deg_14,25.0000,0,-0.071871,0.960849,0.391663,1.040614,-0.009844,0.008696,0.751941,1.015046,0.561168,0.629544,0.760040,1.034495,,
0.7650,isaac,initial_pitch_release,isaac_rel_25deg_14,25.0000,0,-0.057425,0.958376,0.406532,1.043283,-0.009588,0.024935,0.760040,1.034495,0.568755,0.652529,0.766170,1.059026,,
0.7800,isaac,initial_pitch_release,isaac_rel_25deg_14,25.0000,0,-0.043023,0.953926,0.421427,1.046204,-0.009068,0.040811,0.766170,1.059026,0.572552,0.663004,0.775785,1.092030,,
0.7950,isaac,initial_pitch_release,isaac_rel_25deg_14,25.0000,0,-0.028674,0.950971,0.436321,1.045556,-0.008290,0.057348,0.775785,1.092030,0.581543,0.678085,0.780744,1.106788,,
0.8100,isaac,initial_pitch_release,isaac_rel_25deg_14,25.0000,0,-0.014384,0.946900,0.451231,1.046022,-0.007314,0.066806,0.780744,1.106788,0.585722,0.690562,0.791938,1.127719,,
0.8250,isaac,initial_pitch_release,isaac_rel_25deg_14,25.0000,0,-0.000151,0.943173,0.466130,1.045167,-0.006207,0.074087,0.791938,1.127719,0.595641,0.704864,0.797342,1.144758,,
0.8400,isaac,initial_pitch_release,isaac_rel_25deg_14,25.0000,0,0.014033,0.940147,0.481021,1.044097,-0.005026,0.076682,0.797342,1.144758,0.606721,0.720325,0.809516,1.163978,,
0.8550,isaac,initial_pitch_release,isaac_rel_25deg_14,25.0000,0,0.000000,0.116877,-0.340493,0.182982,0.000000,0.000000,0.809516,1.163978,0.613362,0.725516,0.000000,0.000000,,
0.0000,isaac,initial_pitch_release,isaac_rel_25deg_15,25.0000,0,0.000000,0.000000,0.436332,0.000000,0.000000,0.000000,0.000000,0.000000,0.000000,0.000000,0.000000,0.000000,,
0.0150,isaac,initial_pitch_release,isaac_rel_25deg_15,25.0000,0,-0.000000,0.000000,0.436332,-0.000037,0.000000,0.000001,0.000000,0.000000,0.395454,0.368995,0.000000,0.000000,,
0.0300,isaac,initial_pitch_release,isaac_rel_25deg_15,25.0000,0,0.002368,0.015906,0.438027,0.317096,-0.000240,-0.062536,0.000000,0.000000,0.490998,0.524238,0.510330,0.668124,,
0.0450,isaac,initial_pitch_release,isaac_rel_25deg_15,25.0000,0,0.004028,0.171764,0.436948,-0.424670,-0.001815,-0.143445,0.510330,0.668124,0.492094,0.507501,0.751127,0.910506,,
0.0600,isaac,initial_pitch_release,isaac_rel_25deg_15,25.0000,0,0.007992,0.315333,0.425277,-1.009501,-0.004229,-0.154126,0.751127,0.910506,0.448285,0.417559,0.801186,0.885922,,
0.0750,isaac,initial_pitch_release,isaac_rel_25deg_15,25.0000,0,0.013320,0.364506,0.410487,-1.004437,-0.006025,-0.082386,0.801186,0.885922,0.405843,0.341599,0.749461,0.747294,,
0.0900,isaac,initial_pitch_release,isaac_rel_25deg_15,25.0000,0,0.019386,0.423460,0.396116,-0.964529,-0.006961,-0.034593,0.749461,0.747294,0.389492,0.350256,0.676934,0.622231,,
0.1050,isaac,initial_pitch_release,isaac_rel_25deg_15,25.0000,0,0.026170,0.468617,0.381880,-0.962056,-0.007463,-0.024820,0.676934,0.622231,0.385426,0.378457,0.637832,0.636825,,
0.1200,isaac,initial_pitch_release,isaac_rel_25deg_15,25.0000,0,0.033679,0.516442,0.367586,-0.962704,-0.008027,-0.041771,0.637832,0.636825,0.370820,0.364021,0.623816,0.683773,,
0.1350,isaac,initial_pitch_release,isaac_rel_25deg_15,25.0000,0,0.041860,0.560918,0.353354,-0.950131,-0.008816,-0.055056,0.623816,0.683773,0.380899,0.360889,0.598804,0.659857,,
0.1500,isaac,initial_pitch_release,isaac_rel_25deg_15,25.0000,0,0.050692,0.605341,0.339139,-0.953613,-0.009695,-0.056122,0.598804,0.659857,0.374606,0.347623,0.609096,0.654635,,
0.1650,isaac,initial_pitch_release,isaac_rel_25deg_15,25.0000,0,0.060134,0.643377,0.324962,-0.944947,-0.010534,-0.050764,0.609096,0.654635,0.374192,0.341692,0.601609,0.632396,,
0.1800,isaac,initial_pitch_release,isaac_rel_25deg_15,25.0000,0,0.070166,0.681923,0.310821,-0.946754,-0.011277,-0.043589,0.601609,0.632396,0.372699,0.340637,0.599469,0.622388,,
0.1950,isaac,initial_pitch_release,isaac_rel_25deg_15,25.0000,0,0.080770,0.719821,0.296682,-0.942518,-0.011948,-0.041991,0.599469,0.622388,0.373598,0.337996,0.596762,0.620604,,
0.2100,isaac,initial_pitch_release,isaac_rel_25deg_15,25.0000,0,0.091937,0.754635,0.282537,-0.943319,-0.012571,-0.039736,0.596762,0.620604,0.377496,0.333110,0.597587,0.616132,,
0.2250,isaac,initial_pitch_release,isaac_rel_25deg_15,25.0000,0,0.103654,0.793279,0.268393,-0.940275,-0.013125,-0.035750,0.597587,0.616132,0.379646,0.328009,0.603686,0.607839,,
0.2400,isaac,initial_pitch_release,isaac_rel_25deg_15,25.0000,0,0.115920,0.830180,0.254245,-0.943976,-0.013590,-0.030442,0.603686,0.607839,0.385754,0.329522,0.608180,0.599153,,
0.2550,isaac,initial_pitch_release,isaac_rel_25deg_15,25.0000,0,0.128683,0.861759,0.240254,-0.928525,-0.014066,-0.038317,0.608180,0.599153,0.388025,0.331810,0.618333,0.601731,,
0.2700,isaac,initial_pitch_release,isaac_rel_25deg_15,25.0000,0,0.141824,0.884374,0.226692,-0.891962,-0.014727,-0.055652,0.618333,0.601731,0.391546,0.332710,0.623808,0.605628,,
0.2850,isaac,initial_pitch_release,isaac_rel_25deg_15,25.0000,0,0.155259,0.900580,0.213535,-0.854445,-0.015712,-0.082398,0.623808,0.605628,0.392239,0.327020,0.630214,0.607158,,
0.3000,isaac,initial_pitch_release,isaac_rel_25deg_15,25.0000,0,0.168867,0.908387,0.201312,-0.756949,-0.017052,-0.102003,0.630214,0.607158,0.395817,0.323040,0.632548,0.597465,,
0.3150,isaac,initial_pitch_release,isaac_rel_25deg_15,25.0000,0,0.182524,0.907639,0.190775,-0.631307,-0.018636,-0.114499,0.632548,0.597465,0.396664,0.315386,0.638390,0.590663,,
0.3300,isaac,initial_pitch_release,isaac_rel_25deg_15,25.0000,0,0.196214,0.911090,0.181977,-0.523818,-0.020395,-0.127411,0.638390,0.590663,0.397610,0.309652,0.640838,0.577537,,
0.3450,isaac,initial_pitch_release,isaac_rel_25deg_15,25.0000,0,0.209933,0.911403,0.174885,-0.406030,-0.022313,-0.134186,0.640838,0.577537,0.396885,0.302726,0.642748,0.567663,,
0.3600,isaac,initial_pitch_release,isaac_rel_25deg_15,25.0000,0,0.223662,0.911684,0.169509,-0.294166,-0.024246,-0.127638,0.642748,0.567663,0.399099,0.301371,0.642048,0.555691,,
0.3750,isaac,initial_pitch_release,isaac_rel_25deg_15,25.0000,0,0.237395,0.911958,0.165773,-0.185872,-0.026044,-0.114831,0.642048,0.555691,0.394957,0.293647,0.645220,0.553342,,
0.3900,isaac,initial_pitch_release,isaac_rel_25deg_15,25.0000,0,0.251119,0.910652,0.163634,-0.080311,-0.027615,-0.096526,0.645220,0.553342,0.396403,0.295513,0.639656,0.539924,,
0.4050,isaac,initial_pitch_release,isaac_rel_25deg_15,25.0000,0,0.264824,0.909416,0.162994,0.016593,-0.028872,-0.073285,0.639656,0.539924,0.394289,0.293387,0.640702,0.543170,,
0.4200,isaac,initial_pitch_release,isaac_rel_25deg_15,25.0000,0,0.278507,0.906776,0.163737,0.106089,-0.029760,-0.047649,0.640702,0.543170,0.395398,0.296530,0.637741,0.539470,,
0.4350,isaac,initial_pitch_release,isaac_rel_25deg_15,25.0000,0,0.292171,0.906648,0.165708,0.182792,-0.030262,-0.021496,0.637741,0.539470,0.394098,0.297096,0.638809,0.544939,,
0.4500,isaac,initial_pitch_release,isaac_rel_25deg_15,25.0000,0,0.305807,0.903692,0.168836,0.260718,-0.030376,0.004020,0.638809,0.544939,0.395944,0.301841,0.637073,0.545923,,
0.4650,isaac,initial_pitch_release,isaac_rel_25deg_15,25.0000,0,0.003056,0.902763,0.173034,0.326421,-0.030132,0.025316,0.637073,0.545923,0.391720,0.303693,0.639493,0.554157,,
0.4800,isaac,initial_pitch_release,isaac_rel_25deg_15,25.0000,0,-0.299719,0.900388,0.178202,0.391927,-0.029588,0.042564,0.639493,0.554157,0.403715,0.398808,0.633638,0.557365,,
0.4950,isaac,initial_pitch_release,isaac_rel_25deg_15,25.0000,0,-0.286151,0.900390,0.184282,0.448302,-0.028812,0.055262,0.633638,0.557365,0.415686,0.395737,0.650416,0.717067,,
0.5100,isaac,initial_pitch_release,isaac_rel_25deg_15,25.0000,0,-0.272598,0.898005,0.191285,0.514510,-0.027900,0.061379,0.650416,0.717067,0.429446,0.401242,0.671559,0.712075,,
0.5250,isaac,initial_pitch_release,isaac_rel_25deg_15,25.0000,0,-0.259051,0.899582,0.199223,0.574115,-0.026941,0.061333,0.671559,0.712075,0.433141,0.409231,0.696028,0.721016,,
0.5400,isaac,initial_pitch_release,isaac_rel_25deg_15,25.0000,0,-0.245510,0.897868,0.208222,0.654613,-0.026057,0.051988,0.696028,0.721016,0.443699,0.434344,0.706348,0.733923,,
0.5550,isaac,initial_pitch_release,isaac_rel_25deg_15,25.0000,0,-0.231977,0.898546,0.218445,0.738666,-0.025363,0.037533,0.706348,0.733923,0.451066,0.443675,0.723736,0.773973,,
0.5700,isaac,initial_pitch_release,isaac_rel_25deg_15,25.0000,0,-0.218447,0.898963,0.230072,0.842166,-0.024948,0.017049,0.723736,0.773973,0.465010,0.455588,0.737843,0.788648,,
0.5850,isaac,initial_pitch_release,isaac_rel_25deg_15,25.0000,0,-0.204892,0.904515,0.243033,0.898442,-0.024875,-0.005578,0.737843,0.788648,0.482735,0.478429,0.760571,0.807218,,
0.6000,isaac,initial_pitch_release,isaac_rel_25deg_15,25.0000,0,-0.191183,0.915114,0.256307,0.913616,-0.025179,-0.030349,0.760571,0.807218,0.490631,0.484316,0.790085,0.842297,,
0.6150,isaac,initial_pitch_release,isaac_rel_25deg_15,25.0000,0,-0.177324,0.925507,0.269825,0.933580,-0.025851,-0.051268,0.790085,0.842297,0.501535,0.496024,0.807015,0.851224,,
0.6300,isaac,initial_pitch_release,isaac_rel_25deg_15,25.0000,0,-0.163334,0.935402,0.283609,0.955648,-0.026776,-0.061054,0.807015,0.851224,0.514482,0.514340,0.825461,0.868837,,
0.6450,isaac,initial_pitch_release,isaac_rel_25deg_15,25.0000,0,-0.149237,0.940035,0.297655,0.977751,-0.027808,-0.065057,0.825461,0.868837,0.523212,0.526759,0.846833,0.896015,,
0.6600,isaac,initial_pitch_release,isaac_rel_25deg_15,25.0000,0,-0.135039,0.945616,0.311885,0.991327,-0.028887,-0.069336,0.846833,0.896015,0.531544,0.539440,0.862924,0.914176,,
0.6750,isaac,initial_pitch_release,isaac_rel_25deg_15,25.0000,0,-0.120763,0.950805,0.326292,1.005556,-0.029962,-0.065657,0.862924,0.914176,0.540596,0.554767,0.877321,0.932497,,
0.6900,isaac,initial_pitch_release,isaac_rel_25deg_15,25.0000,0,-0.106435,0.950819,0.340862,1.019331,-0.030944,-0.058299,0.877321,0.932497,0.546667,0.566615,0.892238,0.954338,,
0.7050,isaac,initial_pitch_release,isaac_rel_25deg_15,25.0000,0,-0.092071,0.954910,0.355518,1.025072,-0.031746,-0.044555,0.892238,0.954338,0.554783,0.582120,0.903245,0.970991,,
0.7200,isaac,initial_pitch_release,isaac_rel_25deg_15,25.0000,0,-0.077709,0.954037,0.370287,1.035317,-0.032353,-0.035514,0.903245,0.970991,0.563274,0.604983,0.916081,0.992482,,
0.7350,isaac,initial_pitch_release,isaac_rel_25deg_15,25.0000,0,-0.063375,0.950945,0.385121,1.040956,-0.032752,-0.020222,0.916081,0.992482,0.569979,0.621471,0.929684,1.023538,,
0.7500,isaac,initial_pitch_release,isaac_rel_25deg_15,25.0000,0,-0.049082,0.947245,0.399975,1.042403,-0.032914,-0.005740,0.929684,1.023538,0.575461,0.638687,0.941059,1.045463,,
0.7650,isaac,initial_pitch_release,isaac_rel_25deg_15,25.0000,0,-0.034843,0.943618,0.414837,1.043652,-0.032854,0.007339,0.941059,1.045463,0.580541,0.651321,0.950363,1.067935,,
0.7800,isaac,initial_pitch_release,isaac_rel_25deg_15,25.0000,0,-0.020666,0.938378,0.429702,1.043495,-0.032604,0.017714,0.950363,1.067935,0.583268,0.662728,0.958702,1.084151,,
0.7950,isaac,initial_pitch_release,isaac_rel_25deg_15,25.0000,0,-0.006548,0.935342,0.444551,1.041667,-0.032214,0.025445,0.958702,1.084151,0.588026,0.673063,0.963839,1.098593,,
0.8100,isaac,initial_pitch_release,isaac_rel_25deg_15,25.0000,0,0.007511,0.931913,0.459395,1.040727,-0.031733,0.029408,0.963839,1.098593,0.597194,0.686892,0.970880,1.111513,,
0.8250,isaac,initial_pitch_release,isaac_rel_25deg_15,25.0000,0,0.021521,0.928827,0.474224,1.039871,-0.031211,0.031597,0.970880,1.111513,0.605834,0.695148,0.983785,1.128556,,
0.8400,isaac,initial_pitch_release,isaac_rel_25deg_15,25.0000,0,0.035502,0.925808,0.489034,1.039516,-0.030715,0.027655,0.983785,1.128556,0.614596,0.707380,0.997108,1.138600,,
0.8550,isaac,initial_pitch_release,isaac_rel_25deg_15,25.0000,0,0.000000,-0.048164,-0.026178,-0.003669,0.000000,0.000000,0.997108,1.138600,0.630305,0.721660,0.000000,0.000000,,
0.0000,isaac,initial_pitch_release,isaac_rel_25deg_16,25.0000,0,0.000000,0.000000,0.436332,0.000000,0.000000,0.000000,0.000000,0.000000,0.000000,0.000000,0.000000,0.000000,,
0.0150,isaac,initial_pitch_release,isaac_rel_25deg_16,25.0000,0,-0.000000,0.000000,0.436332,-0.000081,0.000000,0.000001,0.000000,0.000000,-0.151149,-0.285714,0.000000,0.000000,,
0.0300,isaac,initial_pitch_release,isaac_rel_25deg_16,25.0000,0,-0.002504,-0.171084,0.445673,1.405248,-0.000857,0.135499,0.000000,0.000000,0.494853,0.530275,-0.123090,-0.448158,,
0.0450,isaac,initial_pitch_release,isaac_rel_25deg_16,25.0000,0,-0.002917,0.055251,0.454241,0.072588,0.000619,0.071020,-0.123090,-0.448158,0.503469,0.536057,0.932167,1.016560,,
0.0600,isaac,initial_pitch_release,isaac_rel_25deg_16,25.0000,0,-0.000193,0.256328,0.447370,-0.939000,0.001355,0.030024,0.932167,1.016560,0.461932,0.477429,0.947695,1.026713,,
0.0750,isaac,initial_pitch_release,isaac_rel_25deg_16,25.0000,0,0.004842,0.365352,0.431909,-1.087023,0.001471,0.004312,0.947695,1.026713,0.408584,0.375465,0.871712,0.921138,,
0.0900,isaac,initial_pitch_release,isaac_rel_25deg_16,25.0000,0,0.010839,0.415922,0.416701,-1.021084,0.001439,0.014472,0.871712,0.921138,0.393285,0.365861,0.770075,0.724297,,
0.1050,isaac,initial_pitch_release,isaac_rel_25deg_16,25.0000,0,0.017711,0.472761,0.401773,-1.009252,0.001627,0.019854,0.770075,0.724297,0.381804,0.388179,0.740123,0.704949,,
0.1200,isaac,initial_pitch_release,isaac_rel_25deg_16,25.0000,0,0.025504,0.545075,0.386802,-1.019456,0.001714,0.002355,0.740123,0.704949,0.366755,0.374299,0.717418,0.749706,,
0.1350,isaac,initial_pitch_release,isaac_rel_25deg_16,25.0000,0,0.034159,0.598893,0.371959,-1.013257,0.001588,-0.007517,0.717418,0.749706,0.377956,0.370927,0.687370,0.721955,,
0.1500,isaac,initial_pitch_release,isaac_rel_25deg_16,25.0000,0,0.043660,0.655683,0.357101,-1.015204,0.001460,0.000002,0.687370,0.721955,0.372623,0.362280,0.709765,0.715171,,
0.1650,isaac,initial_pitch_release,isaac_rel_25deg_16,25.0000,0,0.053969,0.703758,0.342296,-1.009072,0.001442,0.007920,0.709765,0.715171,0.370236,0.355278,0.699124,0.697701,,
0.1800,isaac,initial_pitch_release,isaac_rel_25deg_16,25.0000,0,0.065062,0.760162,0.327507,-1.005956,0.001541,0.014521,0.699124,0.697701,0.373906,0.360601,0.694349,0.683476,,
0.1950,isaac,initial_pitch_release,isaac_rel_25deg_16,25.0000,0,0.076948,0.806282,0.312675,-1.009351,0.001705,0.016651,0.694349,0.683476,0.375703,0.357576,0.701688,0.694297,,
0.2100,isaac,initial_pitch_release,isaac_rel_25deg_16,25.0000,0,0.089509,0.853477,0.298109,-0.976430,0.002017,0.030538,0.701688,0.694297,0.383346,0.352147,0.705275,0.688151,,
0.2250,isaac,initial_pitch_release,isaac_rel_25deg_16,25.0000,0,0.102566,0.881789,0.284145,-0.922818,0.002320,0.013589,0.705275,0.688151,0.389820,0.354571,0.720477,0.677093,,
0.2400,isaac,initial_pitch_release,isaac_rel_25deg_16,25.0000,0,0.116022,0.906228,0.270629,-0.890254,0.002402,-0.003667,0.720477,0.677093,0.398648,0.356148,0.733289,0.682035,,
0.2550,isaac,initial_pitch_release,isaac_rel_25deg_16,25.0000,0,0.129802,0.924936,0.257494,-0.856938,0.002217,-0.025261,0.733289,0.682035,0.403447,0.357139,0.750662,0.685247,,
0.2700,isaac,initial_pitch_release,isaac_rel_25deg_16,25.0000,0,0.143779,0.932256,0.245321,-0.752849,0.001701,-0.049504,0.750662,0.685247,0.404909,0.352587,0.760056,0.687264,,
0.2850,isaac,initial_pitch_release,isaac_rel_25deg_16,25.0000,0,0.157829,0.934623,0.234891,-0.625190,0.000823,-0.073870,0.760056,0.687264,0.409866,0.352194,0.762912,0.677991,,
0.3000,isaac,initial_pitch_release,isaac_rel_25deg_16,25.0000,0,0.171923,0.938099,0.226389,-0.496078,-0.000407,-0.096493,0.762912,0.677991,0.411004,0.342698,0.772567,0.677190,,
0.3150,isaac,initial_pitch_release,isaac_rel_25deg_16,25.0000,0,0.186044,0.938724,0.219898,-0.356583,-0.001915,-0.109843,0.772567,0.677190,0.411531,0.333206,0.774780,0.657750,,
0.3300,isaac,initial_pitch_release,isaac_rel_25deg_16,25.0000,0,0.200179,0.939815,0.215471,-0.220524,-0.003578,-0.116187,0.774780,0.657750,0.416681,0.333369,0.775804,0.638197,,
0.3450,isaac,initial_pitch_release,isaac_rel_25deg_16,25.0000,0,0.214317,0.938759,0.213116,-0.079687,-0.005282,-0.114022,0.775804,0.638197,0.416062,0.327593,0.785785,0.638533,,
0.3600,isaac,initial_pitch_release,isaac_rel_25deg_16,25.0000,0,0.228450,0.939031,0.212803,0.054918,-0.006909,-0.104750,0.785785,0.638533,0.417648,0.326567,0.784587,0.626578,,
0.3750,isaac,initial_pitch_release,isaac_rel_25deg_16,25.0000,0,0.242565,0.940108,0.214529,0.193313,-0.008331,-0.086320,0.784587,0.626578,0.419261,0.326623,0.787654,0.624450,,
0.3900,isaac,initial_pitch_release,isaac_rel_25deg_16,25.0000,0,0.256627,0.931965,0.218418,0.344416,-0.009479,-0.067596,0.787654,0.624450,0.418045,0.336544,0.790770,0.624566,,
0.4050,isaac,initial_pitch_release,isaac_rel_25deg_16,25.0000,0,0.270656,0.932897,0.224265,0.458099,-0.010234,-0.034050,0.790770,0.624566,0.417277,0.350657,0.788420,0.645085,,
0.4200,isaac,initial_pitch_release,isaac_rel_25deg_16,25.0000,0,0.284655,0.928238,0.231926,0.587246,-0.010490,-0.003260,0.788420,0.645085,0.412558,0.355872,0.786936,0.674052,,
0.4350,isaac,initial_pitch_release,isaac_rel_25deg_16,25.0000,0,0.298612,0.928338,0.241414,0.702635,-0.010250,0.029383,0.786936,0.674052,0.413016,0.372012,0.777797,0.684686,,
0.4500,isaac,initial_pitch_release,isaac_rel_25deg_16,25.0000,0,0.312514,0.921122,0.252728,0.831107,-0.009568,0.053048,0.777797,0.684686,0.419836,0.387201,0.778686,0.717355,,
0.4650,isaac,initial_pitch_release,isaac_rel_25deg_16,25.0000,0,-0.306323,0.924465,0.265600,0.896007,-0.008517,0.075011,0.778686,0.717355,0.433117,0.398275,0.791879,0.747761,,
0.4800,isaac,initial_pitch_release,isaac_rel_25deg_16,25.0000,0,-0.292335,0.933439,0.278831,0.904267,-0.007249,0.083361,0.791879,0.747761,0.483666,0.503073,0.817365,0.769716,,
0.4950,isaac,initial_pitch_release,isaac_rel_25deg_16,25.0000,0,-0.278248,0.938929,0.292234,0.920392,-0.005942,0.081743,0.817365,0.769716,0.485713,0.513934,0.911822,0.968027,,
0.5100,isaac,initial_pitch_release,isaac_rel_25deg_16,25.0000,0,-0.264077,0.944502,0.305765,0.928905,-0.004734,0.072352,0.911822,0.968027,0.510120,0.530049,0.915560,0.987555,,
0.5250,isaac,initial_pitch_release,isaac_rel_25deg_16,25.0000,0,-0.249830,0.946437,0.319424,0.940273,-0.003731,0.058084,0.915560,0.987555,0.517358,0.545438,0.959596,1.016161,,
0.5400,isaac,initial_pitch_release,isaac_rel_25deg_16,25.0000,0,-0.235499,0.955577,0.333156,0.946105,-0.002960,0.044211,0.959596,1.016161,0.526967,0.552434,0.972463,1.043065,,
0.5550,isaac,initial_pitch_release,isaac_rel_25deg_16,25.0000,0,-0.221095,0.959380,0.347064,0.964089,-0.002525,0.016766,0.972463,1.043065,0.537137,0.570378,0.989409,1.055160,,
0.5700,isaac,initial_pitch_release,isaac_rel_25deg_16,25.0000,0,-0.206612,0.965752,0.361119,0.975604,-0.002484,-0.005441,0.989409,1.055160,0.551242,0.584670,1.007174,1.085796,,
0.5850,isaac,initial_pitch_release,isaac_rel_25deg_16,25.0000,0,-0.192047,0.973945,0.375351,0.990781,-0.002783,-0.026098,1.007174,1.085796,0.558591,0.590247,1.031521,1.109795,,
0.6000,isaac,initial_pitch_release,isaac_rel_25deg_16,25.0000,0,-0.177410,0.975811,0.389812,1.009542,-0.003316,-0.034998,1.031521,1.109795,0.571900,0.604316,1.044070,1.119063,,
0.6150,isaac,initial_pitch_release,isaac_rel_25deg_16,25.0000,0,-0.162687,0.981895,0.404430,1.021802,-0.004051,-0.050521,1.044070,1.119063,0.579866,0.619095,1.066561,1.142201,,
0.6300,isaac,initial_pitch_release,isaac_rel_25deg_16,25.0000,0,-0.147889,0.986291,0.419238,1.037441,-0.004932,-0.055216,1.066561,1.142201,0.590399,0.631990,1.079874,1.166128,,
0.6450,isaac,initial_pitch_release,isaac_rel_25deg_16,25.0000,0,-0.133028,0.989684,0.434221,1.051533,-0.005840,-0.054697,1.079874,1.166128,0.601176,0.650225,1.097309,1.186692,,
0.6600,isaac,initial_pitch_release,isaac_rel_25deg_16,25.0000,0,-0.118122,0.992308,0.449340,1.062925,-0.006680,-0.048336,1.097309,1.186692,0.607063,0.663137,1.114948,1.215266,,
0.6750,isaac,initial_pitch_release,isaac_rel_25deg_16,25.0000,0,-0.103191,0.992920,0.464570,1.073148,-0.007378,-0.038560,1.114948,1.215266,0.617544,0.682261,1.124499,1.235144,,
0.6900,isaac,initial_pitch_release,isaac_rel_25deg_16,25.0000,0,-0.088258,0.992398,0.479872,1.079080,-0.007869,-0.024324,1.124499,1.235144,0.622654,0.696446,1.141349,1.264041,,
0.7050,isaac,initial_pitch_release,isaac_rel_25deg_16,25.0000,0,-0.073345,0.994080,0.495223,1.081886,-0.008109,-0.009316,1.141349,1.264041,0.629483,0.716859,1.149496,1.285056,,
0.7200,isaac,initial_pitch_release,isaac_rel_25deg_16,25.0000,0,0.000000,-0.044322,-0.079543,-0.388957,0.000000,0.000000,1.149496,1.285056,0.632199,0.728159,0.000000,0.000000,,
0.0000,isaac,initial_pitch_release,isaac_rel_25deg_17,25.0000,0,0.000000,0.000000,0.436332,0.000000,0.000000,0.000000,0.000000,0.000000,0.000000,0.000000,0.000000,0.000000,,
0.0150,isaac,initial_pitch_release,isaac_rel_25deg_17,25.0000,0,-0.003411,-0.400572,0.438662,0.280730,-0.000185,-0.022385,0.000000,0.000000,-0.175832,-0.337871,-0.343226,-0.350080,,
0.0300,isaac,initial_pitch_release,isaac_rel_25deg_17,25.0000,0,-0.002888,0.058415,0.441855,0.330704,-0.000502,0.085985,-0.343226,-0.350080,0.520389,0.564507,1.002592,0.686837,,
0.0450,isaac,initial_pitch_release,isaac_rel_25deg_17,25.0000,0,-0.000898,0.147048,0.442529,-0.272094,0.002013,0.271436,1.002592,0.686837,0.462501,0.507067,0.897579,0.612541,,
0.0600,isaac,initial_pitch_release,isaac_rel_25deg_17,25.0000,0,0.002394,0.264301,0.434525,-0.759953,0.006869,0.385442,0.897579,0.612541,0.421246,0.484273,0.819436,0.581914,,
0.0750,isaac,initial_pitch_release,isaac_rel_25deg_17,25.0000,0,0.007055,0.333430,0.421802,-0.887381,0.012351,0.346686,0.819436,0.581914,0.345512,0.466501,0.669311,0.557593,,
0.0900,isaac,initial_pitch_release,isaac_rel_25deg_17,25.0000,0,0.012550,0.377662,0.408472,-0.901598,0.017007,0.304379,0.669311,0.557593,0.346425,0.450948,0.671170,0.535998,,
0.1050,isaac,initial_pitch_release,isaac_rel_25deg_17,25.0000,0,0.018753,0.431210,0.395075,-0.899163,0.021206,0.282784,0.671170,0.535998,0.336118,0.433143,0.650126,0.510924,,
0.1200,isaac,initial_pitch_release,isaac_rel_25deg_17,25.0000,0,0.025628,0.473380,0.381663,-0.897957,0.025148,0.266049,0.650126,0.510924,0.325714,0.435141,0.628741,0.513756,,
0.1350,isaac,initial_pitch_release,isaac_rel_25deg_17,25.0000,0,0.033145,0.516151,0.368221,-0.899058,0.028930,0.259336,0.628741,0.513756,0.323078,0.428071,0.623301,0.503714,,
0.1500,isaac,initial_pitch_release,isaac_rel_25deg_17,25.0000,0,0.041263,0.557385,0.354807,-0.899893,0.032580,0.247098,0.623301,0.503714,0.309112,0.429298,0.594327,0.505462,,
0.1650,isaac,initial_pitch_release,isaac_rel_25deg_17,25.0000,0,0.049951,0.595237,0.341441,-0.893216,0.036156,0.247898,0.594327,0.505462,0.306076,0.417267,0.587996,0.488259,,
0.1800,isaac,initial_pitch_release,isaac_rel_25deg_17,25.0000,0,0.059192,0.628840,0.328062,-0.892547,0.039673,0.236742,0.587996,0.488259,0.297601,0.424717,0.570265,0.498931,,
0.1950,isaac,initial_pitch_release,isaac_rel_25deg_17,25.0000,0,0.068952,0.667797,0.314709,-0.891925,0.043101,0.233493,0.570265,0.498931,0.290847,0.413673,0.556069,0.483088,,
0.2100,isaac,initial_pitch_release,isaac_rel_25deg_17,25.0000,0,0.079208,0.691832,0.301398,-0.885585,0.046486,0.230015,0.556069,0.483088,0.283220,0.409516,0.539976,0.477088,,
0.2250,isaac,initial_pitch_release,isaac_rel_25deg_17,25.0000,0,0.089950,0.726926,0.288063,-0.883905,0.049851,0.227147,0.539976,0.477088,0.284371,0.405734,0.542409,0.471613,,
0.2400,isaac,initial_pitch_release,isaac_rel_25deg_17,25.0000,0,0.101173,0.759242,0.274726,-0.886602,0.053213,0.227084,0.542409,0.471613,0.285129,0.400978,0.544010,0.464706,,
0.2550,isaac,initial_pitch_release,isaac_rel_25deg_17,25.0000,0,0.112870,0.793892,0.261399,-0.888063,0.056603,0.228752,0.544010,0.464706,0.286098,0.395097,0.546057,0.456129,,
0.2700,isaac,initial_pitch_release,isaac_rel_25deg_17,25.0000,0,0.125049,0.822598,0.248034,-0.888541,0.060002,0.225429,0.546057,0.456129,0.289477,0.397329,0.553185,0.459389,,
0.2850,isaac,initial_pitch_release,isaac_rel_25deg_17,25.0000,0,0.137644,0.844370,0.234796,-0.875610,0.063181,0.199062,0.553185,0.459389,0.296890,0.395063,0.568772,0.456080,,
0.3000,isaac,initial_pitch_release,isaac_rel_25deg_17,25.0000,0,0.150606,0.871640,0.221670,-0.866224,0.066051,0.179005,0.568772,0.456080,0.307264,0.377174,0.590476,0.429759,,
0.3150,isaac,initial_pitch_release,isaac_rel_25deg_17,25.0000,0,0.163865,0.889759,0.208756,-0.841447,0.068488,0.137241,0.590476,0.429759,0.316804,0.372553,0.610316,0.422905,,
0.3300,isaac,initial_pitch_release,isaac_rel_25deg_17,25.0000,0,0.177295,0.894526,0.196654,-0.753609,0.070346,0.100530,0.610316,0.422905,0.328222,0.344646,0.633909,0.381035,,
0.3450,isaac,initial_pitch_release,isaac_rel_25deg_17,25.0000,0,0.190790,0.897969,0.185959,-0.655428,0.071756,0.077744,0.633909,0.381035,0.340093,0.329440,0.658258,0.357888,,
0.3600,isaac,initial_pitch_release,isaac_rel_25deg_17,25.0000,0,0.204304,0.897412,0.176867,-0.540914,0.072942,0.072142,0.658258,0.357888,0.346844,0.310348,0.672022,0.328509,,
0.3750,isaac,initial_pitch_release,isaac_rel_25deg_17,25.0000,0,0.217811,0.897076,0.169442,-0.432979,0.074101,0.075440,0.672022,0.328509,0.340683,0.301929,0.659463,0.315444,,
0.3900,isaac,initial_pitch_release,isaac_rel_25deg_17,25.0000,0,0.231327,0.898703,0.163485,-0.345134,0.075311,0.081073,0.659463,0.315444,0.338444,0.302446,0.654887,0.316249,,
0.4050,isaac,initial_pitch_release,isaac_rel_25deg_17,25.0000,0,0.244870,0.901678,0.158767,-0.267497,0.076606,0.090878,0.654887,0.316249,0.335720,0.301448,0.649310,0.314696,,
0.4200,isaac,initial_pitch_release,isaac_rel_25deg_17,25.0000,0,0.258460,0.904801,0.155064,-0.208168,0.078009,0.097373,0.649310,0.314696,0.333998,0.305963,0.645780,0.321713,,
0.4350,isaac,initial_pitch_release,isaac_rel_25deg_17,25.0000,0,0.272097,0.906612,0.152270,-0.146318,0.079578,0.112852,0.645780,0.321713,0.333894,0.300921,0.645566,0.313876,,
0.4500,isaac,initial_pitch_release,isaac_rel_25deg_17,25.0000,0,0.285771,0.909649,0.150355,-0.090721,0.081428,0.135708,0.645566,0.313876,0.329945,0.300516,0.637454,0.313246,,
0.4650,isaac,initial_pitch_release,isaac_rel_25deg_17,25.0000,0,0.299479,0.913434,0.149239,-0.038932,0.083630,0.161762,0.637454,0.313246,0.328893,0.302440,0.635291,0.316239,,
0.4800,isaac,initial_pitch_release,isaac_rel_25deg_17,25.0000,0,-0.003138,0.914043,0.148849,0.006270,0.086196,0.184444,0.635291,0.316239,0.328595,0.305775,0.634677,0.321421,,
0.4950,isaac,initial_pitch_release,isaac_rel_25deg_17,25.0000,0,0.010706,0.924498,0.148708,-0.003301,0.088881,0.176587,0.634677,0.321421,0.327919,0.400575,0.633286,0.464120,,
0.5100,isaac,initial_pitch_release,isaac_rel_25deg_17,25.0000,0,-0.291733,0.925083,0.148916,0.049550,0.091548,0.181933,0.633286,0.464120,0.337634,0.401543,0.653230,0.465528,,
0.5250,isaac,initial_pitch_release,isaac_rel_25deg_17,25.0000,0,-0.277812,0.924477,0.149910,0.102993,0.094301,0.186233,0.653230,0.465528,0.353619,0.395833,0.685772,0.457206,,
0.5400,isaac,initial_pitch_release,isaac_rel_25deg_17,25.0000,0,-0.263888,0.925451,0.151691,0.155346,0.097077,0.184394,0.685772,0.457206,0.354975,0.401261,0.688516,0.465117,,
0.5550,isaac,initial_pitch_release,isaac_rel_25deg_17,25.0000,0,-0.249962,0.925158,0.154303,0.214977,0.099765,0.173965,0.688516,0.465117,0.355091,0.402912,0.688751,0.467517,,
0.5700,isaac,initial_pitch_release,isaac_rel_25deg_17,25.0000,0,-0.236034,0.924325,0.157824,0.278186,0.102229,0.154418,0.688751,0.467517,0.359098,0.410695,0.696845,0.478791,,
0.5850,isaac,initial_pitch_release,isaac_rel_25deg_17,25.0000,0,-0.222092,0.926810,0.162284,0.341669,0.104364,0.130844,0.696845,0.478791,0.364448,0.418089,0.707618,0.489439,,
0.6000,isaac,initial_pitch_release,isaac_rel_25deg_17,25.0000,0,-0.208149,0.926011,0.167873,0.427708,0.106039,0.093882,0.707618,0.489439,0.369090,0.421769,0.716932,0.494715,,
0.6150,isaac,initial_pitch_release,isaac_rel_25deg_17,25.0000,0,-0.194216,0.926152,0.174793,0.520121,0.107119,0.053487,0.716932,0.494715,0.379600,0.435083,0.737910,0.513674,,
0.6300,isaac,initial_pitch_release,isaac_rel_25deg_17,25.0000,0,-0.180295,0.924471,0.183198,0.626156,0.107555,0.011130,0.737910,0.513674,0.386810,0.437171,0.752207,0.516629,,
0.6450,isaac,initial_pitch_release,isaac_rel_25deg_17,25.0000,0,-0.166389,0.923994,0.193235,0.738774,0.107369,-0.027488,0.752207,0.516629,0.400217,0.451025,0.778592,0.536105,,
0.6600,isaac,initial_pitch_release,isaac_rel_25deg_17,25.0000,0,-0.152502,0.921629,0.205084,0.866894,0.106646,-0.056866,0.778592,0.536105,0.412707,0.461885,0.802932,0.551214,,
0.6750,isaac,initial_pitch_release,isaac_rel_25deg_17,25.0000,0,-0.138568,0.931342,0.218240,0.904073,0.105533,-0.074932,0.802932,0.551214,0.431442,0.481968,0.838998,0.578781,,
0.6900,isaac,initial_pitch_release,isaac_rel_25deg_17,25.0000,0,-0.124485,0.940708,0.231673,0.923124,0.104266,-0.078611,0.838998,0.578781,0.443620,0.491800,0.862149,0.592099,,
0.7050,isaac,initial_pitch_release,isaac_rel_25deg_17,25.0000,0,-0.110283,0.947253,0.245314,0.940217,0.103043,-0.071638,0.862149,0.592099,0.455103,0.508029,0.883765,0.613821,,
0.7200,isaac,initial_pitch_release,isaac_rel_25deg_17,25.0000,0,-0.095994,0.951637,0.259112,0.953622,0.102007,-0.057048,0.883765,0.613821,0.459182,0.518933,0.891392,0.628231,,
0.7350,isaac,initial_pitch_release,isaac_rel_25deg_17,25.0000,0,-0.081644,0.955287,0.273020,0.962706,0.101258,-0.037033,0.891392,0.628231,0.462922,0.528927,0.898364,0.641309,,
0.7500,isaac,initial_pitch_release,isaac_rel_25deg_17,25.0000,0,-0.067260,0.954752,0.287024,0.971725,0.100869,-0.012155,0.898364,0.641309,0.464555,0.537322,0.901399,0.652196,,
0.7650,isaac,initial_pitch_release,isaac_rel_25deg_17,25.0000,0,-0.052854,0.957664,0.301083,0.976379,0.100912,0.016514,0.901399,0.652196,0.471513,0.556415,0.914290,0.676624,,
0.7800,isaac,initial_pitch_release,isaac_rel_25deg_17,25.0000,0,-0.038454,0.956419,0.315250,0.985556,0.101369,0.038758,0.914290,0.676624,0.475572,0.572150,0.921773,0.696405,,
0.7950,isaac,initial_pitch_release,isaac_rel_25deg_17,25.0000,0,-0.024071,0.955078,0.329498,0.992027,0.102173,0.059932,0.921773,0.696405,0.482378,0.596010,0.934259,0.725791,,
0.8100,isaac,initial_pitch_release,isaac_rel_25deg_17,25.0000,0,-0.009709,0.955820,0.343821,0.996950,0.103281,0.077416,0.934259,0.725791,0.484379,0.605259,0.937917,0.736984,,
0.8250,isaac,initial_pitch_release,isaac_rel_25deg_17,25.0000,0,0.004619,0.950903,0.358234,1.004726,0.104573,0.084080,0.937917,0.736984,0.488847,0.617287,0.946058,0.751372,,
0.8400,isaac,initial_pitch_release,isaac_rel_25deg_17,25.0000,0,0.018929,0.949826,0.372660,1.003866,0.105986,0.093641,0.946058,0.751372,0.500503,0.635677,0.967142,0.773006,,
0.8550,isaac,initial_pitch_release,isaac_rel_25deg_17,25.0000,0,0.033226,0.949562,0.387101,1.005300,0.107461,0.094156,0.967142,0.773006,0.502443,0.640249,0.970630,0.778316,,
0.8700,isaac,initial_pitch_release,isaac_rel_25deg_17,25.0000,0,0.047516,0.947192,0.401561,1.007460,0.108851,0.084019,0.970630,0.778316,0.503700,0.644151,0.972886,0.782826,,
0.8850,isaac,initial_pitch_release,isaac_rel_25deg_17,25.0000,0,0.061814,0.950355,0.416009,1.007727,0.110036,0.070141,0.972886,0.782826,0.513674,0.652619,0.990695,0.792545,,
0.9000,isaac,initial_pitch_release,isaac_rel_25deg_17,25.0000,0,0.076119,0.950442,0.430519,1.014368,0.110937,0.051024,0.990695,0.792545,0.521868,0.659384,1.005200,0.800243,,
0.9150,isaac,initial_pitch_release,isaac_rel_25deg_17,25.0000,0,0.090444,0.952630,0.445078,1.019242,0.111490,0.028048,1.005200,0.800243,0.534386,0.663810,1.027143,0.805246,,
0.9300,isaac,initial_pitch_release,isaac_rel_25deg_17,25.0000,0,0.104795,0.955089,0.459730,1.028314,0.111665,0.005507,1.027143,0.805246,0.543171,0.663318,1.042381,0.804690,,
0.9450,isaac,initial_pitch_release,isaac_rel_25deg_17,25.0000,0,0.119176,0.956687,0.474515,1.039446,0.111481,-0.016499,1.042381,0.804690,0.552674,0.666048,1.058716,0.807766,,
0.9600,isaac,initial_pitch_release,isaac_rel_25deg_17,25.0000,0,0.133594,0.959337,0.489433,1.050489,0.110999,-0.032939,1.058716,0.807766,0.567730,0.674921,1.084280,0.817693,,
0.9750,isaac,initial_pitch_release,isaac_rel_25deg_17,25.0000,0,0.000000,0.034683,0.292337,-0.115462,0.000000,0.000000,1.084280,0.817693,0.575427,0.677673,0.000000,0.000000,,
0.0000,isaac,initial_pitch_release,isaac_rel_25deg_18,25.0000,0,0.000000,0.000000,0.436332,0.000000,0.000000,0.000000,0.000000,0.000000,0.000000,0.000000,0.000000,0.000000,,
0.0150,isaac,initial_pitch_release,isaac_rel_25deg_18,25.0000,0,-0.002990,-0.345425,0.438298,0.233109,-0.000209,-0.021695,0.000000,0.000000,-0.173129,-0.303916,-0.165653,-0.462317,,
0.0300,isaac,initial_pitch_release,isaac_rel_25deg_18,25.0000,0,-0.002271,0.038831,0.440715,0.252242,-0.000367,-0.011301,-0.165653,-0.462317,0.503346,0.552823,0.726234,0.952862,,
0.0450,isaac,initial_pitch_release,isaac_rel_25deg_18,25.0000,0,-0.000640,0.162499,0.439697,-0.363614,-0.001156,-0.093352,0.726234,0.952862,0.479840,0.490877,0.693518,0.857829,,
0.0600,isaac,initial_pitch_release,isaac_rel_25deg_18,25.0000,0,0.002868,0.284038,0.430424,-0.836816,-0.002936,-0.136690,0.693518,0.857829,0.449798,0.431077,0.650697,0.760863,,
0.0750,isaac,initial_pitch_release,isaac_rel_25deg_18,25.0000,0,0.007724,0.345049,0.416622,-0.946257,-0.004983,-0.120862,0.650697,0.760863,0.421449,0.378932,0.609281,0.672360,,
0.0900,isaac,initial_pitch_release,isaac_rel_25deg_18,25.0000,0,0.013369,0.394855,0.402534,-0.943619,-0.006656,-0.096836,0.609281,0.672360,0.412158,0.369886,0.595500,0.656653,,
0.1050,isaac,initial_pitch_release,isaac_rel_25deg_18,25.0000,0,0.019726,0.440773,0.388449,-0.942625,-0.008075,-0.085589,0.595500,0.656653,0.402092,0.369054,0.580457,0.655203,,
0.1200,isaac,initial_pitch_release,isaac_rel_25deg_18,25.0000,0,0.026758,0.484972,0.374390,-0.936487,-0.009374,-0.080276,0.580457,0.655203,0.392431,0.367239,0.565910,0.652036,,
0.1350,isaac,initial_pitch_release,isaac_rel_25deg_18,25.0000,0,0.034428,0.526019,0.360355,-0.934778,-0.010585,-0.073819,0.565910,0.652036,0.387996,0.361983,0.559195,0.642847,,
0.1500,isaac,initial_pitch_release,isaac_rel_25deg_18,25.0000,0,0.042698,0.564658,0.346366,-0.929616,-0.011675,-0.063986,0.559195,0.642847,0.382415,0.353230,0.550717,0.627467,,
0.1650,isaac,initial_pitch_release,isaac_rel_25deg_18,25.0000,0,0.051530,0.601332,0.332427,-0.926085,-0.012643,-0.057882,0.550717,0.627467,0.373901,0.347330,0.537714,0.617048,,
0.1800,isaac,initial_pitch_release,isaac_rel_25deg_18,25.0000,0,0.060899,0.636205,0.318517,-0.923526,-0.013497,-0.049685,0.537714,0.617048,0.370078,0.342313,0.531850,0.608159,,
0.1950,isaac,initial_pitch_release,isaac_rel_25deg_18,25.0000,0,0.070763,0.668236,0.304686,-0.916403,-0.014227,-0.042616,0.531850,0.608159,0.359784,0.330899,0.515979,0.587820,,
0.2100,isaac,initial_pitch_release,isaac_rel_25deg_18,25.0000,0,0.081123,0.701802,0.290820,-0.920931,-0.014831,-0.034789,0.515979,0.587820,0.364899,0.333511,0.523879,0.592488,,
0.2250,isaac,initial_pitch_release,isaac_rel_25deg_18,25.0000,0,0.091981,0.734659,0.276904,-0.925308,-0.015292,-0.025769,0.523879,0.592488,0.371005,0.334139,0.533272,0.593609,,
0.2400,isaac,initial_pitch_release,isaac_rel_25deg_18,25.0000,0,0.103327,0.767054,0.262974,-0.925327,-0.015594,-0.015648,0.533272,0.593609,0.373001,0.329241,0.536335,0.584854,,
0.2550,isaac,initial_pitch_release,isaac_rel_25deg_18,25.0000,0,0.115162,0.799641,0.249023,-0.927613,-0.015764,-0.010048,0.536335,0.584854,0.375474,0.328747,0.540122,0.583969,,
0.2700,isaac,initial_pitch_release,isaac_rel_25deg_18,25.0000,0,0.127490,0.832638,0.235050,-0.930288,-0.015824,-0.003078,0.540122,0.583969,0.380204,0.326858,0.547347,0.580584,,
0.2850,isaac,initial_pitch_release,isaac_rel_25deg_18,25.0000,0,0.140304,0.864780,0.221084,-0.927952,-0.015816,-0.002539,0.547347,0.580584,0.382117,0.325049,0.550262,0.577339,,
0.3000,isaac,initial_pitch_release,isaac_rel_25deg_18,25.0000,0,0.153486,0.885922,0.207505,-0.892699,-0.015892,-0.015430,0.550262,0.577339,0.382726,0.324189,0.551190,0.575794,,
0.3150,isaac,initial_pitch_release,isaac_rel_25deg_18,25.0000,0,0.166954,0.902395,0.194283,-0.860895,-0.016165,-0.030183,0.551190,0.575794,0.382102,0.322545,0.550239,0.572840,,
0.3300,isaac,initial_pitch_release,isaac_rel_25deg_18,25.0000,0,0.180585,0.907339,0.181951,-0.765227,-0.016654,-0.044281,0.550239,0.572840,0.384785,0.320953,0.554322,0.569977,,
0.3450,isaac,initial_pitch_release,isaac_rel_25deg_18,25.0000,0,0.194267,0.909512,0.171148,-0.657800,-0.017318,-0.052726,0.554322,0.569977,0.382787,0.310409,0.551282,0.550941,,
0.3600,isaac,initial_pitch_release,isaac_rel_25deg_18,25.0000,0,0.207976,0.910981,0.161942,-0.551751,-0.018085,-0.056439,0.551282,0.550941,0.384072,0.306551,0.553237,0.543944,,
0.3750,isaac,initial_pitch_release,isaac_rel_25deg_18,25.0000,0,0.221701,0.911680,0.154293,-0.450134,-0.018860,-0.052188,0.553237,0.543944,0.382693,0.300542,0.551139,0.533017,,
0.3900,isaac,initial_pitch_release,isaac_rel_25deg_18,25.0000,0,0.235434,0.911978,0.148129,-0.353609,-0.019538,-0.041770,0.551139,0.533017,0.381089,0.296141,0.548697,0.524989,,
0.4050,isaac,initial_pitch_release,isaac_rel_25deg_18,25.0000,0,0.249167,0.911762,0.143360,-0.263194,-0.020008,-0.023190,0.548697,0.524989,0.378787,0.292074,0.545185,0.517550,,
0.4200,isaac,initial_pitch_release,isaac_rel_25deg_18,25.0000,0,0.262893,0.911070,0.139882,-0.180965,-0.020175,-0.000582,0.545185,0.517550,0.380076,0.295092,0.547153,0.523071,,
0.4350,isaac,initial_pitch_release,isaac_rel_25deg_18,25.0000,0,0.276606,0.909923,0.137574,-0.106744,-0.019976,0.026734,0.547153,0.523071,0.376744,0.292214,0.542064,0.517808,,
0.4500,isaac,initial_pitch_release,isaac_rel_25deg_18,25.0000,0,0.290305,0.910541,0.136292,-0.042429,-0.019371,0.053984,0.542064,0.517808,0.375053,0.292866,0.539478,0.519000,,
0.4650,isaac,initial_pitch_release,isaac_rel_25deg_18,25.0000,0,0.303980,0.906671,0.135962,0.021025,-0.018369,0.080019,0.539478,0.519000,0.371113,0.289990,0.533438,0.513734,,
0.4800,isaac,initial_pitch_release,isaac_rel_25deg_18,25.0000,0,-0.315075,0.906924,0.136404,0.062532,-0.016971,0.107390,0.533438,0.513734,0.370002,0.291114,0.531732,0.515793,,
0.4950,isaac,initial_pitch_release,isaac_rel_25deg_18,25.0000,0,-0.301417,0.905832,0.137466,0.104046,-0.015180,0.131575,0.531732,0.515793,0.389268,0.356493,0.561124,0.633211,,
0.5100,isaac,initial_pitch_release,isaac_rel_25deg_18,25.0000,0,-0.287762,0.907790,0.139105,0.140612,-0.013093,0.146063,0.561124,0.633211,0.390238,0.350810,0.562592,0.623199,,
0.5250,isaac,initial_pitch_release,isaac_rel_25deg_18,25.0000,0,-0.274120,0.908669,0.141376,0.187575,-0.010838,0.154914,0.562592,0.623199,0.389062,0.365511,0.560812,0.649018,,
0.5400,isaac,initial_pitch_release,isaac_rel_25deg_18,25.0000,0,-0.260508,0.902859,0.144398,0.240988,-0.008434,0.165902,0.560812,0.649018,0.387556,0.367308,0.558529,0.652158,,
0.5550,isaac,initial_pitch_release,isaac_rel_25deg_18,25.0000,0,-0.246880,0.906636,0.147984,0.265385,-0.006016,0.155719,0.558529,0.652158,0.386527,0.377722,0.556967,0.670265,,
0.5700,isaac,initial_pitch_release,isaac_rel_25deg_18,25.0000,0,-0.233225,0.906761,0.152158,0.317936,-0.003809,0.137933,0.556967,0.670265,0.388770,0.378166,0.560369,0.671035,,
0.5850,isaac,initial_pitch_release,isaac_rel_25deg_18,25.0000,0,-0.219559,0.909368,0.157168,0.378109,-0.001915,0.113959,0.560369,0.671035,0.393055,0.387598,0.566852,0.687312,,
0.6000,isaac,initial_pitch_release,isaac_rel_25deg_18,25.0000,0,-0.205893,0.907606,0.163252,0.461341,-0.000366,0.093052,0.566852,0.687312,0.399967,0.391371,0.577266,0.693791,,
0.6150,isaac,initial_pitch_release,isaac_rel_25deg_18,25.0000,0,-0.192226,0.908332,0.170587,0.545702,0.000772,0.062405,0.577266,0.693791,0.404455,0.398178,0.583999,0.705436,,
0.6300,isaac,initial_pitch_release,isaac_rel_25deg_18,25.0000,0,-0.178556,0.909127,0.179324,0.648644,0.001420,0.029169,0.583999,0.705436,0.416178,0.412824,0.601475,0.730287,,
0.6450,isaac,initial_pitch_release,isaac_rel_25deg_18,25.0000,0,-0.164897,0.906203,0.189771,0.772960,0.001620,0.004883,0.601475,0.730287,0.433003,0.423609,0.626276,0.748408,,
0.6600,isaac,initial_pitch_release,isaac_rel_25deg_18,25.0000,0,-0.151251,0.906801,0.202094,0.892881,0.001402,-0.022767,0.626276,0.748408,0.448012,0.442812,0.648116,0.780282,,
0.6750,isaac,initial_pitch_release,isaac_rel_25deg_18,25.0000,0,-0.137499,0.919308,0.215360,0.911677,0.000835,-0.039556,0.648116,0.780282,0.465851,0.460485,0.673717,0.809173,,
0.6900,isaac,initial_pitch_release,isaac_rel_25deg_18,25.0000,0,-0.123591,0.928580,0.228907,0.934932,0.000109,-0.044254,0.673717,0.809173,0.474444,0.464266,0.685909,0.815296,,
0.7050,isaac,initial_pitch_release,isaac_rel_25deg_18,25.0000,0,-0.109564,0.934692,0.242684,0.953103,-0.000612,-0.040786,0.685909,0.815296,0.482801,0.485559,0.697677,0.849409,,
0.7200,isaac,initial_pitch_release,isaac_rel_25deg_18,25.0000,0,-0.095452,0.939847,0.256629,0.966528,-0.001212,-0.030751,0.697677,0.849409,0.492034,0.495337,0.710576,0.864859,,
0.7350,isaac,initial_pitch_release,isaac_rel_25deg_18,25.0000,0,-0.081288,0.941404,0.270710,0.978110,-0.001607,-0.016476,0.710576,0.864859,0.497578,0.514474,0.718270,0.894693,,
0.7500,isaac,initial_pitch_release,isaac_rel_25deg_18,25.0000,0,-0.067102,0.942616,0.284875,0.985234,-0.001738,0.001272,0.718270,0.894693,0.498102,0.519604,0.718995,0.902601,,
0.7650,isaac,initial_pitch_release,isaac_rel_25deg_18,25.0000,0,-0.052921,0.940969,0.299116,0.992226,-0.001570,0.021191,0.718995,0.902601,0.505623,0.544846,0.729366,0.940941,,
0.7800,isaac,initial_pitch_release,isaac_rel_25deg_18,25.0000,0,-0.038763,0.939192,0.313401,0.995429,-0.001090,0.039833,0.729366,0.940941,0.513102,0.567588,0.739605,0.974674,,
0.7950,isaac,initial_pitch_release,isaac_rel_25deg_18,25.0000,0,-0.024645,0.939392,0.327728,0.998855,-0.000326,0.056071,0.739605,0.974674,0.514053,0.573412,0.740902,0.983187,,
0.8100,isaac,initial_pitch_release,isaac_rel_25deg_18,25.0000,0,-0.010585,0.931735,0.342119,1.004184,0.000624,0.063456,0.740902,0.983187,0.519058,0.595795,0.747708,1.015429,,
0.8250,isaac,initial_pitch_release,isaac_rel_25deg_18,25.0000,0,0.003436,0.929713,0.356479,0.999352,0.001753,0.078872,0.747708,1.015429,0.528222,0.611952,0.760086,1.038228,,
0.8400,isaac,initial_pitch_release,isaac_rel_25deg_18,25.0000,0,0.017417,0.927144,0.370841,1.000739,0.003036,0.084669,0.760086,1.038228,0.529519,0.619313,0.761830,1.048484,,
0.8550,isaac,initial_pitch_release,isaac_rel_25deg_18,25.0000,0,0.031369,0.926752,0.385205,0.999957,0.004360,0.084536,0.761830,1.048484,0.537116,0.630187,0.771996,1.063482,,
0.8700,isaac,initial_pitch_release,isaac_rel_25deg_18,25.0000,0,0.045299,0.924408,0.399590,1.002925,0.005603,0.076312,0.771996,1.063482,0.548851,0.643644,0.787550,1.081794,,
0.8850,isaac,initial_pitch_release,isaac_rel_25deg_18,25.0000,0,0.059227,0.926996,0.413973,1.002843,0.006713,0.069132,0.787550,1.081794,0.564181,0.657140,0.807595,1.099878,,
0.9000,isaac,initial_pitch_release,isaac_rel_25deg_18,25.0000,0,0.073160,0.925764,0.428409,1.009376,0.007609,0.051404,0.807595,1.099878,0.573555,0.666257,0.819700,1.111937,,
0.9150,isaac,initial_pitch_release,isaac_rel_25deg_18,25.0000,0,0.087124,0.927245,0.442884,1.013085,0.008239,0.035561,0.819700,1.111937,0.587218,0.671773,0.837133,1.119172,,
0.9300,isaac,initial_pitch_release,isaac_rel_25deg_18,25.0000,0,0.101133,0.932091,0.457438,1.020824,0.008583,0.016702,0.837133,1.119172,0.599822,0.692044,0.852993,1.145355,,
0.9450,isaac,initial_pitch_release,isaac_rel_25deg_18,25.0000,0,0.115191,0.935711,0.472139,1.034126,0.008641,0.000788,0.852993,1.145355,0.613898,0.694797,0.870453,1.148863,,
0.9600,isaac,initial_pitch_release,isaac_rel_25deg_18,25.0000,0,0.129304,0.939363,0.486998,1.047259,0.008442,-0.014768,0.870453,1.148863,0.623964,0.704381,0.882777,1.160984,,
0.9750,isaac,initial_pitch_release,isaac_rel_25deg_18,25.0000,0,0.000000,-0.061058,0.314218,-0.061933,0.000000,0.000000,0.882777,1.160984,0.633946,0.712748,0.000000,0.000000,,
0.0000,isaac,initial_pitch_release,isaac_rel_25deg_19,25.0000,0,0.000000,0.000000,0.436332,0.000000,0.000000,0.000000,0.000000,0.000000,0.000000,0.000000,0.000000,0.000000,,
0.0150,isaac,initial_pitch_release,isaac_rel_25deg_19,25.0000,0,-0.000000,-0.000000,0.436332,0.000005,0.000000,-0.000001,0.000000,0.000000,-0.295551,-0.401136,0.000000,0.000000,,
0.0300,isaac,initial_pitch_release,isaac_rel_25deg_19,25.0000,0,-0.003536,-0.203288,0.446757,1.527739,-0.001239,0.148384,0.000000,0.000000,0.485211,0.514410,-0.327645,-0.657867,,
0.0450,isaac,initial_pitch_release,isaac_rel_25deg_19,25.0000,0,-0.004799,-0.017055,0.458227,0.443391,0.000743,0.127459,-0.327645,-0.657867,0.468006,0.461724,0.747166,0.723892,,
0.0600,isaac,initial_pitch_release,isaac_rel_25deg_19,25.0000,0,-0.004078,0.096861,0.461086,-0.025306,0.002890,0.157411,0.747166,0.723892,0.490034,0.541780,0.723185,0.637801,,
0.0750,isaac,initial_pitch_release,isaac_rel_25deg_19,25.0000,0,-0.001489,0.227843,0.456111,-0.598805,0.005082,0.138045,0.723185,0.637801,0.465857,0.510991,0.753823,0.766973,,
0.0900,isaac,initial_pitch_release,isaac_rel_25deg_19,25.0000,0,0.000000,0.128331,0.103962,0.761972,0.000000,0.000000,0.753823,0.766973,0.422680,0.447512,0.000000,0.000000,,
0.0000,isaac,initial_pitch_release,isaac_rel_25deg_20,25.0000,0,0.000000,0.000000,0.436332,0.000000,0.000000,0.000000,0.000000,0.000000,0.000000,0.000000,0.000000,0.000000,,
0.0150,isaac,initial_pitch_release,isaac_rel_25deg_20,25.0000,0,-0.000000,0.000000,0.436332,-0.000081,0.000000,0.000001,0.000000,0.000000,-0.032049,-0.187866,0.000000,0.000000,,
0.0300,isaac,initial_pitch_release,isaac_rel_25deg_20,25.0000,0,-0.001403,-0.135051,0.444513,1.268639,-0.000872,0.050293,0.000000,0.000000,0.490068,0.522551,0.000000,-0.217044,,
0.0450,isaac,initial_pitch_release,isaac_rel_25deg_20,25.0000,0,-0.002021,0.014211,0.455233,0.424375,-0.000079,0.014771,0.000000,-0.217044,0.535544,0.594670,0.638859,0.793350,,
0.0600,isaac,initial_pitch_release,isaac_rel_25deg_20,25.0000,0,-0.000499,0.161433,0.456083,-0.258179,-0.000580,-0.086579,0.638859,0.793350,0.495353,0.526590,0.705412,0.896123,,
0.0750,isaac,initial_pitch_release,isaac_rel_25deg_20,25.0000,0,0.003030,0.287339,0.448030,-0.769574,-0.002595,-0.174925,0.705412,0.896123,0.465952,0.457834,0.646740,0.799303,,
0.0900,isaac,initial_pitch_release,isaac_rel_25deg_20,25.0000,0,0.008065,0.359440,0.434533,-0.948295,-0.005487,-0.189817,0.646740,0.799303,0.437561,0.398145,0.602422,0.694855,,
0.1050,isaac,initial_pitch_release,isaac_rel_25deg_20,25.0000,0,0.013901,0.406740,0.420682,-0.921362,-0.008171,-0.167048,0.602422,0.694855,0.425837,0.379875,0.558536,0.599030,,
0.1200,isaac,initial_pitch_release,isaac_rel_25deg_20,25.0000,0,0.020410,0.450289,0.406931,-0.915114,-0.010615,-0.153933,0.558536,0.599030,0.421355,0.381002,0.540108,0.568797,,
0.1350,isaac,initial_pitch_release,isaac_rel_25deg_20,25.0000,0,0.027573,0.493061,0.393174,-0.914280,-0.012920,-0.147725,0.540108,0.568797,0.414914,0.379109,0.533017,0.570674,,
0.1500,isaac,initial_pitch_release,isaac_rel_25deg_20,25.0000,0,0.035362,0.534304,0.379414,-0.915448,-0.015173,-0.146970,0.533017,0.570674,0.411654,0.378799,0.522784,0.567520,,
0.1650,isaac,initial_pitch_release,isaac_rel_25deg_20,25.0000,0,0.043757,0.574346,0.365657,-0.918704,-0.017419,-0.147604,0.522784,0.567520,0.405168,0.365351,0.517583,0.567004,,
0.1800,isaac,initial_pitch_release,isaac_rel_25deg_20,25.0000,0,0.052720,0.611758,0.351947,-0.910196,-0.019641,-0.143871,0.517583,0.567004,0.401808,0.357217,0.507198,0.544474,,
0.1950,isaac,initial_pitch_release,isaac_rel_25deg_20,25.0000,0,0.062226,0.649180,0.338267,-0.909573,-0.021798,-0.141289,0.507198,0.544474,0.403318,0.355157,0.501798,0.530743,,
0.2100,isaac,initial_pitch_release,isaac_rel_25deg_20,25.0000,0,0.072265,0.684474,0.324567,-0.912304,-0.023861,-0.130266,0.501798,0.530743,0.395417,0.345854,0.504226,0.527254,,
0.2250,isaac,initial_pitch_release,isaac_rel_25deg_20,25.0000,0,0.082812,0.717648,0.310892,-0.908650,-0.025838,-0.131377,0.504226,0.527254,0.392748,0.341197,0.491489,0.511435,,
0.2400,isaac,initial_pitch_release,isaac_rel_25deg_20,25.0000,0,0.093854,0.748221,0.297222,-0.908656,-0.027768,-0.128207,0.491489,0.511435,0.399012,0.344469,0.487168,0.503478,,
0.2550,isaac,initial_pitch_release,isaac_rel_25deg_20,25.0000,0,0.105405,0.781639,0.283481,-0.915978,-0.029653,-0.126073,0.487168,0.503478,0.395392,0.337269,0.497293,0.509070,,
0.2700,isaac,initial_pitch_release,isaac_rel_25deg_20,25.0000,0,0.117455,0.815544,0.269739,-0.914907,-0.031499,-0.125907,0.497293,0.509070,0.402348,0.344937,0.491448,0.496747,,
0.2850,isaac,initial_pitch_release,isaac_rel_25deg_20,25.0000,0,0.130027,0.851504,0.255912,-0.923443,-0.033345,-0.128824,0.491448,0.496747,0.402290,0.342359,0.502668,0.509870,,
0.3000,isaac,initial_pitch_release,isaac_rel_25deg_20,25.0000,0,0.143112,0.884523,0.242102,-0.920618,-0.035158,-0.125051,0.502668,0.509870,0.402286,0.337245,0.502573,0.505466,,
0.3150,isaac,initial_pitch_release,isaac_rel_25deg_20,25.0000,0,0.156617,0.909581,0.228609,-0.890963,-0.036958,-0.127647,0.502573,0.505466,0.407163,0.340307,0.502567,0.496706,,
0.3300,isaac,initial_pitch_release,isaac_rel_25deg_20,25.0000,0,0.170446,0.928663,0.215512,-0.857634,-0.038988,-0.154937,0.502567,0.496706,0.403512,0.327105,0.510397,0.501954,,
0.3450,isaac,initial_pitch_release,isaac_rel_25deg_20,25.0000,0,0.184469,0.934692,0.203337,-0.754831,-0.041409,-0.176770,0.510397,0.501954,0.408292,0.320381,0.504538,0.479255,,
0.3600,isaac,initial_pitch_release,isaac_rel_25deg_20,25.0000,0,0.198554,0.937173,0.192850,-0.632924,-0.044085,-0.187890,0.504538,0.479255,0.407946,0.311076,0.512206,0.467619,,
0.3750,isaac,initial_pitch_release,isaac_rel_25deg_20,25.0000,0,0.212666,0.938816,0.184194,-0.510268,-0.046870,-0.190206,0.512206,0.467619,0.404745,0.300754,0.511653,0.451439,,
0.3900,isaac,initial_pitch_release,isaac_rel_25deg_20,25.0000,0,0.226786,0.938469,0.177359,-0.389470,-0.049638,-0.183645,0.511653,0.451439,0.406541,0.299753,0.506520,0.433382,,
0.4050,isaac,initial_pitch_release,isaac_rel_25deg_20,25.0000,0,0.240907,0.939247,0.172261,-0.277868,-0.052254,-0.169990,0.506520,0.433382,0.405769,0.297560,0.509401,0.431625,,
0.4200,isaac,initial_pitch_release,isaac_rel_25deg_20,25.0000,0,0.255019,0.936660,0.168816,-0.167774,-0.054584,-0.144794,0.509401,0.431625,0.405850,0.297977,0.508163,0.427773,,
0.4350,isaac,initial_pitch_release,isaac_rel_25deg_20,25.0000,0,0.269117,0.936616,0.166862,-0.076452,-0.056570,-0.123406,0.508163,0.427773,0.401866,0.294824,0.508293,0.428506,,
0.4500,isaac,initial_pitch_release,isaac_rel_25deg_20,25.0000,0,0.283200,0.936051,0.166243,0.012050,-0.058204,-0.099056,0.508293,0.428506,0.402748,0.297030,0.501891,0.422960,,
0.4650,isaac,initial_pitch_release,isaac_rel_25deg_20,25.0000,0,0.297249,0.933230,0.166894,0.095546,-0.059445,-0.071004,0.501891,0.422960,0.399251,0.293461,0.503310,0.426841,,
0.4800,isaac,initial_pitch_release,isaac_rel_25deg_20,25.0000,0,-0.005091,0.930581,0.168655,0.162127,-0.060339,-0.052085,0.503310,0.426841,0.398880,0.293635,0.497679,0.420560,,
0.4950,isaac,initial_pitch_release,isaac_rel_25deg_20,25.0000,0,0.008916,0.931598,0.171310,0.215992,-0.060952,-0.033246,0.497679,0.420560,0.416839,0.385853,0.497081,0.420865,,
0.5100,isaac,initial_pitch_release,isaac_rel_25deg_20,25.0000,0,-0.293457,0.928117,0.174824,0.276405,-0.061338,-0.021854,0.497081,0.420865,0.411034,0.389574,0.525848,0.578734,,
0.5250,isaac,initial_pitch_release,isaac_rel_25deg_20,25.0000,0,-0.279480,0.928581,0.179121,0.321122,-0.061564,-0.011997,0.525848,0.578734,0.432946,0.381903,0.516593,0.584898,,
0.5400,isaac,initial_pitch_release,isaac_rel_25deg_20,25.0000,0,-0.265502,0.928731,0.184139,0.373637,-0.061684,-0.007931,0.516593,0.584898,0.434551,0.388696,0.551303,0.572173,,
0.5550,isaac,initial_pitch_release,isaac_rel_25deg_20,25.0000,0,-0.251523,0.925825,0.189982,0.431255,-0.061808,-0.011501,0.551303,0.572173,0.435477,0.396787,0.553822,0.583444,,
0.5700,isaac,initial_pitch_release,isaac_rel_25deg_20,25.0000,0,-0.237520,0.932272,0.196639,0.481279,-0.061986,-0.013947,0.553822,0.583444,0.439313,0.403465,0.555272,0.596797,,
0.5850,isaac,initial_pitch_release,isaac_rel_25deg_20,25.0000,0,-0.223518,0.929278,0.204409,0.578691,-0.062332,-0.033258,0.555272,0.596797,0.446522,0.418603,0.561273,0.607757,,
0.6000,isaac,initial_pitch_release,isaac_rel_25deg_20,25.0000,0,-0.209525,0.930015,0.213589,0.672041,-0.063003,-0.056285,0.561273,0.607757,0.459602,0.431607,0.572501,0.632392,,
0.6150,isaac,initial_pitch_release,isaac_rel_25deg_20,25.0000,0,-0.195527,0.929971,0.224317,0.784374,-0.064051,-0.081721,0.572501,0.632392,0.472001,0.446832,0.592698,0.653319,,
0.6300,isaac,initial_pitch_release,isaac_rel_25deg_20,25.0000,0,-0.181523,0.933172,0.236824,0.891583,-0.065486,-0.103086,0.592698,0.653319,0.486206,0.465323,0.611634,0.677541,,
0.6450,isaac,initial_pitch_release,isaac_rel_25deg_20,25.0000,0,-0.167380,0.948994,0.250071,0.908229,-0.067130,-0.110541,0.611634,0.677541,0.499325,0.482520,0.633076,0.706546,,
0.6600,isaac,initial_pitch_release,isaac_rel_25deg_20,25.0000,0,-0.153067,0.956713,0.263647,0.937665,-0.068878,-0.116120,0.633076,0.706546,0.506827,0.492848,0.652638,0.733106,,
0.6750,isaac,initial_pitch_release,isaac_rel_25deg_20,25.0000,0,-0.138602,0.966313,0.277471,0.955991,-0.070615,-0.109635,0.652638,0.733106,0.517807,0.509859,0.663718,0.748863,,
0.6900,isaac,initial_pitch_release,isaac_rel_25deg_20,25.0000,0,-0.124015,0.973418,0.291549,0.978242,-0.072240,-0.101405,0.663718,0.748863,0.519921,0.515542,0.679795,0.774492,,
0.7050,isaac,initial_pitch_release,isaac_rel_25deg_20,25.0000,0,-0.109337,0.978226,0.305839,0.994310,-0.073714,-0.091553,0.679795,0.774492,0.529730,0.533851,0.682870,0.782964,,
0.7200,isaac,initial_pitch_release,isaac_rel_25deg_20,25.0000,0,-0.094600,0.981058,0.320300,1.009072,-0.075007,-0.079249,0.682870,0.782964,0.538814,0.552773,0.697064,0.809948,,
0.7350,isaac,initial_pitch_release,isaac_rel_25deg_20,25.0000,0,-0.079839,0.979872,0.334889,1.018813,-0.076092,-0.065397,0.697064,0.809948,0.548635,0.572140,0.710087,0.837331,,
0.7500,isaac,initial_pitch_release,isaac_rel_25deg_20,25.0000,0,-0.065077,0.980633,0.349540,1.022971,-0.076929,-0.048921,0.710087,0.837331,0.555404,0.590282,0.724036,0.864826,,
0.7650,isaac,initial_pitch_release,isaac_rel_25deg_20,25.0000,0,-0.050350,0.977347,0.364267,1.031080,-0.077543,-0.038250,0.724036,0.864826,0.561451,0.606358,0.733570,0.890086,,
0.7800,isaac,initial_pitch_release,isaac_rel_25deg_20,25.0000,0,-0.035677,0.972940,0.379015,1.031784,-0.077967,-0.025925,0.733570,0.890086,0.567952,0.615982,0.742034,0.912068,,
0.7950,isaac,initial_pitch_release,isaac_rel_25deg_20,25.0000,0,-0.021067,0.972166,0.393765,1.030983,-0.078218,-0.017070,0.742034,0.912068,0.577316,0.633725,0.751076,0.925047,,
0.8100,isaac,initial_pitch_release,isaac_rel_25deg_20,25.0000,0,-0.006541,0.962354,0.408545,1.032346,-0.078386,-0.015314,0.751076,0.925047,0.584756,0.647773,0.763992,0.948616,,
0.8250,isaac,initial_pitch_release,isaac_rel_25deg_20,25.0000,0,0.007925,0.958132,0.423248,1.027315,-0.078465,-0.005378,0.763992,0.948616,0.589971,0.651102,0.774165,0.966947,,
0.8400,isaac,initial_pitch_release,isaac_rel_25deg_20,25.0000,0,0.022345,0.956615,0.437905,1.022360,-0.078443,-0.000906,0.774165,0.966947,0.597973,0.665486,0.781249,0.971249,,
0.8550,isaac,initial_pitch_release,isaac_rel_25deg_20,25.0000,0,0.036727,0.954466,0.452559,1.021057,-0.078433,-0.004865,0.781249,0.971249,0.608086,0.683370,0.792042,0.989646,,
0.8700,isaac,initial_pitch_release,isaac_rel_25deg_20,25.0000,0,0.051092,0.953674,0.467207,1.021948,-0.078507,-0.011454,0.792042,0.989646,0.616839,0.695724,0.805550,1.012095,,
0.8850,isaac,initial_pitch_release,isaac_rel_25deg_20,25.0000,0,0.065464,0.955392,0.481863,1.022745,-0.078714,-0.020237,0.805550,1.012095,0.624253,0.705127,0.817124,1.027326,,
0.9000,isaac,initial_pitch_release,isaac_rel_25deg_20,25.0000,0,0.000000,-0.064572,0.214364,-0.384161,0.000000,0.000000,0.817124,1.027326,0.638675,0.724474,0.000000,0.000000,,
0.0000,isaac,initial_pitch_release,isaac_rel_25deg_21,25.0000,0,0.000000,0.000000,0.436332,0.000000,0.000000,0.000000,0.000000,0.000000,0.000000,0.000000,0.000000,0.000000,,
0.0150,isaac,initial_pitch_release,isaac_rel_25deg_21,25.0000,0,-0.003990,-0.473435,0.439053,0.331253,-0.000218,-0.026404,0.000000,0.000000,-0.273011,-0.370724,-0.388271,-0.407457,,
0.0300,isaac,initial_pitch_release,isaac_rel_25deg_21,25.0000,0,-0.005019,-0.035596,0.445661,0.744819,-0.001561,-0.024600,-0.388271,-0.407457,0.525746,0.575349,0.618075,0.632147,,
0.0450,isaac,initial_pitch_release,isaac_rel_25deg_21,25.0000,0,-0.004622,0.085591,0.452225,0.146087,-0.002688,-0.134469,0.618075,0.632147,0.511182,0.554403,0.638482,0.859793,,
0.0600,isaac,initial_pitch_release,isaac_rel_25deg_21,25.0000,0,-0.002233,0.207045,0.450020,-0.397272,-0.005519,-0.245333,0.638482,0.859793,0.493950,0.495246,0.616963,0.842960,,
0.0750,isaac,initial_pitch_release,isaac_rel_25deg_21,25.0000,0,0.000000,0.012678,0.120713,0.793034,0.000000,0.000000,0.616963,0.842960,0.470177,0.433158,0.000000,0.000000,,
0.0000,isaac,initial_pitch_release,isaac_rel_25deg_22,25.0000,0,0.000000,0.000000,0.436332,0.000000,0.000000,0.000000,0.000000,0.000000,0.000000,0.000000,0.000000,0.000000,,
0.0150,isaac,initial_pitch_release,isaac_rel_25deg_22,25.0000,0,-0.000000,-0.000000,0.436332,0.000059,0.000000,0.000001,0.000000,0.000000,-0.307325,-0.377078,0.000000,0.000000,,
0.0300,isaac,initial_pitch_release,isaac_rel_25deg_22,25.0000,0,-0.003941,-0.223780,0.447705,1.634732,-0.001823,0.066308,0.000000,0.000000,0.486535,0.516935,-0.603690,-0.625194,,
0.0450,isaac,initial_pitch_release,isaac_rel_25deg_22,25.0000,0,-0.005211,-0.011479,0.458649,0.328226,-0.000540,0.094706,-0.603690,-0.625194,0.477879,0.462359,0.869550,0.811253,,
0.0600,isaac,initial_pitch_release,isaac_rel_25deg_22,25.0000,0,-0.003909,0.152067,0.457585,-0.423109,0.000901,0.095173,0.869550,0.811253,0.482355,0.523487,0.853034,0.826546,,
0.0750,isaac,initial_pitch_release,isaac_rel_25deg_22,25.0000,0,-0.000172,0.301347,0.445586,-1.046604,0.001852,0.032002,0.853034,0.826546,0.442170,0.456154,0.861591,0.928378,,
0.0900,isaac,initial_pitch_release,isaac_rel_25deg_22,25.0000,0,0.005043,0.360669,0.430420,-1.034424,0.001819,-0.020420,0.861591,0.928378,0.391834,0.377232,0.783561,0.824613,,
0.1050,isaac,initial_pitch_release,isaac_rel_25deg_22,25.0000,0,0.011032,0.419826,0.415856,-0.977780,0.001318,-0.034014,0.783561,0.824613,0.389522,0.369415,0.682101,0.678274,,
0.1200,isaac,initial_pitch_release,isaac_rel_25deg_22,25.0000,0,0.017786,0.473978,0.401517,-0.966403,0.000708,-0.036270,0.682101,0.678274,0.389218,0.384423,0.677345,0.653330,,
0.1350,isaac,initial_pitch_release,isaac_rel_25deg_22,25.0000,0,0.025326,0.520499,0.387145,-0.968637,-0.000007,-0.049454,0.677345,0.653330,0.381636,0.377486,0.676719,0.678688,,
0.1500,isaac,initial_pitch_release,isaac_rel_25deg_22,25.0000,0,0.033600,0.571255,0.372827,-0.963196,-0.000901,-0.061888,0.676719,0.678688,0.383987,0.369536,0.661063,0.668019,,
0.1650,isaac,initial_pitch_release,isaac_rel_25deg_22,25.0000,0,0.042581,0.615230,0.358527,-0.961543,-0.001880,-0.061342,0.661063,0.668019,0.391591,0.368791,0.665927,0.652798,,
0.1800,isaac,initial_pitch_release,isaac_rel_25deg_22,25.0000,0,0.052261,0.658486,0.344195,-0.967348,-0.002801,-0.055267,0.665927,0.652798,0.380290,0.355765,0.681602,0.650322,,
0.1950,isaac,initial_pitch_release,isaac_rel_25deg_22,25.0000,0,0.062584,0.706980,0.329929,-0.960645,-0.003653,-0.051516,0.681602,0.650322,0.375056,0.345473,0.658274,0.626295,,
0.2100,isaac,initial_pitch_release,isaac_rel_25deg_22,25.0000,0,0.073508,0.742820,0.315781,-0.950976,-0.004476,-0.052846,0.658274,0.626295,0.379653,0.347964,0.647406,0.605541,,
0.2250,isaac,initial_pitch_release,isaac_rel_25deg_22,25.0000,0,0.085034,0.785759,0.301604,-0.949966,-0.005276,-0.050895,0.647406,0.605541,0.382539,0.347239,0.656954,0.608625,,
0.2400,isaac,initial_pitch_release,isaac_rel_25deg_22,25.0000,0,0.097158,0.822704,0.287426,-0.953851,-0.006061,-0.053326,0.656954,0.608625,0.390404,0.342012,0.662932,0.607512,,
0.2550,isaac,initial_pitch_release,isaac_rel_25deg_22,25.0000,0,0.109815,0.858720,0.273427,-0.929668,-0.006965,-0.067463,0.662932,0.607512,0.397134,0.347441,0.679161,0.597746,,
0.2700,isaac,initial_pitch_release,isaac_rel_25deg_22,25.0000,0,0.122858,0.876983,0.259926,-0.884765,-0.008128,-0.091310,0.679161,0.597746,0.400735,0.348009,0.692971,0.607086,,
0.2850,isaac,initial_pitch_release,isaac_rel_25deg_22,25.0000,0,0.136226,0.897956,0.246762,-0.860379,-0.009762,-0.133274,0.692971,0.607086,0.402490,0.343517,0.700333,0.608821,,
0.3000,isaac,initial_pitch_release,isaac_rel_25deg_22,25.0000,0,0.149795,0.904046,0.234484,-0.759208,-0.011995,-0.171038,0.700333,0.608821,0.405216,0.333614,0.703913,0.600633,,
0.3150,isaac,initial_pitch_release,isaac_rel_25deg_22,25.0000,0,0.163442,0.907914,0.223858,-0.642030,-0.014721,-0.200438,0.703913,0.600633,0.409172,0.324041,0.709466,0.581613,,
0.3300,isaac,initial_pitch_release,isaac_rel_25deg_22,25.0000,0,0.177132,0.910037,0.215079,-0.514153,-0.017835,-0.222216,0.709466,0.581613,0.412757,0.315810,0.717503,0.562298,,
0.3450,isaac,initial_pitch_release,isaac_rel_25deg_22,25.0000,0,0.190851,0.911634,0.208219,-0.385315,-0.021214,-0.234950,0.717503,0.562298,0.413436,0.307582,0.724764,0.545386,,
0.3600,isaac,initial_pitch_release,isaac_rel_25deg_22,25.0000,0,0.204587,0.912827,0.203312,-0.254089,-0.024737,-0.240961,0.724764,0.545386,0.416804,0.305445,0.726136,0.528579,,
0.3750,isaac,initial_pitch_release,isaac_rel_25deg_22,25.0000,0,0.218324,0.911342,0.200393,-0.119221,-0.028291,-0.237879,0.726136,0.528579,0.418634,0.301418,0.732936,0.523290,,
0.3900,isaac,initial_pitch_release,isaac_rel_25deg_22,25.0000,0,0.232061,0.912106,0.199405,0.007425,-0.031747,-0.226507,0.732936,0.523290,0.420490,0.300968,0.736623,0.515247,,
0.4050,isaac,initial_pitch_release,isaac_rel_25deg_22,25.0000,0,0.245785,0.910028,0.200333,0.138344,-0.034975,-0.206269,0.736623,0.515247,0.422553,0.302016,0.740356,0.513800,,
0.4200,isaac,initial_pitch_release,isaac_rel_25deg_22,25.0000,0,0.259481,0.909478,0.203158,0.261935,-0.037882,-0.182523,0.740356,0.513800,0.422541,0.301575,0.744500,0.515687,,
0.4350,isaac,initial_pitch_release,isaac_rel_25deg_22,25.0000,0,0.273135,0.904652,0.207846,0.388864,-0.040419,-0.157951,0.744500,0.515687,0.422793,0.300771,0.744476,0.514987,,
0.4500,isaac,initial_pitch_release,isaac_rel_25deg_22,25.0000,0,0.286753,0.902826,0.214275,0.497426,-0.042548,-0.129022,0.744476,0.514987,0.425257,0.305939,0.744983,0.513405,,
0.4650,isaac,initial_pitch_release,isaac_rel_25deg_22,25.0000,0,0.300337,0.900392,0.222312,0.604175,-0.044230,-0.101342,0.744983,0.513405,0.421884,0.315382,0.749921,0.523114,,
0.4800,isaac,initial_pitch_release,isaac_rel_25deg_22,25.0000,0,-0.002482,0.897179,0.231944,0.709656,-0.045522,-0.078812,0.749921,0.523114,0.418064,0.324816,0.743158,0.541701,,
0.4950,isaac,initial_pitch_release,isaac_rel_25deg_22,25.0000,0,-0.305341,0.893803,0.243118,0.810535,-0.046491,-0.059250,0.743158,0.541701,0.449520,0.447584,0.735475,0.560822,,
0.5100,isaac,initial_pitch_release,isaac_rel_25deg_22,25.0000,0,-0.291865,0.894687,0.255723,0.891864,-0.047243,-0.049494,0.735475,0.560822,0.474755,0.456379,0.798035,0.782983,,
0.5250,isaac,initial_pitch_release,isaac_rel_25deg_22,25.0000,0,-0.278318,0.903067,0.268886,0.901987,-0.047801,-0.035758,0.798035,0.782983,0.507842,0.495559,0.847043,0.814320,,
0.5400,isaac,initial_pitch_release,isaac_rel_25deg_22,25.0000,0,-0.264670,0.909058,0.282215,0.916374,-0.048254,-0.033789,0.847043,0.814320,0.512000,0.504247,0.909658,0.882166,,
0.5550,isaac,initial_pitch_release,isaac_rel_25deg_22,25.0000,0,-0.250933,0.915128,0.295681,0.927122,-0.048728,-0.036835,0.909658,0.882166,0.520826,0.515359,0.917392,0.901373,,
0.5700,isaac,initial_pitch_release,isaac_rel_25deg_22,25.0000,0,-0.237113,0.919774,0.309277,0.938164,-0.049315,-0.046379,0.917392,0.901373,0.525971,0.522732,0.933709,0.920808,,
0.5850,isaac,initial_pitch_release,isaac_rel_25deg_22,25.0000,0,-0.223208,0.926606,0.322993,0.948489,-0.050082,-0.057878,0.933709,0.920808,0.537121,0.540078,0.943158,0.934090,,
0.6000,isaac,initial_pitch_release,isaac_rel_25deg_22,25.0000,0,-0.209217,0.932036,0.336863,0.962452,-0.051070,-0.073201,0.943158,0.934090,0.542497,0.547778,0.963474,0.962628,,
0.6150,isaac,initial_pitch_release,isaac_rel_25deg_22,25.0000,0,-0.195139,0.938237,0.350892,0.975323,-0.052284,-0.085838,0.963474,0.962628,0.556302,0.567052,0.973189,0.976809,,
0.6300,isaac,initial_pitch_release,isaac_rel_25deg_22,25.0000,0,-0.180972,0.944199,0.365101,0.990621,-0.053695,-0.097479,0.973189,0.976809,0.563119,0.576968,0.997903,1.007694,,
0.6450,isaac,initial_pitch_release,isaac_rel_25deg_22,25.0000,0,-0.166719,0.949785,0.379501,1.006930,-0.055248,-0.104338,0.997903,1.007694,0.571870,0.588479,1.009982,1.025089,,
0.6600,isaac,initial_pitch_release,isaac_rel_25deg_22,25.0000,0,-0.152385,0.954607,0.394098,1.023421,-0.056876,-0.107079,1.009982,1.025089,0.584070,0.607984,1.025363,1.043732,,
0.6750,isaac,initial_pitch_release,isaac_rel_25deg_22,25.0000,0,-0.137982,0.958534,0.408872,1.038547,-0.058507,-0.104344,1.025363,1.043732,0.589831,0.617587,1.046577,1.074045,,
0.6900,isaac,initial_pitch_release,isaac_rel_25deg_22,25.0000,0,-0.123525,0.961665,0.423806,1.051394,-0.060085,-0.101212,1.046577,1.074045,0.600000,0.634820,1.056501,1.090299,,
0.7050,isaac,initial_pitch_release,isaac_rel_25deg_22,25.0000,0,-0.109034,0.963347,0.438882,1.062604,-0.061543,-0.091263,1.056501,1.090299,0.604766,0.644397,1.073868,1.116298,,
0.7200,isaac,initial_pitch_release,isaac_rel_25deg_22,25.0000,0,-0.094535,0.963000,0.454068,1.071486,-0.062828,-0.080269,1.073868,1.116298,0.617849,0.669246,1.081944,1.131787,,
0.7350,isaac,initial_pitch_release,isaac_rel_25deg_22,25.0000,0,-0.080049,0.960924,0.469327,1.077880,-0.063913,-0.065995,1.081944,1.131787,0.619699,0.674667,1.103897,1.167472,,
0.7500,isaac,initial_pitch_release,isaac_rel_25deg_22,25.0000,0,-0.065597,0.958609,0.484626,1.081746,-0.064798,-0.055284,1.103897,1.167472,0.630272,0.694472,1.106976,1.177499,,
0.7650,isaac,initial_pitch_release,isaac_rel_25deg_22,25.0000,0,0.000000,-0.113611,0.008938,0.687936,0.000000,0.000000,1.106976,1.177499,0.637962,0.711402,0.000000,0.000000,,
0.0000,isaac,initial_pitch_release,isaac_rel_25deg_23,25.0000,0,0.000000,0.000000,0.436332,0.000000,0.000000,0.000000,0.000000,0.000000,0.000000,0.000000,0.000000,0.000000,,
0.0150,isaac,initial_pitch_release,isaac_rel_25deg_23,25.0000,0,0.000000,0.000000,0.436332,-0.000077,0.000000,-0.000002,0.000000,0.000000,0.235683,0.155450,0.000000,0.000000,,
0.0300,isaac,initial_pitch_release,isaac_rel_25deg_23,25.0000,0,0.000187,-0.081432,0.441791,0.941037,-0.000345,0.057233,0.000000,0.000000,0.490941,0.523936,0.273569,0.125588,,
0.0450,isaac,initial_pitch_release,isaac_rel_25deg_23,25.0000,0,0.000064,0.042783,0.451049,0.363342,0.000334,0.021630,0.273569,0.125588,0.524438,0.589226,0.656614,0.731099,,
0.0600,isaac,initial_pitch_release,isaac_rel_25deg_23,25.0000,0,0.001999,0.184470,0.451268,-0.284573,0.000324,-0.023520,0.656614,0.731099,0.490839,0.524906,0.746173,0.825625,,
0.0750,isaac,initial_pitch_release,isaac_rel_25deg_23,25.0000,0,0.005861,0.292804,0.443055,-0.771514,-0.000193,-0.043836,0.746173,0.825625,0.457094,0.461586,0.716726,0.737714,,
0.0900,isaac,initial_pitch_release,isaac_rel_25deg_23,25.0000,0,0.011190,0.381812,0.429467,-0.956857,-0.000773,-0.025237,0.716726,0.737714,0.423055,0.403979,0.670657,0.644291,,
0.1050,isaac,initial_pitch_release,isaac_rel_25deg_23,25.0000,0,0.017301,0.423477,0.415475,-0.930497,-0.001010,0.003920,0.670657,0.644291,0.397920,0.394185,0.620845,0.554667,,
0.1200,isaac,initial_pitch_release,isaac_rel_25deg_23,25.0000,0,0.024041,0.464545,0.401633,-0.919660,-0.000943,0.016297,0.620845,0.554667,0.390806,0.401233,0.581270,0.538469,,
0.1350,isaac,initial_pitch_release,isaac_rel_25deg_23,25.0000,0,0.031392,0.504282,0.387817,-0.917604,-0.000793,0.014879,0.581270,0.538469,0.378763,0.397513,0.566705,0.549534,,
0.1500,isaac,initial_pitch_release,isaac_rel_25deg_23,25.0000,0,0.039319,0.541703,0.374044,-0.912428,-0.000700,0.008229,0.566705,0.549534,0.375554,0.393965,0.548616,0.543720,,
0.1650,isaac,initial_pitch_release,isaac_rel_25deg_23,25.0000,0,0.047798,0.577750,0.360294,-0.911516,-0.000681,0.003908,0.548616,0.543720,0.366737,0.386340,0.541961,0.538037,,
0.1800,isaac,initial_pitch_release,isaac_rel_25deg_23,25.0000,0,0.056796,0.611452,0.346585,-0.907624,-0.000720,-0.000502,0.541961,0.538037,0.360080,0.378160,0.529111,0.525826,,
0.1950,isaac,initial_pitch_release,isaac_rel_25deg_23,25.0000,0,0.066283,0.643141,0.332928,-0.902431,-0.000797,-0.002773,0.529111,0.525826,0.357584,0.377687,0.518362,0.512603,,
0.2100,isaac,initial_pitch_release,isaac_rel_25deg_23,25.0000,0,0.076246,0.674769,0.319273,-0.905100,-0.000913,-0.007916,0.518362,0.512603,0.352281,0.368471,0.513565,0.511742,,
0.2250,isaac,initial_pitch_release,isaac_rel_25deg_23,25.0000,0,0.086663,0.704109,0.305665,-0.900208,-0.001072,-0.010091,0.513565,0.511742,0.355199,0.361063,0.505653,0.496843,,
0.2400,isaac,initial_pitch_release,isaac_rel_25deg_23,25.0000,0,0.097524,0.733740,0.292068,-0.899517,-0.001205,-0.007040,0.505653,0.496843,0.357924,0.355455,0.508664,0.484689,,
0.2550,isaac,initial_pitch_release,isaac_rel_25deg_23,25.0000,0,0.108826,0.763465,0.278467,-0.901196,-0.001258,-0.001529,0.508664,0.484689,0.360278,0.353824,0.512795,0.475442,,
0.2700,isaac,initial_pitch_release,isaac_rel_25deg_23,25.0000,0,0.120571,0.791044,0.264841,-0.903871,-0.001225,0.002959,0.512795,0.475442,0.363660,0.347558,0.516554,0.472703,,
0.2850,isaac,initial_pitch_release,isaac_rel_25deg_23,25.0000,0,0.132758,0.821881,0.251201,-0.904553,-0.001094,0.009640,0.516554,0.472703,0.367656,0.344446,0.521666,0.462399,,
0.3000,isaac,initial_pitch_release,isaac_rel_25deg_23,25.0000,0,0.145391,0.852210,0.237535,-0.907142,-0.000845,0.015514,0.521666,0.462399,0.373428,0.345897,0.527778,0.457197,,
0.3150,isaac,initial_pitch_release,isaac_rel_25deg_23,25.0000,0,0.158432,0.878203,0.223973,-0.895697,-0.000738,-0.010275,0.527778,0.457197,0.378016,0.343515,0.536418,0.459549,,
0.3300,isaac,initial_pitch_release,isaac_rel_25deg_23,25.0000,0,0.171829,0.900192,0.210578,-0.881633,-0.001219,-0.064079,0.536418,0.459549,0.380983,0.324899,0.543745,0.455642,,
0.3450,isaac,initial_pitch_release,isaac_rel_25deg_23,25.0000,0,0.185499,0.914954,0.197597,-0.835621,-0.002468,-0.112893,0.543745,0.455642,0.385358,0.313770,0.548692,0.424724,,
0.3600,isaac,initial_pitch_release,isaac_rel_25deg_23,25.0000,0,0.199296,0.918292,0.185769,-0.727330,-0.004288,-0.137962,0.548692,0.424724,0.387873,0.300913,0.555227,0.405854,,
0.3750,isaac,initial_pitch_release,isaac_rel_25deg_23,25.0000,0,0.213128,0.919620,0.175589,-0.615665,-0.006389,-0.148475,0.555227,0.405854,0.386721,0.290586,0.559445,0.384022,,
0.3900,isaac,initial_pitch_release,isaac_rel_25deg_23,25.0000,0,0.226979,0.920424,0.167033,-0.510336,-0.008551,-0.146190,0.559445,0.384022,0.387589,0.286480,0.558433,0.366317,,
0.4050,isaac,initial_pitch_release,isaac_rel_25deg_23,25.0000,0,0.240842,0.921277,0.160005,-0.411261,-0.010616,-0.133451,0.558433,0.366317,0.385829,0.281611,0.559471,0.359182,,
0.4200,isaac,initial_pitch_release,isaac_rel_25deg_23,25.0000,0,0.254706,0.921266,0.154423,-0.316919,-0.012448,-0.112791,0.559471,0.359182,0.385047,0.279719,0.557235,0.350803,,
0.4350,isaac,initial_pitch_release,isaac_rel_25deg_23,25.0000,0,0.268563,0.920307,0.150194,-0.229967,-0.013948,-0.089771,0.557235,0.350803,0.381692,0.276085,0.555897,0.347499,,
0.4500,isaac,initial_pitch_release,isaac_rel_25deg_23,25.0000,0,0.282407,0.919112,0.147164,-0.155595,-0.015055,-0.059483,0.555897,0.347499,0.381082,0.276861,0.551199,0.341240,,
0.4650,isaac,initial_pitch_release,isaac_rel_25deg_23,25.0000,0,0.296242,0.919596,0.145156,-0.092628,-0.015717,-0.030525,0.551199,0.341240,0.373333,0.266979,0.549776,0.342525,,
0.4800,isaac,initial_pitch_release,isaac_rel_25deg_23,25.0000,0,0.310060,0.917333,0.144074,-0.031323,-0.015945,-0.001328,0.549776,0.342525,0.372877,0.267377,0.539092,0.325528,,
0.4950,isaac,initial_pitch_release,isaac_rel_25deg_23,25.0000,0,-0.308852,0.916941,0.143775,0.013237,-0.015800,0.019812,0.539092,0.325528,0.371496,0.268565,0.537111,0.326087,,
0.5100,isaac,initial_pitch_release,isaac_rel_25deg_23,25.0000,0,-0.295051,0.916342,0.144101,0.053407,-0.015375,0.037984,0.537111,0.326087,0.394301,0.358625,0.534980,0.328140,,
0.5250,isaac,initial_pitch_release,isaac_rel_25deg_23,25.0000,0,-0.281250,0.918628,0.144997,0.090199,-0.014714,0.050418,0.534980,0.328140,0.388983,0.360192,0.565488,0.479452,,
0.5400,isaac,initial_pitch_release,isaac_rel_25deg_23,25.0000,0,-0.267461,0.915118,0.146527,0.138688,-0.013892,0.058943,0.565488,0.479452,0.398435,0.364550,0.562245,0.483139,,
0.5550,isaac,initial_pitch_release,isaac_rel_25deg_23,25.0000,0,-0.253664,0.917352,0.148625,0.168096,-0.013038,0.054315,0.562245,0.483139,0.397225,0.369374,0.574488,0.490264,,
0.5700,isaac,initial_pitch_release,isaac_rel_25deg_23,25.0000,0,-0.239846,0.918407,0.151281,0.212792,-0.012317,0.041067,0.574488,0.490264,0.397252,0.370209,0.574433,0.498146,,
0.5850,isaac,initial_pitch_release,isaac_rel_25deg_23,25.0000,0,-0.226017,0.918903,0.154681,0.267295,-0.011830,0.023344,0.574433,0.498146,0.402948,0.381596,0.574462,0.499556,,
0.6000,isaac,initial_pitch_release,isaac_rel_25deg_23,25.0000,0,-0.212175,0.919895,0.158962,0.330464,-0.011658,-0.000638,0.574462,0.499556,0.407151,0.385966,0.582056,0.517932,,
0.6150,isaac,initial_pitch_release,isaac_rel_25deg_23,25.0000,0,-0.198319,0.920150,0.164301,0.407772,-0.011871,-0.026697,0.582056,0.517932,0.413038,0.387360,0.588603,0.525077,,
0.6300,isaac,initial_pitch_release,isaac_rel_25deg_23,25.0000,0,-0.184451,0.921478,0.170889,0.497173,-0.012517,-0.057509,0.588603,0.525077,0.422972,0.404044,0.597223,0.527361,,
0.6450,isaac,initial_pitch_release,isaac_rel_25deg_23,25.0000,0,-0.170580,0.920838,0.178986,0.607548,-0.013622,-0.085134,0.597223,0.527361,0.428972,0.406747,0.611377,0.553895,,
0.6600,isaac,initial_pitch_release,isaac_rel_25deg_23,25.0000,0,-0.156718,0.920219,0.188841,0.731804,-0.015149,-0.111340,0.611377,0.553895,0.441415,0.420186,0.621015,0.558359,,
0.6750,isaac,initial_pitch_release,isaac_rel_25deg_23,25.0000,0,-0.142872,0.918660,0.200682,0.872117,-0.017038,-0.130931,0.621015,0.558359,0.454363,0.434336,0.638371,0.579462,,
0.6900,isaac,initial_pitch_release,isaac_rel_25deg_23,25.0000,0,-0.128954,0.929732,0.213815,0.902642,-0.019054,-0.126641,0.638371,0.579462,0.469330,0.453966,0.657190,0.601564,,
0.7050,isaac,initial_pitch_release,isaac_rel_25deg_23,25.0000,0,-0.114869,0.939897,0.227249,0.926231,-0.020888,-0.108822,0.657190,0.601564,0.477036,0.466250,0.678558,0.631751,,
0.7200,isaac,initial_pitch_release,isaac_rel_25deg_23,25.0000,0,-0.100660,0.946486,0.240945,0.947092,-0.022485,-0.095821,0.678558,0.631751,0.483853,0.484950,0.690951,0.650513,,
0.7350,isaac,initial_pitch_release,isaac_rel_25deg_23,25.0000,0,-0.086367,0.951836,0.254838,0.962780,-0.023779,-0.073106,0.690951,0.650513,0.489094,0.501150,0.701030,0.678491,,
0.7500,isaac,initial_pitch_release,isaac_rel_25deg_23,25.0000,0,-0.072031,0.953270,0.268895,0.975916,-0.024756,-0.055843,0.701030,0.678491,0.490887,0.506225,0.708814,0.702440,,
0.7650,isaac,initial_pitch_release,isaac_rel_25deg_23,25.0000,0,-0.057681,0.953162,0.283054,0.984919,-0.025437,-0.036698,0.708814,0.702440,0.497259,0.526409,0.712023,0.709985,,
0.7800,isaac,initial_pitch_release,isaac_rel_25deg_23,25.0000,0,-0.043345,0.951414,0.297289,0.990582,-0.025819,-0.019040,0.712023,0.709985,0.499792,0.545590,0.720280,0.738985,,
0.7950,isaac,initial_pitch_release,isaac_rel_25deg_23,25.0000,0,-0.029043,0.948789,0.311575,0.994836,-0.025927,-0.001606,0.720280,0.738985,0.503804,0.556200,0.724439,0.766192,,
0.8100,isaac,initial_pitch_release,isaac_rel_25deg_23,25.0000,0,-0.014786,0.945425,0.325900,0.996738,-0.025788,0.011768,0.724439,0.766192,0.513047,0.577019,0.729875,0.781105,,
0.8250,isaac,initial_pitch_release,isaac_rel_25deg_23,25.0000,0,-0.000581,0.941653,0.340244,0.998018,-0.025463,0.020776,0.729875,0.781105,0.517467,0.593201,0.741802,0.809625,,
0.8400,isaac,initial_pitch_release,isaac_rel_25deg_23,25.0000,0,0.013579,0.938913,0.354588,0.996651,-0.025033,0.026774,0.741802,0.809625,0.521027,0.599576,0.748659,0.831498,,
0.8550,isaac,initial_pitch_release,isaac_rel_25deg_23,25.0000,0,0.027701,0.936794,0.368926,0.996604,-0.024547,0.028885,0.748659,0.831498,0.537242,0.622758,0.753816,0.840093,,
0.8700,isaac,initial_pitch_release,isaac_rel_25deg_23,25.0000,0,0.041798,0.935420,0.383261,0.996840,-0.024081,0.025899,0.753816,0.840093,0.543548,0.629046,0.773794,0.870334,,
0.8850,isaac,initial_pitch_release,isaac_rel_25deg_23,25.0000,0,0.055888,0.935815,0.397603,0.997101,-0.023706,0.018964,0.773794,0.870334,0.552211,0.635010,0.783771,0.878613,,
0.9000,isaac,initial_pitch_release,isaac_rel_25deg_23,25.0000,0,0.069985,0.936740,0.411971,1.001282,-0.023485,0.007747,0.783771,0.878613,0.558763,0.640256,0.795177,0.886261,,
0.9150,isaac,initial_pitch_release,isaac_rel_25deg_23,25.0000,0,0.084108,0.939238,0.426385,1.005963,-0.023474,-0.006051,0.795177,0.886261,0.571290,0.649499,0.804237,0.892950,,
0.9300,isaac,initial_pitch_release,isaac_rel_25deg_23,25.0000,0,0.098271,0.942306,0.440886,1.014199,-0.023706,-0.021847,0.804237,0.892950,0.583304,0.659720,0.819793,0.904588,,
0.9450,isaac,initial_pitch_release,isaac_rel_25deg_23,25.0000,0,0.112488,0.946406,0.455500,1.024900,-0.024182,-0.036504,0.819793,0.904588,0.592098,0.663017,0.835415,0.917348,,
0.9600,isaac,initial_pitch_release,isaac_rel_25deg_23,25.0000,0,0.126768,0.950901,0.470267,1.037939,-0.024886,-0.049197,0.835415,0.917348,0.600887,0.665301,0.847281,0.921500,,
0.9750,isaac,initial_pitch_release,isaac_rel_25deg_23,25.0000,0,0.141115,0.955365,0.485204,1.051841,-0.025772,-0.059276,0.847281,0.921500,0.614301,0.672762,0.858571,0.924332,,
0.9900,isaac,initial_pitch_release,isaac_rel_25deg_23,25.0000,0,0.000000,-0.125973,0.228740,-0.355515,0.000000,0.000000,0.858571,0.924332,0.618216,0.674746,0.000000,0.000000,,
0.0000,isaac,initial_pitch_release,isaac_rel_25deg_24,25.0000,0,0.000000,0.000000,0.436332,0.000000,0.000000,0.000000,0.000000,0.000000,0.000000,0.000000,0.000000,0.000000,,
0.0150,isaac,initial_pitch_release,isaac_rel_25deg_24,25.0000,0,-0.005780,-0.680402,0.440185,0.462177,-0.000392,-0.043712,0.000000,0.000000,-0.343629,-0.450821,-0.399471,-0.771995,,
0.0300,isaac,initial_pitch_release,isaac_rel_25deg_24,25.0000,0,-0.010253,-0.074051,0.448884,1.041945,-0.001123,0.218204,-0.399471,-0.771995,0.512696,0.575471,0.643528,1.105056,,
0.0450,isaac,initial_pitch_release,isaac_rel_25deg_24,25.0000,0,-0.009883,0.096930,0.456646,0.088394,0.000819,0.025668,0.643528,1.105056,0.529226,0.597407,0.693558,1.142022,,
0.0600,isaac,initial_pitch_release,isaac_rel_25deg_24,25.0000,0,-0.007274,0.227396,0.452603,-0.571845,-0.000371,-0.174648,0.693558,1.142022,0.485225,0.493826,0.634916,0.960054,,
0.0750,isaac,initial_pitch_release,isaac_rel_25deg_24,25.0000,0,0.000000,-0.016035,-0.331165,0.070807,0.000000,0.000000,0.634916,0.960054,0.455546,0.416739,0.000000,0.000000,,
0.0000,isaac,initial_pitch_release,isaac_rel_25deg_25,25.0000,0,0.000000,0.000000,0.436332,0.000000,0.000000,0.000000,0.000000,0.000000,0.000000,0.000000,0.000000,0.000000,,
0.0150,isaac,initial_pitch_release,isaac_rel_25deg_25,25.0000,0,-0.002308,-0.270327,0.437824,0.179520,-0.000174,-0.017931,0.000000,0.000000,-0.112445,-0.268226,-0.092714,-0.379720,,
0.0300,isaac,initial_pitch_release,isaac_rel_25deg_25,25.0000,0,-0.002090,0.013816,0.440710,0.427914,0.000117,0.081942,-0.092714,-0.379720,0.498076,0.540836,0.701215,0.675142,,
0.0450,isaac,initial_pitch_release,isaac_rel_25deg_25,25.0000,0,-0.000700,0.138505,0.442541,-0.182219,0.001849,0.151012,0.701215,0.675142,0.479868,0.520821,0.816103,0.705639,,
0.0600,isaac,initial_pitch_release,isaac_rel_25deg_25,25.0000,0,0.002372,0.254382,0.435901,-0.670110,0.004454,0.201648,0.816103,0.705639,0.441850,0.470647,0.783677,0.639165,,
0.0750,isaac,initial_pitch_release,isaac_rel_25deg_25,25.0000,0,0.006952,0.333625,0.423397,-0.926445,0.007540,0.208641,0.783677,0.639165,0.391412,0.441043,0.705596,0.593951,,
0.0900,isaac,initial_pitch_release,isaac_rel_25deg_25,25.0000,0,0.012445,0.384520,0.409579,-0.930372,0.010158,0.162785,0.705596,0.593951,0.367566,0.425568,0.656679,0.569337,,
0.1050,isaac,initial_pitch_release,isaac_rel_25deg_25,25.0000,0,0.018648,0.430263,0.395705,-0.927479,0.012229,0.132249,0.656679,0.569337,0.365653,0.419801,0.645236,0.559676,,
0.1200,isaac,initial_pitch_release,isaac_rel_25deg_25,25.0000,0,0.025505,0.473843,0.381862,-0.925687,0.013987,0.119373,0.645236,0.559676,0.359461,0.403387,0.633974,0.535220,,
0.1350,isaac,initial_pitch_release,isaac_rel_25deg_25,25.0000,0,0.032965,0.511218,0.368087,-0.914845,0.015594,0.110651,0.633974,0.535220,0.347855,0.393257,0.614549,0.518981,,
0.1500,isaac,initial_pitch_release,isaac_rel_25deg_25,25.0000,0,0.040987,0.550109,0.354384,-0.909592,0.017118,0.103420,0.614549,0.518981,0.338414,0.382480,0.596845,0.502106,,
0.1650,isaac,initial_pitch_release,isaac_rel_25deg_25,25.0000,0,0.049543,0.582464,0.340691,-0.907684,0.018563,0.098956,0.596845,0.502106,0.335427,0.383236,0.589195,0.502323,,
0.1800,isaac,initial_pitch_release,isaac_rel_25deg_25,25.0000,0,0.058597,0.611164,0.327064,-0.902955,0.019939,0.096555,0.589195,0.502323,0.326029,0.370296,0.573510,0.482967,,
0.1950,isaac,initial_pitch_release,isaac_rel_25deg_25,25.0000,0,0.068139,0.646986,0.313421,-0.905254,0.021199,0.081393,0.573510,0.482967,0.324262,0.379108,0.568047,0.495134,,
0.2100,isaac,initial_pitch_release,isaac_rel_25deg_25,25.0000,0,0.078136,0.677138,0.299837,-0.898726,0.022329,0.075659,0.568047,0.495134,0.318627,0.362462,0.558438,0.470766,,
0.2250,isaac,initial_pitch_release,isaac_rel_25deg_25,25.0000,0,0.088585,0.706400,0.286227,-0.900716,0.023396,0.069892,0.558438,0.470766,0.322725,0.364210,0.563044,0.472095,,
0.2400,isaac,initial_pitch_release,isaac_rel_25deg_25,25.0000,0,0.099473,0.737390,0.272632,-0.898309,0.024469,0.074899,0.563044,0.472095,0.328547,0.351442,0.572767,0.452799,,
0.2550,isaac,initial_pitch_release,isaac_rel_25deg_25,25.0000,0,0.110796,0.766343,0.259037,-0.906782,0.025618,0.077612,0.572767,0.452799,0.330968,0.349951,0.578171,0.449489,,
0.2700,isaac,initial_pitch_release,isaac_rel_25deg_25,25.0000,0,0.122570,0.795268,0.245403,-0.908234,0.026815,0.078581,0.578171,0.449489,0.339737,0.352476,0.592464,0.453157,,
0.2850,isaac,initial_pitch_release,isaac_rel_25deg_25,25.0000,0,0.134784,0.822681,0.231781,-0.904727,0.028077,0.084564,0.592464,0.453157,0.339536,0.341815,0.594669,0.437065,,
0.3000,isaac,initial_pitch_release,isaac_rel_25deg_25,25.0000,0,0.147389,0.847352,0.218267,-0.892852,0.029156,0.054637,0.594669,0.437065,0.348372,0.344683,0.608426,0.440592,,
0.3150,isaac,initial_pitch_release,isaac_rel_25deg_25,25.0000,0,0.160315,0.868270,0.204947,-0.876256,0.029724,0.012897,0.608426,0.440592,0.355603,0.323907,0.621725,0.408771,,
0.3300,isaac,initial_pitch_release,isaac_rel_25deg_25,25.0000,0,0.173480,0.879925,0.192049,-0.825466,0.029678,-0.029692,0.621725,0.408771,0.364178,0.303941,0.636896,0.375898,,
0.3450,isaac,initial_pitch_release,isaac_rel_25deg_25,25.0000,0,0.186781,0.885937,0.180106,-0.748734,0.029022,-0.067993,0.636896,0.375898,0.365644,0.290964,0.641746,0.353677,,
0.3600,isaac,initial_pitch_release,isaac_rel_25deg_25,25.0000,0,0.200160,0.890469,0.169419,-0.660390,0.027893,-0.092021,0.641746,0.353677,0.364438,0.276519,0.640801,0.329539,,
0.3750,isaac,initial_pitch_release,isaac_rel_25deg_25,25.0000,0,0.213600,0.896929,0.160009,-0.579350,0.026430,-0.113182,0.640801,0.329539,0.367768,0.273405,0.645597,0.323272,,
0.3900,isaac,initial_pitch_release,isaac_rel_25deg_25,25.0000,0,0.227064,0.894304,0.151963,-0.478419,0.024661,-0.130091,0.645597,0.323272,0.368230,0.266395,0.647128,0.311716,,
0.4050,isaac,initial_pitch_release,isaac_rel_25deg_25,25.0000,0,0.240570,0.899275,0.145088,-0.419651,0.022816,-0.120335,0.647128,0.311716,0.368503,0.259958,0.647803,0.300759,,
0.4200,isaac,initial_pitch_release,isaac_rel_25deg_25,25.0000,0,0.254136,0.902918,0.139131,-0.356017,0.021122,-0.108099,0.647803,0.300759,0.366976,0.256811,0.645649,0.295103,,
0.4350,isaac,initial_pitch_release,isaac_rel_25deg_25,25.0000,0,0.267742,0.905141,0.134103,-0.295037,0.019624,-0.094150,0.645649,0.295103,0.366280,0.255342,0.644233,0.292431,,
0.4500,isaac,initial_pitch_release,isaac_rel_25deg_25,25.0000,0,0.281369,0.905173,0.129964,-0.236856,0.018397,-0.070876,0.644233,0.292431,0.362910,0.250078,0.638956,0.283790,,
0.4650,isaac,initial_pitch_release,isaac_rel_25deg_25,25.0000,0,0.295015,0.907759,0.126600,-0.191599,0.017520,-0.046755,0.638956,0.283790,0.363727,0.251723,0.639250,0.285983,,
0.4800,isaac,initial_pitch_release,isaac_rel_25deg_25,25.0000,0,0.308661,0.906722,0.123980,-0.137766,0.017027,-0.019566,0.639250,0.285983,0.359618,0.246147,0.633158,0.277082,,
0.4950,isaac,initial_pitch_release,isaac_rel_25deg_25,25.0000,0,-0.310442,0.902757,0.122196,-0.081016,0.016957,0.010205,0.633158,0.277082,0.355439,0.242198,0.625823,0.270202,,
0.5100,isaac,initial_pitch_release,isaac_rel_25deg_25,25.0000,0,-0.296766,0.912389,0.120600,-0.107209,0.017069,0.005483,0.625823,0.270202,0.380872,0.341259,0.662383,0.426365,,
0.5250,isaac,initial_pitch_release,isaac_rel_25deg_25,25.0000,0,-0.283016,0.913761,0.119024,-0.081678,0.017160,0.007285,0.662383,0.426365,0.383947,0.326032,0.673335,0.411299,,
0.5400,isaac,initial_pitch_release,isaac_rel_25deg_25,25.0000,0,-0.269259,0.913646,0.117863,-0.051394,0.017260,0.006111,0.673335,0.411299,0.386526,0.332160,0.679049,0.419962,,
0.5550,isaac,initial_pitch_release,isaac_rel_25deg_25,25.0000,0,-0.255493,0.914772,0.117108,-0.026389,0.017331,0.003022,0.679049,0.419962,0.388552,0.335668,0.683026,0.425834,,
0.5700,isaac,initial_pitch_release,isaac_rel_25deg_25,25.0000,0,-0.241714,0.915655,0.116765,0.004130,0.017285,-0.009278,0.683026,0.425834,0.391187,0.340230,0.687586,0.433163,,
0.5850,isaac,initial_pitch_release,isaac_rel_25deg_25,25.0000,0,-0.227920,0.916677,0.116897,0.036837,0.017023,-0.026403,0.687586,0.433163,0.391019,0.337001,0.688140,0.428596,,
0.6000,isaac,initial_pitch_release,isaac_rel_25deg_25,25.0000,0,-0.214107,0.917929,0.117586,0.078430,0.016440,-0.051548,0.688140,0.428596,0.394561,0.342038,0.693415,0.436085,,
0.6150,isaac,initial_pitch_release,isaac_rel_25deg_25,25.0000,0,-0.200274,0.920489,0.118954,0.128422,0.015458,-0.079332,0.693415,0.436085,0.398369,0.344324,0.699894,0.439991,,
0.6300,isaac,initial_pitch_release,isaac_rel_25deg_25,25.0000,0,-0.186433,0.919410,0.121208,0.196024,0.014036,-0.109990,0.699894,0.439991,0.404895,0.349817,0.710507,0.448594,,
0.6450,isaac,initial_pitch_release,isaac_rel_25deg_25,25.0000,0,-0.172579,0.920967,0.124471,0.263168,0.012123,-0.144091,0.710507,0.448594,0.410554,0.354056,0.720550,0.455514,,
0.6600,isaac,initial_pitch_release,isaac_rel_25deg_25,25.0000,0,-0.158714,0.921197,0.128875,0.348181,0.009707,-0.175779,0.720550,0.455514,0.418581,0.361848,0.733855,0.467704,,
0.6750,isaac,initial_pitch_release,isaac_rel_25deg_25,25.0000,0,-0.144848,0.920369,0.134629,0.442476,0.006844,-0.201370,0.733855,0.467704,0.430478,0.376389,0.753161,0.490245,,
0.6900,isaac,initial_pitch_release,isaac_rel_25deg_25,25.0000,0,-0.130989,0.919915,0.141873,0.545779,0.003618,-0.222265,0.753161,0.490245,0.439914,0.385784,0.769895,0.505477,,
0.7050,isaac,initial_pitch_release,isaac_rel_25deg_25,25.0000,0,-0.117146,0.917738,0.150766,0.661560,0.000156,-0.232066,0.769895,0.505477,0.447686,0.394820,0.783746,0.519690,,
0.7200,isaac,initial_pitch_release,isaac_rel_25deg_25,25.0000,0,-0.103332,0.916631,0.161435,0.783573,-0.003389,-0.233454,0.783746,0.519690,0.450930,0.400212,0.790714,0.528403,,
0.7350,isaac,initial_pitch_release,isaac_rel_25deg_25,25.0000,0,-0.089542,0.918197,0.173833,0.872348,-0.006820,-0.210531,0.790714,0.528403,0.461069,0.417206,0.806028,0.553709,,
0.7500,isaac,initial_pitch_release,isaac_rel_25deg_25,25.0000,0,-0.075658,0.925593,0.186786,0.891202,-0.009643,-0.164152,0.806028,0.553709,0.463018,0.424284,0.811412,0.565319,,
0.7650,isaac,initial_pitch_release,isaac_rel_25deg_25,25.0000,0,-0.061687,0.931303,0.200030,0.915080,-0.011783,-0.123926,0.811412,0.565319,0.460368,0.444268,0.808693,0.594563,,
0.7800,isaac,initial_pitch_release,isaac_rel_25deg_25,25.0000,0,-0.047674,0.932886,0.213518,0.931757,-0.013303,-0.085944,0.808693,0.594563,0.460539,0.457367,0.808452,0.614639,,
0.7950,isaac,initial_pitch_release,isaac_rel_25deg_25,25.0000,0,-0.033644,0.932783,0.227168,0.943597,-0.014350,-0.062332,0.808452,0.614639,0.462121,0.473136,0.810598,0.637719,,
0.8100,isaac,initial_pitch_release,isaac_rel_25deg_25,25.0000,0,-0.019618,0.931565,0.240921,0.952428,-0.015018,-0.039400,0.810598,0.637719,0.463524,0.479023,0.812914,0.647098,,
0.8250,isaac,initial_pitch_release,isaac_rel_25deg_25,25.0000,0,-0.005607,0.929144,0.254757,0.957822,-0.015364,-0.020938,0.812914,0.647098,0.465446,0.489162,0.815971,0.661514,,
0.8400,isaac,initial_pitch_release,isaac_rel_25deg_25,25.0000,0,0.008381,0.928206,0.268637,0.960488,-0.015486,-0.008339,0.815971,0.661514,0.469233,0.502769,0.821720,0.680760,,
0.8550,isaac,initial_pitch_release,isaac_rel_25deg_25,25.0000,0,0.022345,0.926387,0.282567,0.963381,-0.015479,-0.003020,0.821720,0.680760,0.473595,0.517886,0.828711,0.702044,,
0.8700,isaac,initial_pitch_release,isaac_rel_25deg_25,25.0000,0,0.036291,0.924731,0.296515,0.964531,-0.015431,-0.002454,0.828711,0.702044,0.474005,0.515625,0.830500,0.700179,,
0.8850,isaac,initial_pitch_release,isaac_rel_25deg_25,25.0000,0,0.050231,0.925862,0.310470,0.964858,-0.015435,-0.008040,0.830500,0.700179,0.483509,0.537270,0.843762,0.728627,,
0.9000,isaac,initial_pitch_release,isaac_rel_25deg_25,25.0000,0,0.064174,0.925683,0.324460,0.969658,-0.015552,-0.015176,0.843762,0.728627,0.494077,0.546126,0.860360,0.741668,,
0.9150,isaac,initial_pitch_release,isaac_rel_25deg_25,25.0000,0,0.078137,0.927928,0.338474,0.972367,-0.015845,-0.028258,0.860360,0.741668,0.501548,0.550381,0.873279,0.747863,,
0.9300,isaac,initial_pitch_release,isaac_rel_25deg_25,25.0000,0,0.092130,0.929862,0.352551,0.978591,-0.016365,-0.042240,0.873279,0.747863,0.508353,0.554374,0.884600,0.753330,,
0.9450,isaac,initial_pitch_release,isaac_rel_25deg_25,25.0000,0,0.106171,0.934005,0.366711,0.986636,-0.017155,-0.060847,0.884600,0.753330,0.519904,0.558250,0.901822,0.758587,,
0.9600,isaac,initial_pitch_release,isaac_rel_25deg_25,25.0000,0,0.120265,0.937817,0.381001,0.998208,-0.018206,-0.074999,0.901822,0.758587,0.526190,0.563456,0.913067,0.765507,,
0.9750,isaac,initial_pitch_release,isaac_rel_25deg_25,25.0000,0,0.134417,0.943091,0.395440,1.010737,-0.019484,-0.090512,0.913067,0.765507,0.536473,0.566155,0.928382,0.769306,,
0.9900,isaac,initial_pitch_release,isaac_rel_25deg_25,25.0000,0,0.148629,0.945506,0.410057,1.025772,-0.020953,-0.096509,0.928382,0.769306,0.548934,0.573448,0.947057,0.778723,,
1.0050,isaac,initial_pitch_release,isaac_rel_25deg_25,25.0000,0,0.162902,0.949906,0.424824,1.037641,-0.022534,-0.103433,0.947057,0.778723,0.557134,0.575793,0.960748,0.782178,,
1.0200,isaac,initial_pitch_release,isaac_rel_25deg_25,25.0000,0,0.177228,0.953072,0.439758,1.051857,-0.024122,-0.101166,0.960748,0.782178,0.568795,0.588660,0.977810,0.798408,,
1.0350,isaac,initial_pitch_release,isaac_rel_25deg_25,25.0000,0,0.191593,0.954647,0.454838,1.064568,-0.025644,-0.096148,0.977810,0.798408,0.580692,0.595877,0.995581,0.808184,,
1.0500,isaac,initial_pitch_release,isaac_rel_25deg_25,25.0000,0,0.205982,0.956227,0.470029,1.072488,-0.027032,-0.086214,0.995581,0.808184,0.585650,0.603600,1.004806,0.818164,,
1.0650,isaac,initial_pitch_release,isaac_rel_25deg_25,25.0000,0,0.220375,0.954847,0.485315,1.080524,-0.028250,-0.076104,1.004806,0.818164,0.600270,0.616822,1.024237,0.834701,,
1.0800,isaac,initial_pitch_release,isaac_rel_25deg_25,25.0000,0,0.000000,0.094493,-0.282705,-0.015555,0.000000,0.000000,1.024237,0.834701,0.610431,0.627630,0.000000,0.000000,,
0.0000,isaac,initial_pitch_release,isaac_rel_25deg_26,25.0000,0,0.000000,0.000000,0.436332,0.000000,0.000000,0.000000,0.000000,0.000000,0.000000,0.000000,0.000000,0.000000,,
0.0150,isaac,initial_pitch_release,isaac_rel_25deg_26,25.0000,0,0.003284,0.379309,0.434096,-0.265930,0.000192,0.022232,0.000000,0.000000,0.325500,0.246034,0.312832,0.376188,,
0.0300,isaac,initial_pitch_release,isaac_rel_25deg_26,25.0000,0,0.008643,0.128427,0.429982,-0.259917,0.000887,-0.167283,0.312832,0.376188,0.466718,0.496138,0.524025,0.881052,,
0.0450,isaac,initial_pitch_release,isaac_rel_25deg_26,25.0000,0,0.011237,0.209586,0.422874,-0.648826,-0.002361,-0.270646,0.524025,0.881052,0.464136,0.431555,0.520372,0.759511,,
0.0600,isaac,initial_pitch_release,isaac_rel_25deg_26,25.0000,0,0.015094,0.284647,0.411088,-0.864989,-0.007042,-0.332990,0.520372,0.759511,0.443346,0.385647,0.490657,0.669102,,
0.0750,isaac,initial_pitch_release,isaac_rel_25deg_26,25.0000,0,0.019714,0.322525,0.398254,-0.850189,-0.011948,-0.321839,0.490657,0.669102,0.420173,0.339671,0.456924,0.575450,,
0.0900,isaac,initial_pitch_release,isaac_rel_25deg_26,25.0000,0,0.024955,0.364885,0.385318,-0.862863,-0.016745,-0.316217,0.456924,0.575450,0.428586,0.358494,0.469244,0.614153,,
0.1050,isaac,initial_pitch_release,isaac_rel_25deg_26,25.0000,0,0.030757,0.399441,0.372442,-0.850470,-0.021436,-0.309753,0.469244,0.614153,0.419096,0.338958,0.455340,0.573974,,
0.1200,isaac,initial_pitch_release,isaac_rel_25deg_26,25.0000,0,0.037094,0.434837,0.359583,-0.848107,-0.026069,-0.307151,0.455340,0.573974,0.416713,0.336444,0.451832,0.568766,,
0.1350,isaac,initial_pitch_release,isaac_rel_25deg_26,25.0000,0,0.043948,0.467471,0.346710,-0.853129,-0.030656,-0.302168,0.451832,0.568766,0.416295,0.334809,0.451217,0.565375,,
0.1500,isaac,initial_pitch_release,isaac_rel_25deg_26,25.0000,0,0.051284,0.499285,0.333863,-0.848740,-0.035184,-0.299524,0.451217,0.565375,0.412273,0.326978,0.445280,0.549079,,
0.1650,isaac,initial_pitch_release,isaac_rel_25deg_26,25.0000,0,0.059068,0.533154,0.321047,-0.848718,-0.039654,-0.298593,0.445280,0.549079,0.409829,0.321573,0.441662,0.537785,,
0.1800,isaac,initial_pitch_release,isaac_rel_25deg_26,25.0000,0,0.067255,0.559037,0.308344,-0.840403,-0.044063,-0.295698,0.441662,0.537785,0.401057,0.304239,0.428624,0.501311,,
0.1950,isaac,initial_pitch_release,isaac_rel_25deg_26,25.0000,0,0.075828,0.582389,0.295670,-0.833863,-0.048455,-0.288331,0.428624,0.501311,0.398234,0.300528,0.424410,0.493454,,
0.2100,isaac,initial_pitch_release,isaac_rel_25deg_26,25.0000,0,0.084803,0.610678,0.282902,-0.844571,-0.052817,-0.291933,0.424410,0.493454,0.402470,0.308160,0.430730,0.509596,,
0.2250,isaac,initial_pitch_release,isaac_rel_25deg_26,25.0000,0,0.094155,0.635043,0.270133,-0.843667,-0.057087,-0.285224,0.430730,0.509596,0.399314,0.297532,0.426023,0.487097,,
0.2400,isaac,initial_pitch_release,isaac_rel_25deg_26,25.0000,0,0.103888,0.659462,0.257298,-0.849760,-0.061256,-0.278019,0.426023,0.487097,0.401504,0.301696,0.429291,0.495929,,
0.2550,isaac,initial_pitch_release,isaac_rel_25deg_26,25.0000,0,0.113980,0.679557,0.244475,-0.845987,-0.065317,-0.269851,0.429291,0.495929,0.395776,0.290901,0.420733,0.472990,,
0.2700,isaac,initial_pitch_release,isaac_rel_25deg_26,25.0000,0,0.124427,0.703759,0.231624,-0.849625,-0.069308,-0.266720,0.420733,0.472990,0.395243,0.289279,0.419935,0.469531,,
0.2850,isaac,initial_pitch_release,isaac_rel_25deg_26,25.0000,0,0.135249,0.729539,0.218668,-0.860537,-0.073228,-0.262371,0.419935,0.469531,0.400534,0.296891,0.427844,0.485737,,
0.3000,isaac,initial_pitch_release,isaac_rel_25deg_26,25.0000,0,0.146445,0.753937,0.205690,-0.858632,-0.077053,-0.257339,0.427844,0.485737,0.399144,0.292341,0.425770,0.476059,,
0.3150,isaac,initial_pitch_release,isaac_rel_25deg_26,25.0000,0,0.158008,0.777157,0.192682,-0.863040,-0.080798,-0.251493,0.425770,0.476059,0.400508,0.289780,0.427806,0.470600,,
0.3300,isaac,initial_pitch_release,isaac_rel_25deg_26,25.0000,0,0.169922,0.801360,0.179703,-0.857114,-0.084462,-0.247189,0.427806,0.470600,0.397633,0.281143,0.423511,0.452132,,
0.3450,isaac,initial_pitch_release,isaac_rel_25deg_26,25.0000,0,0.182172,0.823497,0.166752,-0.858408,-0.088064,-0.243376,0.423511,0.452132,0.395233,0.273764,0.419919,0.436286,,
0.3600,isaac,initial_pitch_release,isaac_rel_25deg_26,25.0000,0,0.194751,0.845012,0.153806,-0.854819,-0.091611,-0.239135,0.419919,0.436286,0.395323,0.270488,0.420055,0.429231,,
0.3750,isaac,initial_pitch_release,isaac_rel_25deg_26,25.0000,0,0.207634,0.863435,0.140904,-0.853531,-0.095099,-0.235641,0.420055,0.429231,0.391164,0.262824,0.413815,0.412679,,
0.3900,isaac,initial_pitch_release,isaac_rel_25deg_26,25.0000,0,0.220801,0.882822,0.128015,-0.851284,-0.098552,-0.232095,0.413815,0.412679,0.389484,0.260041,0.411289,0.406652,,
0.4050,isaac,initial_pitch_release,isaac_rel_25deg_26,25.0000,0,0.234194,0.895496,0.115238,-0.839742,-0.101849,-0.214265,0.411289,0.406652,0.388386,0.255868,0.409638,0.397599,,
0.4200,isaac,initial_pitch_release,isaac_rel_25deg_26,25.0000,0,0.247733,0.902242,0.102809,-0.800426,-0.104829,-0.186694,0.409638,0.397599,0.380580,0.246637,0.397851,0.377504,,
0.4350,isaac,initial_pitch_release,isaac_rel_25deg_26,25.0000,0,0.261334,0.904207,0.091026,-0.753881,-0.107414,-0.160084,0.397851,0.377504,0.373301,0.241373,0.386800,0.366005,,
0.4500,isaac,initial_pitch_release,isaac_rel_25deg_26,25.0000,0,0.274968,0.906818,0.079818,-0.722932,-0.109623,-0.135466,0.386800,0.366005,0.372611,0.243860,0.385749,0.371442,,
0.4650,isaac,initial_pitch_release,isaac_rel_25deg_26,25.0000,0,0.288611,0.907094,0.069084,-0.690853,-0.111530,-0.117728,0.385749,0.371442,0.362911,0.235026,0.370925,0.352103,,
0.4800,isaac,initial_pitch_release,isaac_rel_25deg_26,25.0000,0,-0.014121,0.904813,0.058752,-0.668332,-0.113217,-0.105796,0.370925,0.352103,0.357310,0.229694,0.362320,0.340392,,
0.4950,isaac,initial_pitch_release,isaac_rel_25deg_26,25.0000,0,-0.000489,0.906743,0.048464,-0.683160,-0.114720,-0.092552,0.362320,0.340392,0.363068,0.275090,0.371167,0.439140,,
0.5100,isaac,initial_pitch_release,isaac_rel_25deg_26,25.0000,0,0.013177,0.909216,0.037875,-0.709202,-0.116044,-0.081174,0.371167,0.439140,0.360679,0.273893,0.367500,0.436565,,
0.5250,isaac,initial_pitch_release,isaac_rel_25deg_26,25.0000,0,-0.289513,0.906879,0.026993,-0.722723,-0.117283,-0.080647,0.367500,0.436565,0.345399,0.262838,0.343910,0.412708,,
0.5400,isaac,initial_pitch_release,isaac_rel_25deg_26,25.0000,0,-0.275814,0.913030,0.015539,-0.784188,-0.118462,-0.073095,0.343910,0.412708,0.357070,0.242277,0.361951,0.367984,,
0.5550,isaac,initial_pitch_release,isaac_rel_25deg_26,25.0000,0,-0.262098,0.910677,0.003505,-0.803796,-0.119663,-0.083328,0.361951,0.367984,0.329818,0.217487,0.319609,0.313476,,
0.5700,isaac,initial_pitch_release,isaac_rel_25deg_26,25.0000,0,-0.248437,0.906068,-0.008692,-0.806975,-0.121010,-0.092834,0.319609,0.313476,0.317878,0.206003,0.300821,0.288026,,
0.5850,isaac,initial_pitch_release,isaac_rel_25deg_26,25.0000,0,-0.234967,0.886781,-0.020232,-0.723339,-0.122413,-0.091543,0.300821,0.288026,0.292300,0.177889,0.260114,0.225228,,
0.6000,isaac,initial_pitch_release,isaac_rel_25deg_26,25.0000,0,-0.221716,0.876448,-0.030864,-0.682129,-0.123816,-0.094256,0.260114,0.225228,0.292672,0.183015,0.260710,0.236728,,
0.6150,isaac,initial_pitch_release,isaac_rel_25deg_26,25.0000,0,-0.208594,0.869473,-0.041105,-0.670447,-0.125273,-0.100398,0.260710,0.236728,0.290903,0.183893,0.257874,0.238696,,
0.6300,isaac,initial_pitch_release,isaac_rel_25deg_26,25.0000,0,-0.195606,0.859133,-0.050868,-0.621902,-0.126756,-0.097863,0.257874,0.238696,0.278509,0.169682,0.237916,0.206777,,
0.6450,isaac,initial_pitch_release,isaac_rel_25deg_26,25.0000,0,-0.182807,0.844747,-0.059746,-0.553575,-0.128187,-0.094317,0.237916,0.206777,0.266134,0.159194,0.217855,0.183121,,
0.6600,isaac,initial_pitch_release,isaac_rel_25deg_26,25.0000,0,-0.170182,0.835685,-0.067760,-0.506615,-0.129573,-0.093009,0.217855,0.183121,0.264013,0.158788,0.214403,0.182202,,
0.6750,isaac,initial_pitch_release,isaac_rel_25deg_26,25.0000,0,-0.157767,0.818048,-0.074653,-0.407096,-0.130876,-0.083502,0.214403,0.182202,0.247541,0.140343,0.187472,0.140408,,
0.6900,isaac,initial_pitch_release,isaac_rel_25deg_26,25.0000,0,-0.145556,0.808088,-0.080431,-0.354430,-0.132092,-0.081200,0.187472,0.140408,0.249227,0.146998,0.190238,0.155514,,
0.7050,isaac,initial_pitch_release,isaac_rel_25deg_26,25.0000,0,-0.133398,0.809396,-0.085996,-0.376995,-0.133347,-0.089364,0.190238,0.155514,0.260289,0.162395,0.208334,0.190348,,
0.7200,isaac,initial_pitch_release,isaac_rel_25deg_26,25.0000,0,-0.121394,0.789747,-0.090790,-0.260509,-0.134563,-0.075235,0.208334,0.190348,0.229908,0.123350,0.158401,0.101712,,
0.7350,isaac,initial_pitch_release,isaac_rel_25deg_26,25.0000,0,-0.109596,0.780979,-0.094485,-0.224460,-0.135685,-0.076696,0.158401,0.101712,0.237846,0.140458,0.171518,0.140668,,
0.7500,isaac,initial_pitch_release,isaac_rel_25deg_26,25.0000,0,-0.097850,0.781821,-0.098087,-0.245273,-0.136883,-0.085591,0.171518,0.140668,0.247162,0.152456,0.186848,0.167880,,
0.7650,isaac,initial_pitch_release,isaac_rel_25deg_26,25.0000,0,-0.086212,0.768114,-0.101373,-0.188081,-0.138115,-0.081655,0.186848,0.167880,0.229726,0.129336,0.158101,0.115362,,
0.7800,isaac,initial_pitch_release,isaac_rel_25deg_26,25.0000,0,-0.074719,0.761710,-0.104171,-0.177344,-0.139344,-0.085003,0.158101,0.115362,0.234763,0.139700,0.166429,0.138946,,
0.7950,isaac,initial_pitch_release,isaac_rel_25deg_26,25.0000,0,-0.063336,0.753443,-0.106828,-0.168505,-0.140607,-0.085385,0.166429,0.138946,0.233959,0.137352,0.165101,0.133608,,
0.8100,isaac,initial_pitch_release,isaac_rel_25deg_26,25.0000,0,-0.052198,0.730626,-0.108661,-0.071738,-0.141787,-0.074099,0.165101,0.133608,0.213485,0.112214,0.131118,0.076262,,
0.8250,isaac,initial_pitch_release,isaac_rel_25deg_26,25.0000,0,-0.041219,0.729949,-0.110265,-0.128359,-0.142962,-0.085555,0.131118,0.076262,0.239672,0.150055,0.174528,0.162443,,
0.8400,isaac,initial_pitch_release,isaac_rel_25deg_26,25.0000,0,-0.030419,0.708657,-0.111670,-0.053990,-0.144131,-0.073342,0.174528,0.162443,0.215121,0.113916,0.133845,0.080156,,
0.8550,isaac,initial_pitch_release,isaac_rel_25deg_26,25.0000,0,-0.019883,0.694987,-0.112451,-0.039639,-0.145196,-0.071353,0.133845,0.080156,0.221937,0.127502,0.145183,0.111182,,
0.8700,isaac,initial_pitch_release,isaac_rel_25deg_26,25.0000,0,-0.009704,0.662772,-0.112156,0.084273,-0.146101,-0.052085,0.145183,0.111182,0.198678,0.096701,0.106357,0.040707,,
0.8850,isaac,initial_pitch_release,isaac_rel_25deg_26,25.0000,0,0.000001,0.631242,-0.110109,0.197171,-0.146709,-0.030068,0.106357,0.040707,0.198439,0.094589,0.105956,0.035858,,
0.9000,isaac,initial_pitch_release,isaac_rel_25deg_26,25.0000,0,0.009415,0.621783,-0.107385,0.181423,-0.147098,-0.022502,0.105956,0.035858,0.223641,0.124585,0.148013,0.104528,,
0.9150,isaac,initial_pitch_release,isaac_rel_25deg_26,25.0000,0,0.018548,0.595401,-0.104113,0.263813,-0.147285,-0.002700,0.148013,0.104528,0.202741,0.099936,0.113166,0.048131,,
0.9300,isaac,initial_pitch_release,isaac_rel_25deg_26,25.0000,0,0.027308,0.571954,-0.099682,0.337065,-0.147167,0.017550,0.113166,0.048131,0.203279,0.099924,0.114066,0.048104,,
0.9450,isaac,initial_pitch_release,isaac_rel_25deg_26,25.0000,0,0.035872,0.567376,-0.095116,0.288677,-0.146841,0.024984,0.114066,0.048104,0.228083,0.129291,0.155379,0.115260,,
0.9600,isaac,initial_pitch_release,isaac_rel_25deg_26,25.0000,0,0.044202,0.542871,-0.090184,0.377097,-0.146311,0.044979,0.155379,0.115260,0.199536,0.097176,0.107795,0.041798,,
0.9750,isaac,initial_pitch_release,isaac_rel_25deg_26,25.0000,0,0.052326,0.538152,-0.084938,0.339111,-0.145542,0.055137,0.107795,0.041798,0.226258,0.125913,0.152355,0.107559,,
0.9900,isaac,initial_pitch_release,isaac_rel_25deg_26,25.0000,0,0.060228,0.515373,-0.079283,0.425141,-0.144547,0.076089,0.152355,0.107559,0.199547,0.097956,0.107813,0.043588,,
1.0050,isaac,initial_pitch_release,isaac_rel_25deg_26,25.0000,0,0.068059,0.524823,-0.073986,0.303213,-0.143386,0.077022,0.107813,0.043588,0.243927,0.146412,0.181533,0.154186,,
1.0200,isaac,initial_pitch_release,isaac_rel_25deg_26,25.0000,0,0.075897,0.517976,-0.069554,0.301100,-0.142173,0.084132,0.181533,0.154186,0.218445,0.122770,0.139378,0.100386,,
1.0350,isaac,initial_pitch_release,isaac_rel_25deg_26,25.0000,0,0.083792,0.531119,-0.066174,0.171057,-0.140976,0.075419,0.139378,0.100386,0.245024,0.155314,0.183336,0.174349,,
1.0500,isaac,initial_pitch_release,isaac_rel_25deg_26,25.0000,0,0.091768,0.530167,-0.063977,0.136590,-0.139863,0.073747,0.183336,0.174349,0.225511,0.135082,0.151116,0.128446,,
1.0650,isaac,initial_pitch_release,isaac_rel_25deg_26,25.0000,0,0.099610,0.514474,-0.061543,0.198042,-0.138661,0.086579,0.151116,0.128446,0.206964,0.110181,0.120231,0.071610,,
1.0800,isaac,initial_pitch_release,isaac_rel_25deg_26,25.0000,0,0.107292,0.508325,-0.058644,0.203117,-0.137274,0.098393,0.120231,0.071610,0.218637,0.119832,0.139697,0.093679,,
1.0950,isaac,initial_pitch_release,isaac_rel_25deg_26,25.0000,0,0.115066,0.524024,-0.056741,0.071715,-0.135857,0.091619,0.139697,0.093679,0.246460,0.154667,0.185696,0.172884,,
1.1100,isaac,initial_pitch_release,isaac_rel_25deg_26,25.0000,0,0.122668,0.490496,-0.054254,0.261885,-0.134316,0.116232,0.185696,0.172884,0.177426,0.076649,0.070567,0.000000,,
1.1250,isaac,initial_pitch_release,isaac_rel_25deg_26,25.0000,0,0.130283,0.519597,-0.052091,0.051688,-0.132643,0.108115,0.070567,0.000000,0.266189,0.167462,0.217944,0.201775,,
1.1400,isaac,initial_pitch_release,isaac_rel_25deg_26,25.0000,0,0.138020,0.510547,-0.051046,0.095920,-0.131008,0.112106,0.217944,0.201775,0.207574,0.115830,0.121250,0.084534,,
1.1550,isaac,initial_pitch_release,isaac_rel_25deg_26,25.0000,0,0.145728,0.516104,-0.050050,0.051718,-0.129359,0.110643,0.121250,0.084534,0.226114,0.133753,0.152117,0.125421,,
1.1700,isaac,initial_pitch_release,isaac_rel_25deg_26,25.0000,0,0.153368,0.502878,-0.048850,0.116264,-0.127656,0.119833,0.152117,0.125421,0.203672,0.107495,0.114724,0.065459,,
1.1850,isaac,initial_pitch_release,isaac_rel_25deg_26,25.0000,0,0.161063,0.520194,-0.048120,0.000168,-0.125932,0.111990,0.114724,0.065459,0.242810,0.148621,0.179695,0.159194,,
1.2000,isaac,initial_pitch_release,isaac_rel_25deg_26,25.0000,0,0.168754,0.505334,-0.047543,0.083196,-0.124198,0.121152,0.179695,0.159194,0.199538,0.103699,0.107798,0.056761,,
1.2150,isaac,initial_pitch_release,isaac_rel_25deg_26,25.0000,0,0.176444,0.515439,-0.047030,0.002579,-0.122425,0.116448,0.107798,0.056761,0.235808,0.139244,0.168155,0.137910,,
1.2300,isaac,initial_pitch_release,isaac_rel_25deg_26,25.0000,0,0.184118,0.505385,-0.046543,0.070123,-0.120613,0.126839,0.168155,0.137910,0.203814,0.105368,0.114961,0.060586,,
1.2450,isaac,initial_pitch_release,isaac_rel_25deg_26,25.0000,0,0.191754,0.510939,-0.045883,0.032892,-0.118749,0.123786,0.114961,0.060586,0.225289,0.129061,0.150748,0.114735,,
1.2600,isaac,initial_pitch_release,isaac_rel_25deg_26,25.0000,0,0.199464,0.515095,-0.045748,-0.002034,-0.116931,0.121391,0.150748,0.114735,0.226255,0.129297,0.152349,0.115273,,
1.2750,isaac,initial_pitch_release,isaac_rel_25deg_26,25.0000,0,0.207047,0.495316,-0.044953,0.112672,-0.115023,0.136239,0.152349,0.115273,0.195024,0.092164,0.100224,0.030290,,
1.2900,isaac,initial_pitch_release,isaac_rel_25deg_26,25.0000,0,0.214650,0.514067,-0.044306,-0.006954,-0.113052,0.129222,0.100224,0.030290,0.247796,0.146158,0.187890,0.153609,,
1.3050,isaac,initial_pitch_release,isaac_rel_25deg_26,25.0000,0,0.222276,0.501352,-0.043944,0.062451,-0.111098,0.134400,0.187890,0.153609,0.204849,0.105056,0.116695,0.059871,,
1.3200,isaac,initial_pitch_release,isaac_rel_25deg_26,25.0000,0,0.229866,0.507491,-0.043451,0.018525,-0.109126,0.131261,0.116695,0.059871,0.231753,0.129964,0.161454,0.116793,,
1.3350,isaac,initial_pitch_release,isaac_rel_25deg_26,25.0000,0,0.237365,0.491740,-0.042589,0.104082,-0.107103,0.141153,0.161454,0.116793,0.203987,0.099020,0.115251,0.046031,,
1.3500,isaac,initial_pitch_release,isaac_rel_25deg_26,25.0000,0,0.244859,0.504015,-0.041819,0.016214,-0.104991,0.142586,0.115251,0.046031,0.248065,0.136349,0.188331,0.131328,,
1.3650,isaac,initial_pitch_release,isaac_rel_25deg_26,25.0000,0,0.252291,0.485905,-0.040910,0.111324,-0.102790,0.153244,0.188331,0.131328,0.204576,0.097258,0.116237,0.041987,,
1.3800,isaac,initial_pitch_release,isaac_rel_25deg_26,25.0000,0,0.259636,0.490359,-0.039671,0.069360,-0.100487,0.155684,0.116237,0.041987,0.237952,0.126577,0.171693,0.109072,,
1.3950,isaac,initial_pitch_release,isaac_rel_25deg_26,25.0000,0,0.266866,0.473208,-0.038020,0.158335,-0.098060,0.168822,0.171693,0.109072,0.209135,0.096687,0.123860,0.040676,,
1.4100,isaac,initial_pitch_release,isaac_rel_25deg_26,25.0000,0,0.274040,0.480601,-0.036282,0.090065,-0.095511,0.171976,0.123860,0.040676,0.246078,0.132527,0.185069,0.122631,,
1.4250,isaac,initial_pitch_release,isaac_rel_25deg_26,25.0000,0,0.281180,0.472685,-0.034664,0.135096,-0.092894,0.180382,0.185069,0.122631,0.220608,0.109224,0.142976,0.069418,,
1.4400,isaac,initial_pitch_release,isaac_rel_25deg_26,25.0000,0,0.288271,0.472785,-0.033051,0.095745,-0.090208,0.180322,0.142976,0.069418,0.240323,0.129226,0.175601,0.115112,,
1.4550,isaac,initial_pitch_release,isaac_rel_25deg_26,25.0000,0,0.295318,0.464736,-0.031526,0.118763,-0.087455,0.189038,0.175601,0.115112,0.228399,0.114612,0.155904,0.081748,,
1.4700,isaac,initial_pitch_release,isaac_rel_25deg_26,25.0000,0,-0.014076,0.461469,-0.029858,0.116646,-0.084528,0.202694,0.155904,0.081748,0.238883,0.118346,0.173228,0.090285,,
1.4850,isaac,initial_pitch_release,isaac_rel_25deg_26,25.0000,0,-0.006920,0.487338,-0.029681,-0.070487,-0.081991,0.138007,0.173228,0.090285,0.246453,0.189977,0.185685,0.252312,,
1.5000,isaac,initial_pitch_release,isaac_rel_25deg_26,25.0000,0,0.000377,0.483303,-0.030800,-0.070264,-0.080136,0.113194,0.185685,0.252312,0.219952,0.139580,0.141886,0.138673,,
1.5150,isaac,initial_pitch_release,isaac_rel_25deg_26,25.0000,0,0.007709,0.490627,-0.032527,-0.147040,-0.078659,0.086309,0.141886,0.138673,0.236912,0.157399,0.169977,0.179064,,
1.5300,isaac,initial_pitch_release,isaac_rel_25deg_26,25.0000,0,0.014969,0.476022,-0.034299,-0.084888,-0.077417,0.082176,0.169977,0.179064,0.210430,0.120788,0.126022,0.095862,,
1.5450,isaac,initial_pitch_release,isaac_rel_25deg_26,25.0000,0,-0.294275,0.470580,-0.035638,-0.084593,-0.076242,0.076495,0.126022,0.095862,0.222210,0.132759,0.145637,0.123158,,
1.5600,isaac,initial_pitch_release,isaac_rel_25deg_26,25.0000,0,-0.287240,0.465559,-0.036986,-0.086363,-0.074952,0.097572,0.145637,0.123158,0.235050,0.122166,0.166904,0.099008,,
1.5750,isaac,initial_pitch_release,isaac_rel_25deg_26,25.0000,0,-0.280305,0.457354,-0.038228,-0.071270,-0.073382,0.114554,0.166904,0.099008,0.226375,0.119493,0.152549,0.092905,,
1.5900,isaac,initial_pitch_release,isaac_rel_25deg_26,25.0000,0,-0.273583,0.438394,-0.038698,0.013345,-0.071536,0.134373,0.152549,0.092905,0.206591,0.102326,0.119607,0.053613,,
1.6050,isaac,initial_pitch_release,isaac_rel_25deg_26,25.0000,0,-0.267024,0.433127,-0.038649,0.002933,-0.069494,0.140850,0.119607,0.053613,0.220825,0.125302,0.143336,0.106166,,
1.6200,isaac,initial_pitch_release,isaac_rel_25deg_26,25.0000,0,-0.260593,0.422080,-0.038308,0.048955,-0.067305,0.154166,0.143336,0.106166,0.208512,0.110515,0.122818,0.072374,,
1.6350,isaac,initial_pitch_release,isaac_rel_25deg_26,25.0000,0,-0.254163,0.431325,-0.038393,-0.046167,-0.065033,0.150448,0.122818,0.072374,0.235179,0.144540,0.167117,0.149938,,
1.6500,isaac,initial_pitch_release,isaac_rel_25deg_26,25.0000,0,-0.247930,0.400235,-0.037789,0.125416,-0.062603,0.175391,0.167117,0.149938,0.178759,0.080360,0.072819,0.003141,,
1.6650,isaac,initial_pitch_release,isaac_rel_25deg_26,25.0000,0,-0.241813,0.412239,-0.036834,0.018950,-0.060042,0.167666,0.072819,0.003141,0.230496,0.145755,0.159375,0.152695,,
1.6800,isaac,initial_pitch_release,isaac_rel_25deg_26,25.0000,0,-0.235715,0.399301,-0.036201,0.070679,-0.057480,0.177939,0.159375,0.152695,0.198479,0.108169,0.106023,0.067004,,
1.6950,isaac,initial_pitch_release,isaac_rel_25deg_26,25.0000,0,-0.229596,0.412820,-0.036036,-0.033926,-0.054892,0.169760,0.106023,0.067004,0.229971,0.145364,0.158506,0.151808,,
1.7100,isaac,initial_pitch_release,isaac_rel_25deg_26,25.0000,0,-0.223480,0.401806,-0.036253,0.010909,-0.052299,0.178734,0.158506,0.151808,0.198625,0.109626,0.106266,0.070339,,
1.7250,isaac,initial_pitch_release,isaac_rel_25deg_26,25.0000,0,-0.217549,0.388215,-0.035651,0.075563,-0.049559,0.189653,0.106266,0.070339,0.190848,0.103381,0.093203,0.056033,,
1.7400,isaac,initial_pitch_release,isaac_rel_25deg_26,25.0000,0,-0.211733,0.385529,-0.034634,0.071528,-0.046738,0.190547,0.093203,0.056033,0.201423,0.119090,0.110958,0.091983,,
1.7550,isaac,initial_pitch_release,isaac_rel_25deg_26,25.0000,0,-0.205976,0.380398,-0.033532,0.085136,-0.043882,0.193318,0.110958,0.091983,0.196637,0.114211,0.102931,0.080831,,
1.7700,isaac,initial_pitch_release,isaac_rel_25deg_26,25.0000,0,-0.200225,0.384052,-0.032631,0.046760,-0.041030,0.189269,0.102931,0.080831,0.206670,0.126418,0.119739,0.108710,,
1.7850,isaac,initial_pitch_release,isaac_rel_25deg_26,25.0000,0,-0.194310,0.400869,-0.032954,-0.074334,-0.038343,0.171310,0.119739,0.108710,0.223611,0.148324,0.147963,0.158520,,
1.8000,isaac,initial_pitch_release,isaac_rel_25deg_26,25.0000,0,-0.188472,0.377593,-0.033070,0.059319,-0.035673,0.187633,0.147963,0.158520,0.172918,0.085264,0.062940,0.014426,,
1.8150,isaac,initial_pitch_release,isaac_rel_25deg_26,25.0000,0,-0.182624,0.397978,-0.033368,-0.082080,-0.033022,0.168276,0.062940,0.014426,0.225264,0.150739,0.150706,0.163993,,
1.8300,isaac,initial_pitch_release,isaac_rel_25deg_26,25.0000,0,-0.176851,0.371960,-0.033437,0.071942,-0.030410,0.183212,0.150706,0.163993,0.165051,0.080032,0.049600,0.002385,,
1.8450,isaac,initial_pitch_release,isaac_rel_25deg_26,25.0000,0,-0.171107,0.390193,-0.033422,-0.052693,-0.027826,0.164207,0.049600,0.002385,0.219008,0.144918,0.140314,0.150796,,
1.8600,isaac,initial_pitch_release,isaac_rel_25deg_26,25.0000,0,-0.165444,0.365543,-0.033120,0.093469,-0.025272,0.179899,0.140314,0.150796,0.164920,0.077805,0.049379,0.000000,,
1.8750,isaac,initial_pitch_release,isaac_rel_25deg_26,25.0000,0,-0.159895,0.371829,-0.032181,0.046409,-0.022645,0.172458,0.049379,0.000000,0.201684,0.123359,0.111395,0.101731,,
1.8900,isaac,initial_pitch_release,isaac_rel_25deg_26,25.0000,0,-0.154205,0.384481,-0.032218,-0.036075,-0.020174,0.159839,0.111395,0.101731,0.211079,0.132365,0.127104,0.122262,,
1.9050,isaac,initial_pitch_release,isaac_rel_25deg_26,25.0000,0,-0.148563,0.368258,-0.032110,0.055227,-0.017744,0.166981,0.127104,0.122262,0.175087,0.090638,0.066611,0.026781,,
1.9200,isaac,initial_pitch_release,isaac_rel_25deg_26,25.0000,0,-0.143016,0.369759,-0.031484,0.040244,-0.015308,0.160174,0.066611,0.026781,0.194784,0.114865,0.099820,0.082328,,
1.9350,isaac,initial_pitch_release,isaac_rel_25deg_26,25.0000,0,-0.137457,0.369556,-0.031018,0.032643,-0.012969,0.154961,0.099820,0.082328,0.194398,0.112450,0.099172,0.076802,,
1.9500,isaac,initial_pitch_release,isaac_rel_25deg_26,25.0000,0,-0.131717,0.391755,-0.031711,-0.107500,-0.010850,0.130362,0.099172,0.076802,0.222750,0.146630,0.146534,0.154678,,
1.9650,isaac,initial_pitch_release,isaac_rel_25deg_26,25.0000,0,-0.126028,0.367548,-0.032239,0.037799,-0.008859,0.137542,0.146534,0.154678,0.162670,0.075427,0.045558,0.000000,,
1.9800,isaac,initial_pitch_release,isaac_rel_25deg_26,25.0000,0,-0.120157,0.409623,-0.033872,-0.230182,-0.007104,0.096745,0.045558,0.000000,0.250038,0.177509,0.191567,0.224375,,
1.9950,isaac,initial_pitch_release,isaac_rel_25deg_26,25.0000,0,-0.114273,0.377696,-0.035799,-0.032139,-0.005791,0.078406,0.191567,0.224375,0.137493,0.040279,0.002616,0.000000,,
2.0100,isaac,initial_pitch_release,isaac_rel_25deg_26,25.0000,0,-0.108579,0.380812,-0.036616,-0.066421,-0.004588,0.082318,0.002616,0.000000,0.207472,0.112208,0.121081,0.076249,,
2.0250,isaac,initial_pitch_release,isaac_rel_25deg_26,25.0000,0,-0.103012,0.360532,-0.036823,0.040728,-0.003263,0.096005,0.121081,0.076249,0.174469,0.074997,0.065564,0.000000,,
2.0400,isaac,initial_pitch_release,isaac_rel_25deg_26,25.0000,0,-0.097517,0.368736,-0.036699,-0.011798,-0.001897,0.088006,0.065564,0.000000,0.205745,0.117341,0.118192,0.087988,,
2.0550,isaac,initial_pitch_release,isaac_rel_25deg_26,25.0000,0,-0.092003,0.365064,-0.036860,-0.001832,-0.000597,0.088375,0.118192,0.087988,0.194878,0.101650,0.099977,0.052064,,
2.0700,isaac,initial_pitch_release,isaac_rel_25deg_26,25.0000,0,-0.086665,0.346730,-0.036142,0.101604,0.000765,0.095952,0.099977,0.052064,0.173108,0.076985,0.063261,0.000000,,
2.0850,isaac,initial_pitch_release,isaac_rel_25deg_26,25.0000,0,-0.081404,0.352592,-0.035092,0.051824,0.002121,0.087053,0.063261,0.000000,0.205400,0.113991,0.117615,0.080329,,
2.1000,isaac,initial_pitch_release,isaac_rel_25deg_26,25.0000,0,-0.076165,0.345070,-0.034113,0.085990,0.003405,0.086137,0.117615,0.080329,0.188943,0.094865,0.089997,0.036493,,
2.1150,isaac,initial_pitch_release,isaac_rel_25deg_26,25.0000,0,-0.070908,0.353350,-0.033407,0.021758,0.004574,0.071956,0.089997,0.036493,0.209554,0.119816,0.124559,0.093642,,
2.1300,isaac,initial_pitch_release,isaac_rel_25deg_26,25.0000,0,-0.065757,0.333623,-0.032288,0.131458,0.005658,0.074356,0.124559,0.093642,0.172337,0.073079,0.061956,0.000000,,
2.1450,isaac,initial_pitch_release,isaac_rel_25deg_26,25.0000,0,-0.060610,0.349414,-0.031288,0.019120,0.006644,0.058645,0.061956,0.000000,0.221718,0.130048,0.144819,0.116984,,
2.1600,isaac,initial_pitch_release,isaac_rel_25deg_26,25.0000,0,-0.055521,0.329313,-0.030193,0.130646,0.007547,0.063415,0.144819,0.116984,0.174323,0.070435,0.065317,0.000000,,
2.1750,isaac,initial_pitch_release,isaac_rel_25deg_26,25.0000,0,-0.050477,0.340398,-0.028989,0.046637,0.008421,0.054274,0.065317,0.000000,0.218492,0.122729,0.139457,0.100293,,
2.1900,isaac,initial_pitch_release,isaac_rel_25deg_26,25.0000,0,-0.045544,0.317863,-0.027381,0.171497,0.009219,0.053343,0.139457,0.100293,0.167571,0.062883,0.053878,0.000000,,
2.2050,isaac,initial_pitch_release,isaac_rel_25deg_26,25.0000,0,-0.040479,0.352201,-0.026688,-0.055822,0.009872,0.034566,0.053878,0.000000,0.253448,0.157330,0.197154,0.178908,,
2.2200,isaac,initial_pitch_release,isaac_rel_25deg_26,25.0000,0,-0.035401,0.325599,-0.026393,0.095332,0.010347,0.030810,0.197154,0.178908,0.161959,0.052391,0.044349,0.000000,,
2.2350,isaac,initial_pitch_release,isaac_rel_25deg_26,25.0000,0,-0.030164,0.365419,-0.027181,-0.176442,0.010675,0.012114,0.044349,0.000000,0.267427,0.169680,0.219957,0.206771,,
2.2500,isaac,initial_pitch_release,isaac_rel_25deg_26,25.0000,0,-0.024948,0.330369,-0.028208,0.033575,0.010678,-0.011558,0.219957,0.206771,0.113913,-0.008896,0.000000,0.000000,,
2.2650,isaac,initial_pitch_release,isaac_rel_25deg_26,25.0000,0,-0.020020,0.325454,-0.027715,0.042949,0.010726,0.018307,0.000000,0.000000,0.212812,0.094388,0.129996,0.035397,,
2.2800,isaac,initial_pitch_release,isaac_rel_25deg_26,25.0000,0,-0.015126,0.325257,-0.027279,0.026839,0.011106,0.032910,0.129996,0.035397,0.212387,0.105505,0.129286,0.060901,,
2.2950,isaac,initial_pitch_release,isaac_rel_25deg_26,25.0000,0,-0.010347,0.311389,-0.026453,0.090268,0.011737,0.052040,0.129286,0.060901,0.192758,0.087566,0.096416,0.019721,,
2.3100,isaac,initial_pitch_release,isaac_rel_25deg_26,25.0000,0,-0.005702,0.306657,-0.025090,0.101046,0.012602,0.063251,0.096416,0.019721,0.201644,0.100714,0.111328,0.049916,,
2.3250,isaac,initial_pitch_release,isaac_rel_25deg_26,25.0000,0,-0.001077,0.307904,-0.023879,0.072650,0.013578,0.067873,0.111328,0.049916,0.208795,0.111865,0.123291,0.075463,,
2.3400,isaac,initial_pitch_release,isaac_rel_25deg_26,25.0000,0,0.003464,0.296746,-0.022457,0.124452,0.014691,0.081345,0.123291,0.075463,0.192119,0.092933,0.095341,0.032056,,
2.3550,isaac,initial_pitch_release,isaac_rel_25deg_26,25.0000,0,0.007891,0.292095,-0.020605,0.133004,0.015951,0.086465,0.095341,0.032056,0.197929,0.104859,0.105099,0.059421,,
2.3700,isaac,initial_pitch_release,isaac_rel_25deg_26,25.0000,0,0.012274,0.290584,-0.018744,0.126534,0.017277,0.090060,0.105099,0.059421,0.201030,0.109284,0.110300,0.069555,,
2.3850,isaac,initial_pitch_release,isaac_rel_25deg_26,25.0000,0,0.016652,0.291409,-0.017112,0.103134,0.018633,0.090916,0.110300,0.069555,0.203846,0.115080,0.115015,0.082819,,
2.4000,isaac,initial_pitch_release,isaac_rel_25deg_26,25.0000,0,0.021029,0.290531,-0.015719,0.092986,0.020013,0.094112,0.115015,0.082819,0.201784,0.112821,0.111562,0.077651,,
2.4150,isaac,initial_pitch_release,isaac_rel_25deg_26,25.0000,0,0.025446,0.295956,-0.014795,0.042155,0.021411,0.093638,0.111562,0.077651,0.210876,0.123753,0.126766,0.102631,,
2.4300,isaac,initial_pitch_release,isaac_rel_25deg_26,25.0000,0,0.029891,0.294878,-0.014281,0.035211,0.022822,0.097251,0.126766,0.102631,0.201699,0.114690,0.111421,0.081927,,
2.4450,isaac,initial_pitch_release,isaac_rel_25deg_26,25.0000,0,0.034251,0.285513,-0.013483,0.077751,0.024346,0.108281,0.111421,0.081927,0.191998,0.101771,0.095138,0.052340,,
2.4600,isaac,initial_pitch_release,isaac_rel_25deg_26,25.0000,0,0.038539,0.284689,-0.012462,0.068423,0.025970,0.109786,0.095138,0.052340,0.198383,0.115938,0.105862,0.084780,,
2.4750,isaac,initial_pitch_release,isaac_rel_25deg_26,25.0000,0,0.042825,0.284897,-0.011625,0.052627,0.027613,0.111237,0.105862,0.084780,0.200008,0.118079,0.108586,0.089674,,
2.4900,isaac,initial_pitch_release,isaac_rel_25deg_26,25.0000,0,0.047146,0.289197,-0.011205,0.013950,0.029249,0.109454,0.108586,0.089674,0.204143,0.124935,0.115512,0.105328,,
2.5050,isaac,initial_pitch_release,isaac_rel_25deg_26,25.0000,0,0.051258,0.260264,-0.009734,0.180970,0.030945,0.118150,0.115512,0.105328,0.154101,0.067260,0.030979,0.000000,,
2.5200,isaac,initial_pitch_release,isaac_rel_25deg_26,25.0000,0,0.055537,0.304507,-0.009363,-0.106506,0.032533,0.095384,0.030979,0.000000,0.255634,0.183924,0.200731,0.238766,,
2.5350,isaac,initial_pitch_release,isaac_rel_25deg_26,25.0000,0,0.059845,0.271027,-0.009458,0.089118,0.033959,0.098441,0.200731,0.238766,0.145286,0.066978,0.015942,0.000000,,
2.5500,isaac,initial_pitch_release,isaac_rel_25deg_26,25.0000,0,0.063977,0.277352,-0.008575,0.041248,0.035486,0.106894,0.015942,0.000000,0.207024,0.122992,0.120332,0.100893,,
2.5650,isaac,initial_pitch_release,isaac_rel_25deg_26,25.0000,0,0.068126,0.273289,-0.007964,0.048683,0.037124,0.113565,0.120332,0.100893,0.191571,0.113751,0.094419,0.079780,,
2.5800,isaac,initial_pitch_release,isaac_rel_25deg_26,25.0000,0,0.072198,0.267519,-0.007028,0.082956,0.038868,0.120881,0.094419,0.079780,0.184240,0.107205,0.082073,0.064794,,
2.5950,isaac,initial_pitch_release,isaac_rel_25deg_26,25.0000,0,0.076220,0.267123,-0.005900,0.076582,0.040696,0.124132,0.082073,0.064794,0.191474,0.116968,0.094255,0.087134,,
2.6100,isaac,initial_pitch_release,isaac_rel_25deg_26,25.0000,0,0.080207,0.263155,-0.004683,0.093158,0.042577,0.128717,0.094255,0.087134,0.185643,0.112039,0.084437,0.075863,,
2.6250,isaac,initial_pitch_release,isaac_rel_25deg_26,25.0000,0,0.084276,0.276366,-0.004042,0.005709,0.044416,0.118769,0.084437,0.075863,0.205522,0.139348,0.117819,0.138147,,
2.6400,isaac,initial_pitch_release,isaac_rel_25deg_26,25.0000,0,0.088536,0.289108,-0.004664,-0.076934,0.046082,0.107165,0.117819,0.138147,0.205209,0.140728,0.117296,0.141282,,
2.6550,isaac,initial_pitch_release,isaac_rel_25deg_26,25.0000,0,0.092770,0.275324,-0.005241,0.002009,0.047720,0.114124,0.117296,0.141282,0.171352,0.101888,0.060287,0.052609,,
2.6700,isaac,initial_pitch_release,isaac_rel_25deg_26,25.0000,0,0.096929,0.277511,-0.005409,-0.015442,0.049415,0.114230,0.060287,0.052609,0.191512,0.121840,0.094320,0.098264,,
2.6850,isaac,initial_pitch_release,isaac_rel_25deg_26,25.0000,0,0.101075,0.274310,-0.005572,0.001393,0.051130,0.117234,0.094320,0.098264,0.182237,0.114431,0.078692,0.081334,,
2.7000,isaac,initial_pitch_release,isaac_rel_25deg_26,25.0000,0,0.105046,0.255497,-0.004738,0.112438,0.052955,0.128596,0.078692,0.081334,0.160754,0.090215,0.042302,0.025811,,
2.7150,isaac,initial_pitch_release,isaac_rel_25deg_26,25.0000,0,0.108951,0.262366,-0.003489,0.066581,0.054859,0.128593,0.042302,0.025811,0.193351,0.125326,0.097412,0.106218,,
2.7300,isaac,initial_pitch_release,isaac_rel_25deg_26,25.0000,0,0.112923,0.265304,-0.002707,0.048564,0.056726,0.122371,0.097412,0.106218,0.184714,0.122595,0.082871,0.099988,,
2.7450,isaac,initial_pitch_release,isaac_rel_25deg_26,25.0000,0,0.116937,0.268162,-0.002199,0.029768,0.058532,0.120459,0.082871,0.099988,0.186585,0.121790,0.086025,0.098150,,
2.7600,isaac,initial_pitch_release,isaac_rel_25deg_26,25.0000,0,0.121075,0.280778,-0.002441,-0.049407,0.060239,0.109354,0.086025,0.098150,0.199352,0.137550,0.107487,0.134059,,
2.7750,isaac,initial_pitch_release,isaac_rel_25deg_26,25.0000,0,0.125300,0.281503,-0.003240,-0.050263,0.061798,0.101815,0.107487,0.134059,0.181431,0.121335,0.077332,0.097111,,
2.7900,isaac,initial_pitch_release,isaac_rel_25deg_26,25.0000,0,0.129485,0.276422,-0.003800,-0.018877,0.063360,0.108239,0.077332,0.097111,0.180499,0.107976,0.075760,0.066562,,
2.8050,isaac,initial_pitch_release,isaac_rel_25deg_26,25.0000,0,0.133599,0.271320,-0.003901,0.012050,0.065042,0.117890,0.075760,0.066562,0.179840,0.106251,0.074646,0.062609,,
2.8200,isaac,initial_pitch_release,isaac_rel_25deg_26,25.0000,0,0.137638,0.266338,-0.003529,0.044460,0.066824,0.122186,0.074646,0.062609,0.176916,0.105807,0.069705,0.061592,,
2.8350,isaac,initial_pitch_release,isaac_rel_25deg_26,25.0000,0,0.141704,0.273435,-0.003279,0.000670,0.068626,0.120973,0.069705,0.061592,0.194035,0.123085,0.098562,0.101107,,
2.8500,isaac,initial_pitch_release,isaac_rel_25deg_26,25.0000,0,0.145851,0.277503,-0.003505,-0.020911,0.070386,0.116031,0.098562,0.101107,0.187608,0.120169,0.087749,0.094449,,
2.8650,isaac,initial_pitch_release,isaac_rel_25deg_26,25.0000,0,0.150068,0.282870,-0.004125,-0.052118,0.072058,0.109808,0.087749,0.094449,0.190486,0.122325,0.092594,0.099372,,
2.8800,isaac,initial_pitch_release,isaac_rel_25deg_26,25.0000,0,0.154275,0.277284,-0.004664,-0.013468,0.073725,0.114219,0.092594,0.099372,0.178498,0.103767,0.072379,0.056916,,
2.8950,isaac,initial_pitch_release,isaac_rel_25deg_26,25.0000,0,0.158548,0.289651,-0.005538,-0.089903,0.075409,0.111938,0.072379,0.056916,0.206302,0.127334,0.119125,0.110799,,
2.9100,isaac,initial_pitch_release,isaac_rel_25deg_26,25.0000,0,0.162704,0.264578,-0.005714,0.066587,0.077116,0.118596,0.119125,0.110799,0.147383,0.075787,0.019523,0.000000,,
2.9250,isaac,initial_pitch_release,isaac_rel_25deg_26,25.0000,0,0.166822,0.281387,-0.005553,-0.028746,0.078912,0.122855,0.019523,0.000000,0.213564,0.125476,0.131250,0.106561,,
2.9400,isaac,initial_pitch_release,isaac_rel_25deg_26,25.0000,0,0.170923,0.266337,-0.005303,0.067011,0.080700,0.118926,0.131250,0.106561,0.157781,0.092951,0.037244,0.032097,,
2.9550,isaac,initial_pitch_release,isaac_rel_25deg_26,25.0000,0,0.175077,0.285958,-0.005275,-0.046165,0.082473,0.120500,0.037244,0.032097,0.218641,0.129347,0.139705,0.115386,,
2.9700,isaac,initial_pitch_release,isaac_rel_25deg_26,25.0000,0,0.179159,0.260635,-0.004830,0.106716,0.084257,0.120733,0.139705,0.115386,0.146554,0.074716,0.018107,0.000000,,
2.9850,isaac,initial_pitch_release,isaac_rel_25deg_26,25.0000,0,0.183284,0.285741,-0.004519,-0.045669,0.086080,0.124816,0.018107,0.000000,0.232077,0.134421,0.161990,0.126941,,
3.0000,isaac,initial_pitch_release,isaac_rel_25deg_26,25.0000,0,0.187458,0.271147,-0.004530,0.048166,0.087919,0.123445,0.161990,0.126941,0.164383,0.090616,0.048468,0.026732,,
3.0150,isaac,initial_pitch_release,isaac_rel_25deg_26,25.0000,0,0.191658,0.285883,-0.004591,-0.040127,0.089713,0.118828,0.048468,0.026732,0.212804,0.125703,0.129982,0.107078,,
3.0300,isaac,initial_pitch_release,isaac_rel_25deg_26,25.0000,0,0.195931,0.282694,-0.005082,-0.016951,0.091444,0.114888,0.129982,0.107078,0.184903,0.103992,0.083190,0.057434,,
3.0450,isaac,initial_pitch_release,isaac_rel_25deg_26,25.0000,0,0.200074,0.269509,-0.004745,0.067268,0.093232,0.126758,0.083190,0.057434,0.176387,0.084520,0.068810,0.012715,,
3.0600,isaac,initial_pitch_release,isaac_rel_25deg_26,25.0000,0,0.204209,0.279362,-0.004279,0.008614,0.095139,0.130231,0.068810,0.012715,0.211450,0.113995,0.127724,0.080337,,
3.0750,isaac,initial_pitch_release,isaac_rel_25deg_26,25.0000,0,0.208350,0.272024,-0.003835,0.057475,0.097067,0.129766,0.127724,0.080337,0.182404,0.094819,0.078976,0.036386,,
3.0900,isaac,initial_pitch_release,isaac_rel_25deg_26,25.0000,0,0.212460,0.274264,-0.003144,0.045808,0.098986,0.128925,0.078976,0.036386,0.199327,0.105583,0.107445,0.061080,,
3.1050,isaac,initial_pitch_release,isaac_rel_25deg_26,25.0000,0,0.216714,0.289784,-0.003275,-0.048405,0.100828,0.118933,0.107445,0.061080,0.220604,0.125438,0.142969,0.106475,,
3.1200,isaac,initial_pitch_release,isaac_rel_25deg_26,25.0000,0,0.220923,0.271502,-0.003141,0.069319,0.102628,0.123421,0.142969,0.106475,0.171777,0.074281,0.061008,0.000000,,
3.1350,isaac,initial_pitch_release,isaac_rel_25deg_26,25.0000,0,0.225147,0.288670,-0.003007,-0.034862,0.104439,0.120971,0.061008,0.000000,0.228734,0.123158,0.156457,0.101272,,
3.1500,isaac,initial_pitch_release,isaac_rel_25deg_26,25.0000,0,0.229309,0.266950,-0.002531,0.100096,0.106167,0.112646,0.156457,0.101272,0.162467,0.062770,0.045212,0.000000,,
3.1650,isaac,initial_pitch_release,isaac_rel_25deg_26,25.0000,0,0.233494,0.286953,-0.002102,-0.025649,0.107883,0.117522,0.045212,0.000000,0.241664,0.122999,0.177810,0.100911,,
3.1800,isaac,initial_pitch_release,isaac_rel_25deg_26,25.0000,0,0.237636,0.265251,-0.001452,0.114100,0.109548,0.106044,0.177810,0.100911,0.161581,0.058126,0.043707,0.000000,,
3.1950,isaac,initial_pitch_release,isaac_rel_25deg_26,25.0000,0,0.241822,0.289116,-0.000976,-0.031928,0.111174,0.112736,0.043707,0.000000,0.250230,0.126182,0.191882,0.108172,,
3.2100,isaac,initial_pitch_release,isaac_rel_25deg_26,25.0000,0,0.246129,0.284077,-0.001255,0.001190,0.112891,0.117006,0.191882,0.108172,0.204032,0.093487,0.115327,0.033329,,
3.2250,isaac,initial_pitch_release,isaac_rel_25deg_26,25.0000,0,0.250482,0.293352,-0.001777,-0.058677,0.114679,0.121897,0.115327,0.033329,0.230525,0.110947,0.159423,0.073363,,
3.2400,isaac,initial_pitch_release,isaac_rel_25deg_26,25.0000,0,0.254829,0.284906,-0.002279,-0.003905,0.116537,0.126463,0.159423,0.073363,0.199536,0.089048,0.107795,0.023128,,
3.2550,isaac,initial_pitch_release,isaac_rel_25deg_26,25.0000,0,0.259156,0.289851,-0.002643,-0.034899,0.118413,0.124627,0.107795,0.023128,0.220342,0.107093,0.142533,0.064539,,
3.2700,isaac,initial_pitch_release,isaac_rel_25deg_26,25.0000,0,0.263446,0.281385,-0.002823,0.016027,0.120318,0.131038,0.142533,0.064539,0.202495,0.087727,0.112753,0.020091,,
3.2850,isaac,initial_pitch_release,isaac_rel_25deg_26,25.0000,0,0.267717,0.285989,-0.002885,-0.015029,0.122327,0.137364,0.112753,0.020091,0.224495,0.103308,0.149430,0.055865,,
3.3000,isaac,initial_pitch_release,isaac_rel_25deg_26,25.0000,0,0.271990,0.282377,-0.002999,0.006348,0.124405,0.140728,0.149430,0.055865,0.210427,0.094172,0.126016,0.034901,,
3.3150,isaac,initial_pitch_release,isaac_rel_25deg_26,25.0000,0,0.276124,0.268689,-0.002326,0.087654,0.126572,0.150785,0.126016,0.034901,0.196212,0.076472,0.102219,0.000000,,
3.3300,isaac,initial_pitch_release,isaac_rel_25deg_26,25.0000,0,0.280173,0.269375,-0.001137,0.080544,0.128869,0.156680,0.102219,0.000000,0.217462,0.097001,0.137743,0.041397,,
3.3450,isaac,initial_pitch_release,isaac_rel_25deg_26,25.0000,0,0.284251,0.272015,-0.000158,0.059694,0.131254,0.162731,0.137743,0.041397,0.221504,0.101286,0.144465,0.051228,,
3.3600,isaac,initial_pitch_release,isaac_rel_25deg_26,25.0000,0,0.288284,0.264520,0.001045,0.106293,0.133719,0.167286,0.144465,0.051228,0.203445,0.088594,0.114344,0.022084,,
3.3750,isaac,initial_pitch_release,isaac_rel_25deg_26,25.0000,0,0.292295,0.268610,0.002386,0.083190,0.136260,0.173240,0.114344,0.022084,0.222293,0.103020,0.145775,0.055203,,
3.3900,isaac,initial_pitch_release,isaac_rel_25deg_26,25.0000,0,-0.019985,0.273403,0.003297,0.049534,0.138880,0.178006,0.145775,0.055203,0.225422,0.106722,0.150969,0.063690,,
3.4050,isaac,initial_pitch_release,isaac_rel_25deg_26,25.0000,0,-0.015556,0.311317,0.002104,-0.186830,0.140476,0.038633,0.150969,0.063690,0.200347,0.211711,0.109155,0.300690,,
3.4200,isaac,initial_pitch_release,isaac_rel_25deg_26,25.0000,0,-0.011099,0.283456,0.000654,-0.011347,0.140918,0.024574,0.109155,0.300690,0.157364,0.082763,0.036535,0.008671,,
3.4350,isaac,initial_pitch_release,isaac_rel_25deg_26,25.0000,0,-0.006549,0.318125,-0.001293,-0.228578,0.140964,-0.016324,0.036535,0.008671,0.241393,0.173702,0.177363,0.215821,,
3.4500,isaac,initial_pitch_release,isaac_rel_25deg_26,25.0000,0,-0.002065,0.281782,-0.003001,-0.005832,0.140537,-0.038333,0.177363,0.215821,0.133732,0.041297,0.000000,0.000000,,
3.4650,isaac,initial_pitch_release,isaac_rel_25deg_26,25.0000,0,0.002440,0.314321,-0.004790,-0.212651,0.139845,-0.053048,0.000000,0.000000,0.247319,0.162196,0.187106,0.189899,,
3.4800,isaac,initial_pitch_release,isaac_rel_25deg_26,25.0000,0,0.006983,0.292055,-0.006979,-0.080470,0.139196,-0.031815,0.187106,0.189899,0.178284,0.081462,0.072017,0.005677,,
3.4950,isaac,initial_pitch_release,isaac_rel_25deg_26,25.0000,0,0.011368,0.290995,-0.008267,-0.083902,0.138759,-0.025615,0.072017,0.005677,0.201226,0.112236,0.110627,0.076313,,
3.5100,isaac,initial_pitch_release,isaac_rel_25deg_26,25.0000,0,0.015726,0.288750,-0.009519,-0.077071,0.138441,-0.015978,0.110627,0.076313,0.199395,0.108944,0.107558,0.068778,,
3.5250,isaac,initial_pitch_release,isaac_rel_25deg_26,25.0000,0,-0.296326,0.284134,-0.010582,-0.059651,0.138244,-0.009152,0.107558,0.068778,0.193320,0.107343,0.097361,0.065112,,
3.5400,isaac,initial_pitch_release,isaac_rel_25deg_26,25.0000,0,-0.292120,0.276025,-0.011191,-0.018051,0.138216,0.006206,0.097361,0.065112,0.189848,0.098630,0.091520,0.045135,,
3.5550,isaac,initial_pitch_release,isaac_rel_25deg_26,25.0000,0,-0.288147,0.254942,-0.010559,0.105124,0.138455,0.026078,0.091520,0.045135,0.167823,0.077831,0.054305,0.000000,,
3.5700,isaac,initial_pitch_release,isaac_rel_25deg_26,25.0000,0,-0.284100,0.281251,-0.010448,-0.071242,0.138747,0.014014,0.054305,0.000000,0.227231,0.152905,0.153968,0.168897,,
3.5850,isaac,initial_pitch_release,isaac_rel_25deg_26,25.0000,0,-0.280067,0.257127,-0.010474,0.067474,0.139061,0.030824,0.153968,0.168897,0.162343,0.069713,0.045001,0.000000,,
3.6000,isaac,initial_pitch_release,isaac_rel_25deg_26,25.0000,0,-0.276178,0.259600,-0.009733,0.043444,0.139561,0.036437,0.045001,0.000000,0.194382,0.115204,0.099144,0.083101,,
3.6150,isaac,initial_pitch_release,isaac_rel_25deg_26,25.0000,0,-0.272427,0.240639,-0.008307,0.150745,0.140256,0.056418,0.099144,0.083101,0.167315,0.083088,0.053444,0.009420,,
3.6300,isaac,initial_pitch_release,isaac_rel_25deg_26,25.0000,0,-0.268651,0.259565,-0.007117,0.026428,0.141044,0.048606,0.053444,0.009420,0.211256,0.141221,0.127400,0.142403,,
3.6450,isaac,initial_pitch_release,isaac_rel_25deg_26,25.0000,0,-0.264897,0.242232,-0.005953,0.132111,0.141907,0.067797,0.127400,0.142403,0.166898,0.085486,0.052735,0.014936,,
3.6600,isaac,initial_pitch_release,isaac_rel_25deg_26,25.0000,0,-0.261181,0.251854,-0.004622,0.059713,0.142893,0.063972,0.052735,0.014936,0.199399,0.130294,0.107565,0.117543,,
3.6750,isaac,initial_pitch_release,isaac_rel_25deg_26,25.0000,0,-0.257441,0.245948,-0.003556,0.089665,0.143902,0.071551,0.107565,0.117543,0.179841,0.106138,0.074648,0.062351,,
3.6900,isaac,initial_pitch_release,isaac_rel_25deg_26,25.0000,0,-0.253813,0.237137,-0.001879,0.140390,0.145032,0.079063,0.074648,0.062351,0.173008,0.102398,0.063092,0.053778,,
3.7050,isaac,initial_pitch_release,isaac_rel_25deg_26,25.0000,0,-0.250178,0.245168,-0.000291,0.084496,0.146183,0.075446,0.063092,0.053778,0.193962,0.128481,0.098439,0.113412,,
3.7200,isaac,initial_pitch_release,isaac_rel_25deg_26,25.0000,0,-0.246441,0.250884,0.000619,0.047908,0.147302,0.075439,0.098439,0.113412,0.192932,0.125027,0.096707,0.105536,,
3.7350,isaac,initial_pitch_release,isaac_rel_25deg_26,25.0000,0,-0.242750,0.240673,0.001739,0.107339,0.148455,0.080394,0.096707,0.105536,0.169525,0.104431,0.057192,0.058440,,
3.7500,isaac,initial_pitch_release,isaac_rel_25deg_26,25.0000,0,-0.238925,0.265321,0.002067,-0.046155,0.149527,0.064727,0.057192,0.058440,0.215138,0.156129,0.133872,0.176192,,
3.7650,isaac,initial_pitch_release,isaac_rel_25deg_26,25.0000,0,-0.235027,0.254143,0.001872,0.023016,0.150535,0.072438,0.133872,0.176192,0.170929,0.103851,0.059570,0.057110,,
3.7800,isaac,initial_pitch_release,isaac_rel_25deg_26,25.0000,0,-0.230977,0.281746,0.000785,-0.151004,0.151462,0.053623,0.059570,0.057110,0.219771,0.163705,0.141584,0.193305,,
3.7950,isaac,initial_pitch_release,isaac_rel_25deg_26,25.0000,0,-0.226996,0.250257,0.000012,0.041969,0.152343,0.066233,0.141584,0.193305,0.140100,0.067461,0.007078,0.000000,,
3.8100,isaac,initial_pitch_release,isaac_rel_25deg_26,25.0000,0,-0.222999,0.278321,-0.000796,-0.132959,0.153210,0.050631,0.007078,0.000000,0.219314,0.161545,0.140823,0.188429,,
3.8250,isaac,initial_pitch_release,isaac_rel_25deg_26,25.0000,0,-0.219033,0.251402,-0.001521,0.032624,0.154129,0.074585,0.140823,0.188429,0.151767,0.079101,0.027002,0.000243,,
3.8400,isaac,initial_pitch_release,isaac_rel_25deg_26,25.0000,0,-0.215081,0.272096,-0.002120,-0.096918,0.155095,0.055988,0.027002,0.000243,0.204693,0.152056,0.116433,0.166975,,
3.8550,isaac,initial_pitch_release,isaac_rel_25deg_26,25.0000,0,-0.211186,0.247726,-0.002455,0.051177,0.156064,0.076232,0.116433,0.166975,0.151495,0.082935,0.026538,0.009068,,
3.8700,isaac,initial_pitch_release,isaac_rel_25deg_26,25.0000,0,-0.207391,0.256020,-0.002159,0.001133,0.157115,0.067137,0.026538,0.009068,0.186090,0.130880,0.085191,0.118879,,
3.8850,isaac,initial_pitch_release,isaac_rel_25deg_26,25.0000,0,-0.203610,0.247681,-0.001820,0.049996,0.158167,0.077094,0.085191,0.118879,0.169829,0.104626,0.057707,0.058887,,
3.9000,isaac,initial_pitch_release,isaac_rel_25deg_26,25.0000,0,-0.199741,0.265273,-0.001999,-0.058952,0.159184,0.061144,0.057707,0.058887,0.199189,0.145257,0.107213,0.151564,,
3.9150,isaac,initial_pitch_release,isaac_rel_25deg_26,25.0000,0,-0.195840,0.254497,-0.002416,0.007056,0.160143,0.069306,0.107213,0.151564,0.166958,0.101701,0.052838,0.052179,,
3.9300,isaac,initial_pitch_release,isaac_rel_25deg_26,25.0000,0,-0.191929,0.264261,-0.002870,-0.056571,0.161100,0.060442,0.052838,0.052179,0.190917,0.133119,0.093319,0.123979,,
3.9450,isaac,initial_pitch_release,isaac_rel_25deg_26,25.0000,0,-0.188026,0.253961,-0.003311,0.001404,0.162031,0.066631,0.093319,0.123979,0.166703,0.103938,0.052405,0.057310,,
3.9600,isaac,initial_pitch_release,isaac_rel_25deg_26,25.0000,0,-0.184197,0.253887,-0.003298,0.008694,0.163001,0.065345,0.052405,0.057310,0.174853,0.115075,0.066215,0.082807,,
3.9750,isaac,initial_pitch_release,isaac_rel_25deg_26,25.0000,0,-0.180410,0.250164,-0.003040,0.033463,0.163947,0.063571,0.066215,0.082807,0.170717,0.110765,0.059211,0.072946,,
3.9900,isaac,initial_pitch_release,isaac_rel_25deg_26,25.0000,0,-0.176476,0.270927,-0.003634,-0.097336,0.164746,0.044576,0.059211,0.072946,0.203424,0.148746,0.114310,0.159477,,
4.0050,isaac,initial_pitch_release,isaac_rel_25deg_26,25.0000,0,-0.172630,0.242802,-0.003758,0.078679,0.165461,0.052193,0.114310,0.159477,0.128895,0.056799,0.000000,0.000000,,
4.0200,isaac,initial_pitch_release,isaac_rel_25deg_26,25.0000,0,-0.168670,0.280242,-0.004492,-0.154165,0.166034,0.025863,0.000000,0.000000,0.227001,0.170220,0.153587,0.207987,,
4.0350,isaac,initial_pitch_release,isaac_rel_25deg_26,25.0000,0,-0.164682,0.253052,-0.005493,0.016483,0.166494,0.036748,0.153587,0.207987,0.140440,0.067694,0.007659,0.000000,,
4.0500,isaac,initial_pitch_release,isaac_rel_25deg_26,25.0000,0,-0.160756,0.267828,-0.006044,-0.076882,0.166967,0.027339,0.007659,0.000000,0.198893,0.134667,0.106717,0.127501,,
4.0650,isaac,initial_pitch_release,isaac_rel_25deg_26,25.0000,0,-0.156748,0.265499,-0.007124,-0.062279,0.167386,0.028444,0.106717,0.127501,0.177417,0.110037,0.070551,0.071280,,
4.0800,isaac,initial_pitch_release,isaac_rel_25deg_26,25.0000,0,-0.152810,0.257860,-0.007792,-0.022552,0.167846,0.034305,0.070551,0.071280,0.171741,0.102431,0.060945,0.053854,,
4.0950,isaac,initial_pitch_release,isaac_rel_25deg_26,25.0000,0,-0.149035,0.244555,-0.007503,0.065646,0.168392,0.041684,0.060945,0.053854,0.158659,0.089835,0.038739,0.024936,,
4.1100,isaac,initial_pitch_release,isaac_rel_25deg_26,25.0000,0,-0.145133,0.271801,-0.007940,-0.106032,0.168828,0.017435,0.038739,0.024936,0.213325,0.152332,0.130850,0.167600,,
4.1250,isaac,initial_pitch_release,isaac_rel_25deg_26,25.0000,0,-0.141188,0.254515,-0.008717,0.002022,0.169167,0.028798,0.130850,0.167600,0.158549,0.085212,0.038551,0.014307,,
4.1400,isaac,initial_pitch_release,isaac_rel_25deg_26,25.0000,0,-0.137381,0.250234,-0.008660,0.014539,0.169564,0.026987,0.038551,0.014307,0.174827,0.106821,0.066170,0.063915,,
4.1550,isaac,initial_pitch_release,isaac_rel_25deg_26,25.0000,0,-0.133720,0.236248,-0.007752,0.111785,0.170005,0.034974,0.066170,0.063915,0.157286,0.084463,0.036403,0.012583,,
4.1700,isaac,initial_pitch_release,isaac_rel_25deg_26,25.0000,0,-0.129807,0.279514,-0.008302,-0.161534,0.170225,-0.005293,0.036403,0.012583,0.235498,0.175550,0.167643,0.219976,,
4.1850,isaac,initial_pitch_release,isaac_rel_25deg_26,25.0000,0,-0.125823,0.252704,-0.009420,0.007084,0.170109,-0.011350,0.167643,0.219976,0.121952,0.035713,0.000000,0.000000,,
4.2000,isaac,initial_pitch_release,isaac_rel_25deg_26,25.0000,0,-0.121893,0.268284,-0.010158,-0.094381,0.169906,-0.017997,0.000000,0.000000,0.207269,0.128105,0.120742,0.112556,,
4.2150,isaac,initial_pitch_release,isaac_rel_25deg_26,25.0000,0,-0.117985,0.252836,-0.010842,0.001758,0.169757,-0.003614,0.120742,0.112556,0.165691,0.082127,0.050688,0.007208,,
4.2300,isaac,initial_pitch_release,isaac_rel_25deg_26,25.0000,0,-0.114133,0.257318,-0.011185,-0.038810,0.169663,-0.009912,0.050688,0.007208,0.191347,0.114534,0.094043,0.081569,,
4.2450,isaac,initial_pitch_release,isaac_rel_25deg_26,25.0000,0,-0.110375,0.242554,-0.011054,0.058995,0.169585,-0.000449,0.094043,0.081569,0.162444,0.080123,0.045174,0.002595,,
4.2600,isaac,initial_pitch_release,isaac_rel_25deg_26,25.0000,0,-0.106704,0.245309,-0.010413,0.037726,0.169530,-0.006471,0.045174,0.002595,0.185934,0.107551,0.084929,0.065587,,
4.2750,isaac,initial_pitch_release,isaac_rel_25deg_26,25.0000,0,-0.103081,0.237290,-0.009540,0.085734,0.169450,-0.003565,0.084929,0.065587,0.173127,0.090450,0.063293,0.026350,,
4.2900,isaac,initial_pitch_release,isaac_rel_25deg_26,25.0000,0,-0.099380,0.253332,-0.009142,-0.017431,0.169268,-0.021514,0.063293,0.026350,0.204668,0.127356,0.116391,0.110848,,
4.3050,isaac,initial_pitch_release,isaac_rel_25deg_26,25.0000,0,-0.095712,0.236177,-0.008634,0.087971,0.168988,-0.016665,0.116391,0.110848,0.161258,0.071332,0.043158,0.000000,,
4.3200,isaac,initial_pitch_release,isaac_rel_25deg_26,25.0000,0,-0.092101,0.242994,-0.007771,0.040663,0.168668,-0.026616,0.043158,0.000000,0.194557,0.112569,0.099439,0.077076,,
4.3350,isaac,initial_pitch_release,isaac_rel_25deg_26,25.0000,0,-0.088472,0.239653,-0.007067,0.061716,0.168296,-0.024025,0.099439,0.077076,0.183762,0.095149,0.081265,0.037144,,
4.3500,isaac,initial_pitch_release,isaac_rel_25deg_26,25.0000,0,-0.084864,0.239863,-0.006247,0.057859,0.167908,-0.027982,0.081265,0.037144,0.187862,0.102013,0.088177,0.052894,,
4.3650,isaac,initial_pitch_release,isaac_rel_25deg_26,25.0000,0,-0.081171,0.250210,-0.005958,-0.007172,0.167416,-0.039734,0.088177,0.052894,0.202043,0.117485,0.111996,0.088317,,
4.3800,isaac,initial_pitch_release,isaac_rel_25deg_26,25.0000,0,-0.077531,0.235147,-0.005404,0.083876,0.166900,-0.030534,0.111996,0.088317,0.171899,0.078010,0.061213,0.000000,,
4.3950,isaac,initial_pitch_release,isaac_rel_25deg_26,25.0000,0,-0.073766,0.262734,-0.005560,-0.087099,0.166256,-0.057151,0.061213,0.000000,0.224417,0.144561,0.149302,0.149986,,
4.4100,isaac,initial_pitch_release,isaac_rel_25deg_26,25.0000,0,-0.070002,0.239657,-0.005810,0.051983,0.165341,-0.066528,0.149302,0.149986,0.150562,0.048434,0.024947,0.000000,,
4.4250,isaac,initial_pitch_release,isaac_rel_25deg_26,25.0000,0,-0.066211,0.262099,-0.006187,-0.086956,0.164280,-0.076304,0.024947,0.000000,0.223687,0.132914,0.148090,0.123512,,
4.4400,isaac,initial_pitch_release,isaac_rel_25deg_26,25.0000,0,-0.062455,0.239611,-0.006443,0.050072,0.163080,-0.084594,0.148090,0.123512,0.150993,0.043728,0.025681,0.000000,,
4.4550,isaac,initial_pitch_release,isaac_rel_25deg_26,25.0000,0,-0.058720,0.255511,-0.006554,-0.052201,0.161819,-0.086251,0.025681,0.000000,0.218916,0.121511,0.140162,0.097512,,
4.4700,isaac,initial_pitch_release,isaac_rel_25deg_26,25.0000,0,-0.055003,0.239609,-0.006635,0.042879,0.160631,-0.075195,0.140162,0.097512,0.172752,0.066474,0.062658,0.000000,,
4.4850,isaac,initial_pitch_release,isaac_rel_25deg_26,25.0000,0,-0.051214,0.262219,-0.007142,-0.095342,0.159472,-0.082406,0.062658,0.000000,0.224959,0.132095,0.150200,0.121647,,
4.5000,isaac,initial_pitch_release,isaac_rel_25deg_26,25.0000,0,-0.047489,0.235825,-0.007385,0.061223,0.158125,-0.099152,0.150200,0.121647,0.140932,0.029259,0.008500,0.000000,,
4.5150,isaac,initial_pitch_release,isaac_rel_25deg_26,25.0000,0,-0.043830,0.248883,-0.007205,-0.023664,0.156726,-0.091328,0.008500,0.000000,0.217535,0.114340,0.137865,0.081125,,
4.5300,isaac,initial_pitch_release,isaac_rel_25deg_26,25.0000,0,-0.040211,0.233618,-0.006896,0.067748,0.155458,-0.080570,0.137865,0.081125,0.172964,0.064557,0.063017,0.000000,,
4.5450,isaac,initial_pitch_release,isaac_rel_25deg_26,25.0000,0,-0.036509,0.256321,-0.007075,-0.075341,0.154231,-0.085262,0.063017,0.000000,0.226847,0.131983,0.153332,0.121391,,
4.5600,isaac,initial_pitch_release,isaac_rel_25deg_26,25.0000,0,-0.032794,0.239055,-0.007463,0.024738,0.153039,-0.075260,0.153332,0.121391,0.171528,0.062458,0.060585,0.000000,,
4.5750,isaac,initial_pitch_release,isaac_rel_25deg_26,25.0000,0,-0.029135,0.246551,-0.007542,-0.024457,0.151996,-0.066037,0.060585,0.000000,0.207483,0.109056,0.121098,0.069033,,
4.5900,isaac,initial_pitch_release,isaac_rel_25deg_26,25.0000,0,-0.025512,0.236083,-0.007499,0.034102,0.151155,-0.048795,0.121098,0.069033,0.184648,0.083889,0.082761,0.011263,,
4.6050,isaac,initial_pitch_release,isaac_rel_25deg_26,25.0000,0,-0.021938,0.238754,-0.007220,0.013412,0.150476,-0.045149,0.082761,0.011263,0.197733,0.104588,0.104771,0.058798,,
4.6200,isaac,initial_pitch_release,isaac_rel_25deg_26,25.0000,0,-0.018450,0.226084,-0.006516,0.086022,0.149926,-0.030902,0.104771,0.058798,0.178851,0.081201,0.072976,0.005077,,
4.6350,isaac,initial_pitch_release,isaac_rel_25deg_26,25.0000,0,-0.014991,0.233066,-0.005688,0.037382,0.149474,-0.032373,0.072976,0.005077,0.200877,0.112094,0.110043,0.075988,,
4.6500,isaac,initial_pitch_release,isaac_rel_25deg_26,25.0000,0,-0.011592,0.220070,-0.004598,0.113705,0.149115,-0.017256,0.110043,0.075988,0.177076,0.081510,0.069974,0.005789,,
4.6650,isaac,initial_pitch_release,isaac_rel_25deg_26,25.0000,0,-0.008198,0.229942,-0.003498,0.048139,0.148826,-0.022651,0.069974,0.005789,0.203174,0.117833,0.113890,0.089111,,
4.6800,isaac,initial_pitch_release,isaac_rel_25deg_26,25.0000,0,-0.004782,0.224562,-0.002628,0.076967,0.148556,-0.015373,0.113890,0.089111,0.186260,0.095099,0.085478,0.037030,,
4.6950,isaac,initial_pitch_release,isaac_rel_25deg_26,25.0000,0,-0.001357,0.229993,-0.001853,0.039074,0.148331,-0.015515,0.085478,0.037030,0.199024,0.112306,0.106937,0.076473,,
4.7100,isaac,initial_pitch_release,isaac_rel_25deg_26,25.0000,0,0.002034,0.221487,-0.000950,0.088849,0.148171,-0.006951,0.106937,0.076473,0.181241,0.092097,0.077012,0.030134,,
4.7250,isaac,initial_pitch_release,isaac_rel_25deg_26,25.0000,0,0.005506,0.238272,-0.000548,-0.019931,0.148015,-0.015746,0.077012,0.030134,0.213157,0.131591,0.130571,0.120499,,
4.7400,isaac,initial_pitch_release,isaac_rel_25deg_26,25.0000,0,0.008921,0.214588,0.000099,0.107742,0.147843,-0.007380,0.130571,0.120499,0.160975,0.069845,0.042677,0.000000,,
4.7550,isaac,initial_pitch_release,isaac_rel_25deg_26,25.0000,0,0.012367,0.238594,0.000574,-0.026330,0.147671,-0.016150,0.042677,0.000000,0.218882,0.138016,0.140105,0.135118,,
4.7700,isaac,initial_pitch_release,isaac_rel_25deg_26,25.0000,0,0.015817,0.221670,0.000920,0.075674,0.147562,0.000648,0.140105,0.135118,0.172000,0.082242,0.061385,0.007473,,
4.7850,isaac,initial_pitch_release,isaac_rel_25deg_26,25.0000,0,0.019340,0.244440,0.000847,-0.068363,0.147499,-0.009604,0.061385,0.007473,0.220332,0.142981,0.142517,0.146398,,
4.8000,isaac,initial_pitch_release,isaac_rel_25deg_26,25.0000,0,0.022843,0.223046,0.000787,0.060018,0.147467,0.005818,0.142517,0.146398,0.163991,0.077878,0.047801,0.000000,,
4.8150,isaac,initial_pitch_release,isaac_rel_25deg_26,25.0000,0,0.026347,0.240685,0.000725,-0.053805,0.147507,-0.000479,0.047801,0.000000,0.213476,0.136170,0.131103,0.130920,,
4.8300,isaac,initial_pitch_release,isaac_rel_25deg_26,25.0000,0,0.029846,0.225607,0.000601,0.038895,0.147591,0.012940,0.131103,0.130920,0.170691,0.088081,0.059167,0.020906,,
4.8450,isaac,initial_pitch_release,isaac_rel_25deg_26,25.0000,0,0.033337,0.237858,0.000510,-0.038363,0.147745,0.009133,0.059167,0.020906,0.203075,0.129190,0.113725,0.115029,,
4.8600,isaac,initial_pitch_release,isaac_rel_25deg_26,25.0000,0,0.036755,0.218659,0.000768,0.074402,0.147977,0.023674,0.113725,0.115029,0.164031,0.083595,0.047869,0.010587,,
4.8750,isaac,initial_pitch_release,isaac_rel_25deg_26,25.0000,0,0.040197,0.237065,0.000881,-0.043776,0.148264,0.015448,0.047869,0.010587,0.209730,0.139631,0.124852,0.138789,,
4.8900,isaac,initial_pitch_release,isaac_rel_25deg_26,25.0000,0,0.043582,0.214821,0.001237,0.091815,0.148608,0.031704,0.124852,0.138789,0.157212,0.079683,0.036276,0.001581,,
4.9050,isaac,initial_pitch_release,isaac_rel_25deg_26,25.0000,0,0.046973,0.234044,0.001567,-0.031080,0.149020,0.024324,0.036276,0.001581,0.209285,0.140972,0.124109,0.141836,,
4.9200,isaac,initial_pitch_release,isaac_rel_25deg_26,25.0000,0,0.050390,0.221301,0.001649,0.045176,0.149453,0.035911,0.124109,0.141836,0.169044,0.094534,0.056376,0.035732,,
4.9350,isaac,initial_pitch_release,isaac_rel_25deg_26,25.0000,0,0.053691,0.217751,0.002406,0.064565,0.150023,0.041000,0.056376,0.035732,0.177720,0.107912,0.071064,0.066415,,
4.9500,isaac,initial_pitch_release,isaac_rel_25deg_26,25.0000,0,0.057143,0.239009,0.002254,-0.068967,0.150548,0.031095,0.071064,0.066415,0.209639,0.146710,0.124701,0.154859,,
4.9650,isaac,initial_pitch_release,isaac_rel_25deg_26,25.0000,0,0.060639,0.226732,0.001755,0.003729,0.151068,0.040876,0.124701,0.154859,0.167515,0.098157,0.053782,0.044050,,
4.9800,isaac,initial_pitch_release,isaac_rel_25deg_26,25.0000,0,0.064031,0.224279,0.001864,0.017468,0.151688,0.044132,0.053782,0.044050,0.176715,0.112108,0.069364,0.076020,,
4.9950,isaac,initial_pitch_release,isaac_rel_25deg_26,25.0000,0,0.067375,0.220476,0.002233,0.039444,0.152352,0.046934,0.069364,0.076020,0.174076,0.110094,0.064900,0.071411,,
5.0100,isaac,initial_pitch_release,isaac_rel_25deg_26,25.0000,0,0.070656,0.216034,0.002959,0.065647,0.153081,0.051826,0.064900,0.071411,0.172832,0.108124,0.062794,0.066901,,
5.0250,isaac,initial_pitch_release,isaac_rel_25deg_26,25.0000,0,0.073979,0.226708,0.003424,0.008504,0.153806,0.047233,0.062794,0.066901,0.188794,0.129398,0.089745,0.115502,,
5.0400,isaac,initial_pitch_release,isaac_rel_25deg_26,25.0000,0,0.077243,0.210282,0.004209,0.099868,0.154583,0.058737,0.089745,0.115502,0.159091,0.093769,0.039474,0.033975,,
5.0550,isaac,initial_pitch_release,isaac_rel_25deg_26,25.0000,0,0.080516,0.223289,0.004983,0.017889,0.155387,0.050115,0.039474,0.033975,0.192362,0.135815,0.095749,0.130112,,
5.0700,isaac,initial_pitch_release,isaac_rel_25deg_26,25.0000,0,0.083835,0.218078,0.005442,0.049295,0.156164,0.056138,0.095749,0.130112,0.171508,0.108860,0.060552,0.068585,,
5.0850,isaac,initial_pitch_release,isaac_rel_25deg_26,25.0000,0,0.087314,0.241815,0.004985,-0.095101,0.156870,0.039434,0.060552,0.068585,0.206804,0.153665,0.119964,0.170618,,
5.1000,isaac,initial_pitch_release,isaac_rel_25deg_26,25.0000,0,0.090801,0.223610,0.004423,0.019242,0.157549,0.052797,0.119964,0.170618,0.155226,0.091386,0.032896,0.028502,,
5.1150,isaac,initial_pitch_release,isaac_rel_25deg_26,25.0000,0,0.094454,0.258723,0.002936,-0.198911,0.158145,0.027813,0.032896,0.028502,0.221631,0.172761,0.144676,0.213704,,
5.1300,isaac,initial_pitch_release,isaac_rel_25deg_26,25.0000,0,0.098099,0.229006,0.001402,-0.011886,0.158626,0.039059,0.144676,0.213704,0.116188,0.051496,0.000000,0.000000,,
5.1450,isaac,initial_pitch_release,isaac_rel_25deg_26,25.0000,0,0.101622,0.237930,0.000686,-0.072804,0.159202,0.039646,0.000000,0.000000,0.190556,0.129433,0.092711,0.115583,,
5.1600,isaac,initial_pitch_release,isaac_rel_25deg_26,25.0000,0,0.105181,0.235191,-0.000284,-0.051425,0.159815,0.043771,0.092711,0.115583,0.170801,0.112673,0.059353,0.077314,,
5.1750,isaac,initial_pitch_release,isaac_rel_25deg_26,25.0000,0,0.108688,0.231461,-0.000943,-0.031448,0.160490,0.049297,0.059353,0.077314,0.170168,0.111140,0.058282,0.073805,,
5.1900,isaac,initial_pitch_release,isaac_rel_25deg_26,25.0000,0,0.112122,0.225684,-0.001170,0.005963,0.161230,0.052495,0.058282,0.073805,0.164875,0.107171,0.049303,0.064718,,
5.2050,isaac,initial_pitch_release,isaac_rel_25deg_26,25.0000,0,0.115503,0.223952,-0.001068,0.015526,0.162016,0.054125,0.049303,0.064718,0.170564,0.111820,0.058952,0.075362,,
5.2200,isaac,initial_pitch_release,isaac_rel_25deg_26,25.0000,0,0.118841,0.220172,-0.000717,0.038722,0.162846,0.057817,0.058952,0.075362,0.167382,0.108160,0.053557,0.066983,,
5.2350,isaac,initial_pitch_release,isaac_rel_25deg_26,25.0000,0,0.122287,0.236175,-0.000998,-0.063034,0.163597,0.045127,0.053557,0.066983,0.192457,0.139351,0.095909,0.138154,,
5.2500,isaac,initial_pitch_release,isaac_rel_25deg_26,25.0000,0,0.125663,0.214144,-0.000902,0.075223,0.164337,0.055997,0.095909,0.138154,0.141536,0.083705,0.009533,0.010839,,
5.2650,isaac,initial_pitch_release,isaac_rel_25deg_26,25.0000,0,0.129130,0.243538,-0.001272,-0.105690,0.165125,0.050703,0.009533,0.010839,0.217843,0.151140,0.138377,0.164900,,
5.2800,isaac,initial_pitch_release,isaac_rel_25deg_26,25.0000,0,0.132579,0.217334,-0.001624,0.056744,0.165961,0.062313,0.138377,0.164900,0.105600,0.049221,0.000000,0.000000,,
5.2950,isaac,initial_pitch_release,isaac_rel_25deg_26,25.0000,0,0.135915,0.225084,-0.001211,0.010375,0.166914,0.066719,0.000000,0.000000,0.185245,0.119498,0.083767,0.092916,,
5.3100,isaac,initial_pitch_release,isaac_rel_25deg_26,25.0000,0,0.139104,0.201110,0.000065,0.160220,0.167965,0.076438,0.083767,0.092916,0.134210,0.078910,0.000000,0.000000,,
5.3250,isaac,initial_pitch_release,isaac_rel_25deg_26,25.0000,0,0.142434,0.238923,0.000601,-0.065994,0.168980,0.061569,0.000000,0.000000,0.225527,0.160754,0.151143,0.186643,,
5.3400,isaac,initial_pitch_release,isaac_rel_25deg_26,25.0000,0,0.145804,0.212206,0.000820,0.094547,0.169927,0.068189,0.151143,0.186643,0.130153,0.077973,0.000000,0.000000,,
5.3550,isaac,initial_pitch_release,isaac_rel_25deg_26,25.0000,0,0.149220,0.238750,0.000877,-0.068457,0.170874,0.061019,0.000000,0.000000,0.214691,0.145357,0.133127,0.151791,,
5.3700,isaac,initial_pitch_release,isaac_rel_25deg_26,25.0000,0,0.152656,0.219480,0.000780,0.056083,0.171782,0.062339,0.133127,0.151791,0.144220,0.087605,0.014121,0.019810,,
5.3850,isaac,initial_pitch_release,isaac_rel_25deg_26,25.0000,0,0.156013,0.226153,0.001240,0.018048,0.172740,0.067986,0.014121,0.019810,0.188797,0.115199,0.089751,0.083090,,
5.4000,isaac,initial_pitch_release,isaac_rel_25deg_26,25.0000,0,0.159328,0.215501,0.001982,0.086686,0.173802,0.075997,0.089751,0.083090,0.161795,0.093382,0.044071,0.033087,,
5.4150,isaac,initial_pitch_release,isaac_rel_25deg_26,25.0000,0,0.162656,0.225944,0.002722,0.025599,0.174907,0.073767,0.044071,0.033087,0.192422,0.121624,0.095849,0.097772,,
5.4300,isaac,initial_pitch_release,isaac_rel_25deg_26,25.0000,0,0.166120,0.234306,0.002687,-0.019057,0.175912,0.062834,0.095849,0.097772,0.186185,0.122800,0.085351,0.100456,,
5.4450,isaac,initial_pitch_release,isaac_rel_25deg_26,25.0000,0,0.169472,0.213944,0.003344,0.109082,0.176931,0.076216,0.085351,0.100456,0.151696,0.079881,0.026881,0.002037,,
5.4600,isaac,initial_pitch_release,isaac_rel_25deg_26,25.0000,0,0.172845,0.232597,0.004006,-0.003528,0.178038,0.074564,0.026881,0.002037,0.209233,0.130605,0.124023,0.118253,,
5.4750,isaac,initial_pitch_release,isaac_rel_25deg_26,25.0000,0,0.176359,0.234433,0.003840,-0.009964,0.179086,0.068396,0.124023,0.118253,0.181747,0.112954,0.077866,0.077956,,
5.4900,isaac,initial_pitch_release,isaac_rel_25deg_26,25.0000,0,0.179790,0.223027,0.004220,0.065330,0.180127,0.073411,0.077866,0.077956,0.165009,0.092186,0.049531,0.030338,,
5.5050,isaac,initial_pitch_release,isaac_rel_25deg_26,25.0000,0,0.183259,0.236813,0.004482,-0.016661,0.181189,0.070658,0.049531,0.030338,0.204898,0.124444,0.116777,0.104208,,
5.5200,isaac,initial_pitch_release,isaac_rel_25deg_26,25.0000,0,0.186736,0.226266,0.004729,0.054558,0.182257,0.074362,0.116777,0.104208,0.168518,0.092839,0.055484,0.031839,,
5.5350,isaac,initial_pitch_release,isaac_rel_25deg_26,25.0000,0,0.190261,0.241131,0.004793,-0.031282,0.183300,0.067194,0.055484,0.031839,0.206422,0.126310,0.119325,0.108463,,
5.5500,isaac,initial_pitch_release,isaac_rel_25deg_26,25.0000,0,0.193761,0.225879,0.005033,0.067134,0.184359,0.076607,0.119325,0.108463,0.166128,0.084751,0.051430,0.013246,,
5.5650,isaac,initial_pitch_release,isaac_rel_25deg_26,25.0000,0,0.197291,0.241520,0.005208,-0.027496,0.185454,0.072201,0.051430,0.013246,0.212711,0.125660,0.129827,0.106980,,
5.5800,isaac,initial_pitch_release,isaac_rel_25deg_26,25.0000,0,0.200787,0.224456,0.005614,0.084955,0.186563,0.079015,0.129827,0.106980,0.162992,0.081821,0.046104,0.006504,,
5.5950,isaac,initial_pitch_release,isaac_rel_25deg_26,25.0000,0,0.204405,0.253871,0.005412,-0.092649,0.187635,0.066090,0.046104,0.006504,0.234275,0.144195,0.165623,0.149154,,
5.6100,isaac,initial_pitch_release,isaac_rel_25deg_26,25.0000,0,0.208031,0.227946,0.005152,0.057314,0.188582,0.060976,0.165623,0.149154,0.151466,0.067541,0.026489,0.000000,,
5.6250,isaac,initial_pitch_release,isaac_rel_25deg_26,25.0000,0,0.211663,0.250419,0.004992,-0.062595,0.189538,0.067056,0.026489,0.000000,0.229849,0.125100,0.158304,0.105703,,
5.6400,isaac,initial_pitch_release,isaac_rel_25deg_26,25.0000,0,0.215296,0.233997,0.004837,0.043814,0.190586,0.075198,0.158304,0.105703,0.171967,0.080579,0.061329,0.003645,,
5.6550,isaac,initial_pitch_release,isaac_rel_25deg_26,25.0000,0,0.219002,0.256645,0.004347,-0.092950,0.191668,0.070724,0.061329,0.003645,0.232822,0.130848,0.163223,0.118806,,
5.6700,isaac,initial_pitch_release,isaac_rel_25deg_26,25.0000,0,0.222740,0.241764,0.003665,0.003341,0.192731,0.071941,0.163223,0.118806,0.174634,0.084289,0.065844,0.012183,,
5.6850,isaac,initial_pitch_release,isaac_rel_25deg_26,25.0000,0,0.226501,0.256816,0.002936,-0.087639,0.193766,0.066716,0.065844,0.012183,0.222283,0.121247,0.145759,0.096910,,
5.7000,isaac,initial_pitch_release,isaac_rel_25deg_26,25.0000,0,0.230246,0.241910,0.002297,0.004000,0.194791,0.070476,0.145759,0.096910,0.178614,0.082419,0.072575,0.007881,,
5.7150,isaac,initial_pitch_release,isaac_rel_25deg_26,25.0000,0,0.234124,0.270949,0.000943,-0.167987,0.195791,0.061820,0.072575,0.007881,0.245308,0.137318,0.183803,0.133532,,
5.7300,isaac,initial_pitch_release,isaac_rel_25deg_26,25.0000,0,0.237969,0.243469,-0.000280,0.000850,0.196531,0.037041,0.183803,0.133532,0.144201,0.044947,0.014088,0.000000,,
5.7450,isaac,initial_pitch_release,isaac_rel_25deg_26,25.0000,0,0.241689,0.250542,-0.000669,-0.042841,0.197219,0.055684,0.014088,0.000000,0.222653,0.099880,0.146374,0.048004,,
5.7600,isaac,initial_pitch_release,isaac_rel_25deg_26,25.0000,0,0.245287,0.229835,-0.000369,0.084325,0.197938,0.041887,0.146374,0.048004,0.158409,0.040308,0.038313,0.000000,,
5.7750,isaac,initial_pitch_release,isaac_rel_25deg_26,25.0000,0,0.248901,0.249076,-0.000096,-0.032465,0.198681,0.057806,0.038313,0.000000,0.240982,0.113491,0.176686,0.079185,,
5.7900,isaac,initial_pitch_release,isaac_rel_25deg_26,25.0000,0,0.252465,0.226987,0.000423,0.102902,0.199393,0.038938,0.176686,0.079185,0.154701,0.035633,0.032000,0.000000,,
5.8050,isaac,initial_pitch_release,isaac_rel_25deg_26,25.0000,0,0.255945,0.234925,0.001498,0.053891,0.200177,0.066492,0.032000,0.000000,0.228508,0.094792,0.156083,0.036325,,
5.8200,isaac,initial_pitch_release,isaac_rel_25deg_26,25.0000,0,0.259382,0.223091,0.002824,0.129105,0.201214,0.072390,0.156083,0.036325,0.185299,0.059579,0.083858,0.000000,,
5.8350,isaac,initial_pitch_release,isaac_rel_25deg_26,25.0000,0,0.262878,0.240051,0.003857,0.025060,0.202408,0.087449,0.083858,0.000000,0.240130,0.109824,0.175283,0.070793,,
5.8500,isaac,initial_pitch_release,isaac_rel_25deg_26,25.0000,0,0.266386,0.227489,0.004786,0.103027,0.203751,0.092333,0.175283,0.070793,0.187900,0.069715,0.088240,0.000000,,
5.8650,isaac,initial_pitch_release,isaac_rel_25deg_26,25.0000,0,0.269958,0.245342,0.005412,-0.004562,0.205162,0.096266,0.088240,0.000000,0.237741,0.116346,0.171344,0.085712,,
5.8800,isaac,initial_pitch_release,isaac_rel_25deg_26,25.0000,0,0.273542,0.232238,0.005943,0.078728,0.206641,0.101794,0.171344,0.085712,0.188920,0.076188,0.089959,0.000000,,
5.8950,isaac,initial_pitch_release,isaac_rel_25deg_26,25.0000,0,0.277247,0.257640,0.005832,-0.076780,0.208133,0.098577,0.089959,0.000000,0.248683,0.130101,0.189346,0.117104,,
5.9100,isaac,initial_pitch_release,isaac_rel_25deg_26,25.0000,0,0.280998,0.242101,0.005418,0.021707,0.209620,0.102038,0.189346,0.117104,0.185725,0.078320,0.084577,0.000000,,
5.9250,isaac,initial_pitch_release,isaac_rel_25deg_26,25.0000,0,-0.031673,0.247319,0.005453,-0.007376,0.211194,0.110041,0.084577,0.000000,0.220967,0.101024,0.143572,0.050628,,
5.9400,isaac,initial_pitch_release,isaac_rel_25deg_26,25.0000,0,-0.027848,0.260113,0.004684,-0.083492,0.211872,-0.015750,0.143572,0.050628,0.157557,0.168335,0.036864,0.203743,,
5.9550,isaac,initial_pitch_release,isaac_rel_25deg_26,25.0000,0,-0.023928,0.260918,0.003366,-0.086743,0.211397,-0.046444,0.036864,0.203743,0.186721,0.119513,0.086255,0.092950,,
5.9700,isaac,initial_pitch_release,isaac_rel_25deg_26,25.0000,0,-0.019911,0.272260,0.001497,-0.152620,0.210466,-0.077345,0.086255,0.092950,0.201577,0.133481,0.111215,0.124801,,
5.9850,isaac,initial_pitch_release,isaac_rel_25deg_26,25.0000,0,-0.015970,0.252652,0.000054,-0.039605,0.209302,-0.077392,0.111215,0.124801,0.169632,0.085533,0.057372,0.015044,,
6.0000,isaac,initial_pitch_release,isaac_rel_25deg_26,25.0000,0,-0.011966,0.276792,-0.001716,-0.181065,0.208007,-0.094998,0.057372,0.015044,0.223508,0.143908,0.147793,0.148503,,
6.0150,isaac,initial_pitch_release,isaac_rel_25deg_26,25.0000,0,-0.008054,0.246793,-0.003035,0.000868,0.206459,-0.111510,0.147793,0.148503,0.139222,0.044027,0.005575,0.000000,,
6.0300,isaac,initial_pitch_release,isaac_rel_25deg_26,25.0000,0,-0.004173,0.266985,-0.004100,-0.127475,0.204805,-0.110786,0.005575,0.000000,0.224709,0.134326,0.149786,0.126726,,
6.0450,isaac,initial_pitch_release,isaac_rel_25deg_26,25.0000,0,-0.000348,0.243556,-0.004952,0.014023,0.203184,-0.106491,0.149786,0.126726,0.156252,0.055377,0.034642,0.000000,,
6.0600,isaac,initial_pitch_release,isaac_rel_25deg_26,25.0000,0,0.003414,0.255116,-0.005417,-0.062804,0.201658,-0.099303,0.034642,0.000000,0.211728,0.120279,0.128187,0.094700,,
6.0750,isaac,initial_pitch_release,isaac_rel_25deg_26,25.0000,0,0.007128,0.239276,-0.005694,0.028814,0.200368,-0.074535,0.128187,0.094700,0.176773,0.080766,0.069463,0.004076,,
6.0900,isaac,initial_pitch_release,isaac_rel_25deg_26,25.0000,0,0.010855,0.254275,-0.006077,-0.064839,0.199271,-0.074488,0.069463,0.004076,0.210583,0.127219,0.126276,0.110536,,
6.1050,isaac,initial_pitch_release,isaac_rel_25deg_26,25.0000,0,0.014509,0.233266,-0.006141,0.058181,0.198257,-0.062521,0.126276,0.110536,0.160454,0.068371,0.041791,0.000000,,
6.1200,isaac,initial_pitch_release,isaac_rel_25deg_26,25.0000,0,0.018139,0.247868,-0.006085,-0.036169,0.197345,-0.061734,0.041791,0.000000,0.208643,0.127088,0.123037,0.110238,,
6.1350,isaac,initial_pitch_release,isaac_rel_25deg_26,25.0000,0,0.021701,0.227694,-0.005740,0.084215,0.196544,-0.047216,0.123037,0.110238,0.160752,0.074237,0.042298,0.000000,,
6.1500,isaac,initial_pitch_release,isaac_rel_25deg_26,25.0000,0,0.025245,0.243675,-0.005319,-0.010770,0.195867,-0.045996,0.042298,0.000000,0.207147,0.127800,0.120537,0.111861,,
6.1650,isaac,initial_pitch_release,isaac_rel_25deg_26,25.0000,0,-0.287626,0.223205,-0.004674,0.101189,0.195304,-0.030976,0.120537,0.111861,0.161427,0.080642,0.043446,0.003789,,
6.1800,isaac,initial_pitch_release,isaac_rel_25deg_26,25.0000,0,-0.284132,0.239643,-0.004086,-0.005180,0.194873,-0.029802,0.043446,0.003789,0.208846,0.130908,0.123376,0.118944,,
6.1950,isaac,initial_pitch_release,isaac_rel_25deg_26,25.0000,0,-0.280672,0.222102,-0.003420,0.097993,0.194621,-0.005305,0.123376,0.118944,0.167346,0.080257,0.053495,0.002904,,
6.2100,isaac,initial_pitch_release,isaac_rel_25deg_26,25.0000,0,-0.277084,0.251916,-0.003510,-0.090899,0.194454,-0.018327,0.053495,0.002904,0.222945,0.155103,0.146858,0.173872,,
6.2250,isaac,initial_pitch_release,isaac_rel_25deg_26,25.0000,0,-0.273518,0.224676,-0.003616,0.074672,0.194203,-0.015647,0.146858,0.173872,0.140540,0.054848,0.007830,0.000000,,
6.2400,isaac,initial_pitch_release,isaac_rel_25deg_26,25.0000,0,-0.270046,0.235768,-0.003166,0.000668,0.194042,-0.007785,0.007830,0.000000,0.200998,0.124200,0.110246,0.103651,,
6.2550,isaac,initial_pitch_release,isaac_rel_25deg_26,25.0000,0,-0.266695,0.211807,-0.002082,0.145668,0.194015,0.003484,0.110246,0.103651,0.146253,0.064844,0.017594,0.000000,,
6.2700,isaac,initial_pitch_release,isaac_rel_25deg_26,25.0000,0,-0.263319,0.234744,-0.001139,-0.000609,0.194062,0.001837,0.017594,0.000000,0.212752,0.143078,0.129896,0.146619,,
6.2850,isaac,initial_pitch_release,isaac_rel_25deg_26,25.0000,0,-0.259954,0.214442,-0.000235,0.122945,0.194267,0.025625,0.129896,0.146619,0.157991,0.080158,0.037602,0.002676,,
6.3000,isaac,initial_pitch_release,isaac_rel_25deg_26,25.0000,0,-0.256525,0.239011,0.000309,-0.031922,0.194558,0.013609,0.037602,0.002676,0.209946,0.150865,0.125212,0.164279,,
6.3150,isaac,initial_pitch_release,isaac_rel_25deg_26,25.0000,0,-0.253125,0.215211,0.000930,0.115153,0.194895,0.031912,0.125212,0.164279,0.149503,0.075214,0.023141,0.000000,,
6.3300,isaac,initial_pitch_release,isaac_rel_25deg_26,25.0000,0,-0.249716,0.235978,0.001536,-0.016435,0.195275,0.019687,0.023141,0.000000,0.202497,0.147282,0.112758,0.156158,,
6.3450,isaac,initial_pitch_release,isaac_rel_25deg_26,25.0000,0,-0.246317,0.217649,0.002121,0.096051,0.195699,0.038395,0.112758,0.156158,0.157180,0.086884,0.036222,0.018151,,
6.3600,isaac,initial_pitch_release,isaac_rel_25deg_26,25.0000,0,-0.242909,0.233745,0.002696,-0.004612,0.196186,0.027249,0.036222,0.018151,0.195066,0.141725,0.100294,0.143546,,
6.3750,isaac,initial_pitch_release,isaac_rel_25deg_26,25.0000,0,-0.239500,0.220993,0.003211,0.076607,0.196675,0.039478,0.100294,0.143546,0.161836,0.096162,0.044141,0.039470,,
6.3900,isaac,initial_pitch_release,isaac_rel_25deg_26,25.0000,0,-0.236025,0.239439,0.003376,-0.039954,0.197173,0.027967,0.044141,0.039470,0.199415,0.146271,0.107592,0.153865,,
6.4050,isaac,initial_pitch_release,isaac_rel_25deg_26,25.0000,0,-0.232469,0.233828,0.003013,-0.004389,0.197650,0.037932,0.107592,0.153865,0.172803,0.108557,0.062745,0.067891,,
6.4200,isaac,initial_pitch_release,isaac_rel_25deg_26,25.0000,0,-0.228826,0.249160,0.002151,-0.098685,0.198132,0.027564,0.062745,0.067891,0.195303,0.142989,0.100691,0.146418,,
6.4350,isaac,initial_pitch_release,isaac_rel_25deg_26,25.0000,0,-0.225261,0.226939,0.001711,0.038356,0.198645,0.042518,0.100691,0.146418,0.148243,0.086481,0.020991,0.017226,,
6.4500,isaac,initial_pitch_release,isaac_rel_25deg_26,25.0000,0,-0.221733,0.240087,0.001548,-0.047473,0.199169,0.028559,0.020991,0.017226,0.188879,0.140929,0.089890,0.141739,,
6.4650,isaac,initial_pitch_release,isaac_rel_25deg_26,25.0000,0,-0.218303,0.217502,0.001928,0.097346,0.199734,0.048781,0.089890,0.141739,0.146544,0.081992,0.018091,0.006897,,
6.4800,isaac,initial_pitch_release,isaac_rel_25deg_26,25.0000,0,-0.214892,0.234249,0.002484,-0.007328,0.200310,0.028756,0.018091,0.006897,0.189208,0.145779,0.090443,0.152749,,
6.4950,isaac,initial_pitch_release,isaac_rel_25deg_26,25.0000,0,-0.211375,0.233283,0.002381,-0.000158,0.200774,0.034928,0.090443,0.152749,0.175981,0.114607,0.068123,0.081738,,
6.5100,isaac,initial_pitch_release,isaac_rel_25deg_26,25.0000,0,-0.207806,0.240483,0.001983,-0.043586,0.201270,0.032785,0.068123,0.081738,0.183785,0.129041,0.081306,0.114690,,
6.5250,isaac,initial_pitch_release,isaac_rel_25deg_26,25.0000,0,-0.204271,0.230448,0.001779,0.019613,0.201798,0.039761,0.081306,0.114690,0.161497,0.103233,0.043564,0.055692,,
6.5400,isaac,initial_pitch_release,isaac_rel_25deg_26,25.0000,0,-0.200769,0.234543,0.001809,-0.006421,0.202369,0.037096,0.043564,0.055692,0.177181,0.124930,0.070153,0.105315,,
6.5550,isaac,initial_pitch_release,isaac_rel_25deg_26,25.0000,0,-0.197199,0.239571,0.001440,-0.034562,0.202879,0.032714,0.070153,0.105315,0.180200,0.124960,0.075254,0.105385,,
6.5700,isaac,initial_pitch_release,isaac_rel_25deg_26,25.0000,0,-0.193553,0.244480,0.000629,-0.065513,0.203331,0.028456,0.075254,0.105385,0.180930,0.126131,0.076487,0.108054,,
6.5850,isaac,initial_pitch_release,isaac_rel_25deg_26,25.0000,0,-0.189895,0.241974,-0.000259,-0.048135,0.203733,0.026804,0.076487,0.108054,0.170248,0.114713,0.058417,0.081979,,
6.6000,isaac,initial_pitch_release,isaac_rel_25deg_26,25.0000,0,-0.186297,0.236864,-0.000770,-0.015385,0.204142,0.028723,0.058417,0.081979,0.166429,0.109980,0.051941,0.071149,,
6.6150,isaac,initial_pitch_release,isaac_rel_25deg_26,25.0000,0,-0.182710,0.239811,-0.001198,-0.034043,0.204529,0.023462,0.051941,0.071149,0.176249,0.121374,0.068577,0.097201,,
6.6300,isaac,initial_pitch_release,isaac_rel_25deg_26,25.0000,0,-0.179128,0.236775,-0.001603,-0.015591,0.204882,0.024830,0.068577,0.097201,0.169861,0.111545,0.057761,0.074731,,
6.6450,isaac,initial_pitch_release,isaac_rel_25deg_26,25.0000,0,-0.175502,0.244667,-0.002257,-0.062774,0.205200,0.017862,0.057761,0.074731,0.183388,0.127484,0.080635,0.111141,,
6.6600,isaac,initial_pitch_release,isaac_rel_25deg_26,25.0000,0,-0.171912,0.233593,-0.002716,0.004069,0.205513,0.024745,0.080635,0.111141,0.159437,0.099566,0.040062,0.047282,,
6.6750,isaac,initial_pitch_release,isaac_rel_25deg_26,25.0000,0,-0.168444,0.227758,-0.002435,0.040039,0.205884,0.026123,0.040062,0.047282,0.163905,0.105660,0.047655,0.061256,,
6.6900,isaac,initial_pitch_release,isaac_rel_25deg_26,25.0000,0,-0.164959,0.234857,-0.002236,-0.002602,0.206202,0.017139,0.047655,0.061256,0.180738,0.124116,0.076162,0.103459,,
6.7050,isaac,initial_pitch_release,isaac_rel_25deg_26,25.0000,0,-0.161630,0.210179,-0.001123,0.151903,0.206512,0.026142,0.076162,0.103459,0.129579,0.060020,0.000000,0.000000,,
6.7200,isaac,initial_pitch_release,isaac_rel_25deg_26,25.0000,0,-0.158234,0.237691,-0.000323,-0.024617,0.206691,-0.001802,0.000000,0.000000,0.205943,0.156153,0.118524,0.176247,,
6.7350,isaac,initial_pitch_release,isaac_rel_25deg_26,25.0000,0,-0.154802,0.219617,0.000196,0.095275,0.206795,0.016283,0.118524,0.176247,0.153311,0.082446,0.029633,0.007943,,
6.7500,isaac,initial_pitch_release,isaac_rel_25deg_26,25.0000,0,-0.151253,0.249487,0.000092,-0.089961,0.206823,-0.012729,0.029633,0.007943,0.211346,0.159010,0.127550,0.182705,,
6.7650,isaac,initial_pitch_release,isaac_rel_25deg_26,25.0000,0,-0.147565,0.241680,-0.000879,-0.038275,0.206693,-0.005468,0.127550,0.182705,0.170222,0.100580,0.058373,0.049610,,
6.7800,isaac,initial_pitch_release,isaac_rel_25deg_26,25.0000,0,-0.143989,0.234651,-0.001141,0.006793,0.206638,-0.002845,0.058373,0.049610,0.167556,0.101971,0.053852,0.052799,,
6.7950,isaac,initial_pitch_release,isaac_rel_25deg_26,25.0000,0,-0.140441,0.237117,-0.001212,-0.007982,0.206567,-0.007721,0.053852,0.052799,0.180265,0.115125,0.075364,0.082922,,
6.8100,isaac,initial_pitch_release,isaac_rel_25deg_26,25.0000,0,-0.136940,0.228935,-0.001003,0.041987,0.206491,-0.003236,0.075364,0.082922,0.167942,0.098107,0.054507,0.043934,,
6.8250,isaac,initial_pitch_release,isaac_rel_25deg_26,25.0000,0,-0.133389,0.241997,-0.001052,-0.036360,0.206343,-0.017917,0.054507,0.043934,0.193630,0.129967,0.097880,0.116799,,
6.8400,isaac,initial_pitch_release,isaac_rel_25deg_26,25.0000,0,-0.129789,0.237394,-0.001398,-0.006571,0.206088,-0.018225,0.097880,0.116799,0.173983,0.103470,0.064743,0.056236,,
6.8550,isaac,initial_pitch_release,isaac_rel_25deg_26,25.0000,0,-0.126035,0.259713,-0.002636,-0.145534,0.205673,-0.039751,0.064743,0.056236,0.209917,0.144390,0.125165,0.149596,,
6.8700,isaac,initial_pitch_release,isaac_rel_25deg_26,25.0000,0,-0.122332,0.235323,-0.003629,0.008020,0.205106,-0.038292,0.125165,0.149596,0.143528,0.062185,0.012939,0.000000,,
6.8850,isaac,initial_pitch_release,isaac_rel_25deg_26,25.0000,0,-0.118580,0.261463,-0.004858,-0.157823,0.204422,-0.056208,0.012939,0.000000,0.219614,0.146071,0.141323,0.153412,,
6.9000,isaac,initial_pitch_release,isaac_rel_25deg_26,25.0000,0,-0.114866,0.234531,-0.005941,0.007580,0.203545,-0.063525,0.141323,0.153412,0.107349,0.017079,0.000000,0.000000,,
6.9150,isaac,initial_pitch_release,isaac_rel_25deg_26,25.0000,0,-0.111266,0.242895,-0.006293,-0.045365,0.202642,-0.060132,0.000000,0.000000,0.198765,0.113280,0.106502,0.078702,,
6.9300,isaac,initial_pitch_release,isaac_rel_25deg_26,25.0000,0,-0.107777,0.224210,-0.006044,0.078009,0.201783,-0.056317,0.106502,0.078702,0.150675,0.061232,0.025139,0.000000,,
6.9450,isaac,initial_pitch_release,isaac_rel_25deg_26,25.0000,0,-0.104270,0.241715,-0.005873,-0.041015,0.200881,-0.065792,0.025139,0.000000,0.210368,0.128986,0.125917,0.114565,,
6.9600,isaac,initial_pitch_release,isaac_rel_25deg_26,25.0000,0,-0.100815,0.219781,-0.005471,0.093601,0.199865,-0.071645,0.125917,0.114565,0.144633,0.050352,0.014827,0.000000,,
6.9750,isaac,initial_pitch_release,isaac_rel_25deg_26,25.0000,0,-0.097405,0.232346,-0.004756,0.014369,0.198803,-0.072050,0.014827,0.000000,0.204400,0.116722,0.115942,0.086573,,
6.9900,isaac,initial_pitch_release,isaac_rel_25deg_26,25.0000,0,-0.093922,0.230973,-0.004528,0.022093,0.197798,-0.064262,0.115942,0.086573,0.187747,0.097297,0.087983,0.042075,,
7.0050,isaac,initial_pitch_release,isaac_rel_25deg_26,25.0000,0,-0.090436,0.232477,-0.004324,0.012920,0.196860,-0.063354,0.087983,0.042075,0.189957,0.102766,0.091704,0.054622,,
7.0200,isaac,initial_pitch_release,isaac_rel_25deg_26,25.0000,0,-0.087036,0.220662,-0.003628,0.083988,0.196015,-0.051371,0.091704,0.054622,0.172997,0.082599,0.063073,0.008295,,
7.0350,isaac,initial_pitch_release,isaac_rel_25deg_26,25.0000,0,-0.083522,0.244110,-0.003583,-0.062816,0.195108,-0.071495,0.063073,0.008295,0.216681,0.137370,0.136443,0.133650,,
7.0500,isaac,initial_pitch_release,isaac_rel_25deg_26,25.0000,0,-0.080032,0.221990,-0.003481,0.074852,0.193961,-0.082512,0.136443,0.133650,0.146928,0.050211,0.018746,0.000000,,
7.0650,isaac,initial_pitch_release,isaac_rel_25deg_26,25.0000,0,-0.076612,0.231768,-0.002904,0.013749,0.192728,-0.083223,0.018746,0.000000,0.203878,0.112211,0.115068,0.076255,,
7.0800,isaac,initial_pitch_release,isaac_rel_25deg_26,25.0000,0,-0.073166,0.226664,-0.002512,0.043557,0.191578,-0.072993,0.115068,0.076255,0.186079,0.091059,0.085173,0.027750,,
7.0950,isaac,initial_pitch_release,isaac_rel_25deg_26,25.0000,0,-0.069783,0.223335,-0.001746,0.065578,0.190537,-0.067791,0.085173,0.027750,0.185510,0.094271,0.084213,0.035129,,
7.1100,isaac,initial_pitch_release,isaac_rel_25deg_26,25.0000,0,-0.066432,0.222573,-0.000788,0.071128,0.189538,-0.066342,0.084213,0.035129,0.188884,0.098024,0.089897,0.043744,,
7.1250,isaac,initial_pitch_release,isaac_rel_25deg_26,25.0000,0,-0.063128,0.217293,0.000463,0.103357,0.188589,-0.061238,0.089897,0.043744,0.183582,0.091699,0.080962,0.029220,,
7.1400,isaac,initial_pitch_release,isaac_rel_25deg_26,25.0000,0,-0.059628,0.245727,0.000579,-0.069492,0.187529,-0.082817,0.080962,0.029220,0.226385,0.144077,0.152565,0.148886,,
7.1550,isaac,initial_pitch_release,isaac_rel_25deg_26,25.0000,0,-0.056147,0.219764,0.000735,0.087991,0.186170,-0.100771,0.152565,0.148886,0.141130,0.037896,0.008839,0.000000,,
7.1700,isaac,initial_pitch_release,isaac_rel_25deg_26,25.0000,0,-0.052574,0.251856,0.000445,-0.108049,0.184594,-0.111676,0.008839,0.000000,0.238421,0.146156,0.172465,0.153605,,
7.1850,isaac,initial_pitch_release,isaac_rel_25deg_26,25.0000,0,-0.048976,0.228820,-0.000087,0.035389,0.182881,-0.119065,0.172465,0.153605,0.151582,0.039537,0.026686,0.000000,,
7.2000,isaac,initial_pitch_release,isaac_rel_25deg_26,25.0000,0,-0.045356,0.250309,-0.000667,-0.097315,0.181120,-0.117912,0.026686,0.000000,0.228182,0.129479,0.155544,0.115687,,
7.2150,isaac,initial_pitch_release,isaac_rel_25deg_26,25.0000,0,-0.041747,0.231312,-0.001255,0.019516,0.179410,-0.112360,0.155544,0.115687,0.165088,0.054118,0.049665,0.000000,,
7.2300,isaac,initial_pitch_release,isaac_rel_25deg_26,25.0000,0,-0.038234,0.235122,-0.001223,-0.005282,0.177843,-0.099121,0.049665,0.000000,0.204143,0.102617,0.115512,0.054281,,
7.2450,isaac,initial_pitch_release,isaac_rel_25deg_26,25.0000,0,-0.034831,0.218674,-0.000573,0.095377,0.176452,-0.089279,0.115512,0.054281,0.169124,0.063958,0.056511,0.000000,,
7.2600,isaac,initial_pitch_release,isaac_rel_25deg_26,25.0000,0,-0.031452,0.229001,0.000253,0.029558,0.175158,-0.086443,0.056511,0.000000,0.209356,0.113508,0.124227,0.079223,,
7.2750,isaac,initial_pitch_release,isaac_rel_25deg_26,25.0000,0,-0.028027,0.225875,0.000772,0.048074,0.173980,-0.073341,0.124227,0.079223,0.193541,0.094204,0.097732,0.034974,,
7.2900,isaac,initial_pitch_release,isaac_rel_25deg_26,25.0000,0,-0.024617,0.226606,0.001376,0.043044,0.172951,-0.067169,0.097732,0.034974,0.196318,0.101814,0.102396,0.052439,,
7.3050,isaac,initial_pitch_release,isaac_rel_25deg_26,25.0000,0,-0.021287,0.216792,0.002442,0.105611,0.172058,-0.054316,0.102396,0.052439,0.181962,0.085215,0.078229,0.014313,,
7.3200,isaac,initial_pitch_release,isaac_rel_25deg_26,25.0000,0,-0.017760,0.248762,0.002379,-0.093439,0.171122,-0.073059,0.078229,0.014313,0.234953,0.152636,0.166743,0.168288,,
7.3350,isaac,initial_pitch_release,isaac_rel_25deg_26,25.0000,0,-0.014186,0.227917,0.001950,0.036827,0.170080,-0.067273,0.166743,0.168288,0.162802,0.062915,0.045782,0.000000,,
7.3500,isaac,initial_pitch_release,isaac_rel_25deg_26,25.0000,0,-0.010617,0.243992,0.001608,-0.067532,0.169068,-0.069974,0.045782,0.000000,0.217958,0.128328,0.138568,0.113064,,
7.3650,isaac,initial_pitch_release,isaac_rel_25deg_26,25.0000,0,-0.007114,0.222782,0.001587,0.065987,0.168061,-0.066110,0.138568,0.113064,0.159492,0.058148,0.040155,0.000000,,
7.3800,isaac,initial_pitch_release,isaac_rel_25deg_26,25.0000,0,-0.003691,0.230849,0.002082,0.014166,0.167151,-0.057997,0.040155,0.000000,0.206677,0.114095,0.119750,0.080566,,
7.3950,isaac,initial_pitch_release,isaac_rel_25deg_26,25.0000,0,-0.000126,0.241723,0.001707,-0.051486,0.166322,-0.053922,0.119750,0.080566,0.210332,0.120048,0.125857,0.094171,,
7.4100,isaac,initial_pitch_release,isaac_rel_25deg_26,25.0000,0,0.003456,0.234980,0.001184,-0.013872,0.165626,-0.040493,0.125857,0.094171,0.188789,0.095525,0.089738,0.038007,,
7.4250,isaac,initial_pitch_release,isaac_rel_25deg_26,25.0000,0,0.006961,0.231348,0.001095,0.008499,0.165102,-0.031761,0.089738,0.038007,0.189071,0.100676,0.090213,0.049828,,
7.4400,isaac,initial_pitch_release,isaac_rel_25deg_26,25.0000,0,0.010419,0.229296,0.001259,0.022348,0.164685,-0.026215,0.090213,0.049828,0.188859,0.102843,0.089856,0.054800,,
7.4550,isaac,initial_pitch_release,isaac_rel_25deg_26,25.0000,0,0.013928,0.237025,0.001108,-0.031634,0.164312,-0.026045,0.089856,0.054800,0.202582,0.120231,0.112899,0.094590,,
7.4700,isaac,initial_pitch_release,isaac_rel_25deg_26,25.0000,0,0.017329,0.217020,0.001523,0.089046,0.164047,-0.010929,0.112899,0.094590,0.164658,0.077793,0.048934,0.000000,,
7.4850,isaac,initial_pitch_release,isaac_rel_25deg_26,25.0000,0,0.020752,0.236085,0.001840,-0.030029,0.163846,-0.017988,0.048934,0.000000,0.213923,0.136389,0.131849,0.131419,,
7.5000,isaac,initial_pitch_release,isaac_rel_25deg_26,25.0000,0,0.024222,0.225977,0.001790,0.028184,0.163658,-0.008528,0.131849,0.131419,0.177731,0.095173,0.071082,0.037201,,
7.5150,isaac,initial_pitch_release,isaac_rel_25deg_26,25.0000,0,0.027612,0.224617,0.002193,0.036439,0.163574,-0.004101,0.071082,0.037201,0.185931,0.107429,0.084923,0.065307,,
7.5300,isaac,initial_pitch_release,isaac_rel_25deg_26,25.0000,0,0.031053,0.232095,0.002282,-0.012239,0.163516,-0.005219,0.084923,0.065307,0.197278,0.121948,0.104008,0.098510,,
7.5450,isaac,initial_pitch_release,isaac_rel_25deg_26,25.0000,0,0.034482,0.224468,0.002388,0.033008,0.163497,0.002385,0.104008,0.098510,0.177422,0.100432,0.070560,0.049269,,
7.5600,isaac,initial_pitch_release,isaac_rel_25deg_26,25.0000,0,0.038014,0.243170,0.001886,-0.086413,0.163477,-0.004384,0.070560,0.049269,0.211885,0.140336,0.128449,0.140392,,
7.5750,isaac,initial_pitch_release,isaac_rel_25deg_26,25.0000,0,0.041481,0.219822,0.001679,0.057059,0.163519,0.011747,0.128449,0.140392,0.155896,0.078501,0.034036,0.000000,,
7.5900,isaac,initial_pitch_release,isaac_rel_25deg_26,25.0000,0,0.044891,0.231814,0.001833,-0.023059,0.163659,0.008461,0.034036,0.000000,0.200475,0.130969,0.109369,0.119083,,
7.6050,isaac,initial_pitch_release,isaac_rel_25deg_26,25.0000,0,0.048277,0.219182,0.002053,0.056263,0.163866,0.020779,0.109369,0.119083,0.167902,0.093289,0.054440,0.032872,,
7.6200,isaac,initial_pitch_release,isaac_rel_25deg_26,25.0000,0,0.051619,0.224773,0.002535,0.020314,0.164182,0.022247,0.054440,0.032872,0.189760,0.120799,0.091372,0.095887,,
7.6350,isaac,initial_pitch_release,isaac_rel_25deg_26,25.0000,0,0.055059,0.232010,0.002408,-0.027504,0.164481,0.020231,0.091372,0.095887,0.191780,0.125820,0.094771,0.107345,,
7.6500,isaac,initial_pitch_release,isaac_rel_25deg_26,25.0000,0,0.058522,0.228568,0.002097,-0.009104,0.164807,0.025222,0.094771,0.107345,0.178150,0.110592,0.071791,0.072552,,
7.6650,isaac,initial_pitch_release,isaac_rel_25deg_26,25.0000,0,0.061928,0.224526,0.002097,0.015239,0.165196,0.029041,0.071791,0.072552,0.174333,0.109738,0.065336,0.070595,,
7.6800,isaac,initial_pitch_release,isaac_rel_25deg_26,25.0000,0,0.065227,0.214849,0.002716,0.073509,0.165683,0.037545,0.065336,0.070595,0.166565,0.100597,0.052172,0.049649,,
7.6950,isaac,initial_pitch_release,isaac_rel_25deg_26,25.0000,0,0.068575,0.228828,0.003052,-0.014435,0.166178,0.030108,0.052172,0.049649,0.195337,0.136680,0.100749,0.132081,,
7.7100,isaac,initial_pitch_release,isaac_rel_25deg_26,25.0000,0,0.071899,0.214213,0.003472,0.073610,0.166694,0.040021,0.100749,0.132081,0.159152,0.095334,0.039578,0.037569,,
7.7250,isaac,initial_pitch_release,isaac_rel_25deg_26,25.0000,0,0.075323,0.238426,0.003336,-0.075447,0.167184,0.027092,0.039578,0.037569,0.208317,0.152443,0.122492,0.167851,,
7.7400,isaac,initial_pitch_release,isaac_rel_25deg_26,25.0000,0,0.078855,0.231301,0.002487,-0.034704,0.167627,0.033586,0.122492,0.167851,0.170727,0.108298,0.059229,0.067298,,
7.7550,isaac,initial_pitch_release,isaac_rel_25deg_26,25.0000,0,0.082372,0.235524,0.001732,-0.058534,0.168112,0.033327,0.059229,0.067298,0.182431,0.123387,0.079020,0.101796,,
7.7700,isaac,initial_pitch_release,isaac_rel_25deg_26,25.0000,0,0.085934,0.237708,0.000688,-0.074346,0.168604,0.034240,0.079020,0.101796,0.180538,0.121701,0.075825,0.097947,,
7.7850,isaac,initial_pitch_release,isaac_rel_25deg_26,25.0000,0,0.089360,0.219401,0.000427,0.039665,0.169202,0.047830,0.075825,0.097947,0.151759,0.089883,0.026988,0.025048,,
7.8000,isaac,initial_pitch_release,isaac_rel_25deg_26,25.0000,0,0.092857,0.243260,-0.000228,-0.112019,0.169789,0.032375,0.026988,0.025048,0.204574,0.153516,0.116233,0.170280,,
7.8150,isaac,initial_pitch_release,isaac_rel_25deg_26,25.0000,0,0.096383,0.227132,-0.001140,-0.010617,0.170352,0.045285,0.116233,0.170280,0.154770,0.093540,0.032118,0.033449,,
7.8300,isaac,initial_pitch_release,isaac_rel_25deg_26,25.0000,0,0.099794,0.226646,-0.001347,-0.009075,0.171003,0.044025,0.032118,0.033449,0.171538,0.116001,0.060603,0.084925,,
7.8450,isaac,initial_pitch_release,isaac_rel_25deg_26,25.0000,0,0.103260,0.233653,-0.001899,-0.055423,0.171615,0.038843,0.060603,0.084925,0.181589,0.127263,0.077600,0.110636,,
7.8600,isaac,initial_pitch_release,isaac_rel_25deg_26,25.0000,0,0.106668,0.220508,-0.002154,0.022876,0.172243,0.047466,0.077600,0.110636,0.155661,0.097245,0.033637,0.041956,,
7.8750,isaac,initial_pitch_release,isaac_rel_25deg_26,25.0000,0,0.110036,0.226457,-0.002154,-0.013196,0.172908,0.043787,0.033637,0.041956,0.177890,0.123602,0.071351,0.102287,,
7.8900,isaac,initial_pitch_release,isaac_rel_25deg_26,25.0000,0,0.113302,0.209337,-0.001584,0.091962,0.173618,0.052191,0.071351,0.102287,0.147579,0.089928,0.019858,0.025150,,
7.9050,isaac,initial_pitch_release,isaac_rel_25deg_26,25.0000,0,0.116553,0.221810,-0.000890,0.015166,0.174369,0.049183,0.019858,0.025150,0.187544,0.130004,0.087641,0.116884,,
7.9200,isaac,initial_pitch_release,isaac_rel_25deg_26,25.0000,0,0.119907,0.224013,-0.000839,0.000501,0.175045,0.043664,0.087641,0.116884,0.172107,0.119466,0.061566,0.092842,,
7.9350,isaac,initial_pitch_release,isaac_rel_25deg_26,25.0000,0,0.123198,0.215087,-0.000428,0.059631,0.175717,0.048209,0.061566,0.092842,0.157210,0.100913,0.036273,0.050374,,
7.9500,isaac,initial_pitch_release,isaac_rel_25deg_26,25.0000,0,0.126565,0.231656,-0.000432,-0.045956,0.176404,0.044865,0.036273,0.050374,0.196473,0.136499,0.102656,0.131668,,
7.9650,isaac,initial_pitch_release,isaac_rel_25deg_26,25.0000,0,0.129850,0.207609,0.000015,0.104854,0.177106,0.051352,0.102656,0.131668,0.134939,0.081493,0.000000,0.005748,,
7.9800,isaac,initial_pitch_release,isaac_rel_25deg_26,25.0000,0,0.133121,0.225723,0.000628,-0.006870,0.177879,0.053137,0.000000,0.005748,0.200804,0.133941,0.109921,0.125849,,
7.9950,isaac,initial_pitch_release,isaac_rel_25deg_26,25.0000,0,0.000000,-0.138686,0.159649,-0.515369,0.000000,0.000000,0.109921,0.125849,0.148296,0.092467,0.000000,0.000000,,
0.0000,isaac,initial_pitch_release,isaac_rel_25deg_27,25.0000,0,0.000000,0.000000,0.436332,0.000000,0.000000,0.000000,0.000000,0.000000,0.000000,0.000000,0.000000,0.000000,,
0.0150,isaac,initial_pitch_release,isaac_rel_25deg_27,25.0000,0,0.001317,0.151363,0.435383,-0.114491,0.000043,0.008222,0.000000,0.000000,0.190552,0.061785,0.249682,0.027982,,
0.0300,isaac,initial_pitch_release,isaac_rel_25deg_27,25.0000,0,0.005397,0.144706,0.431818,-0.254566,0.001571,0.059840,0.249682,0.027982,0.467167,0.501677,0.840983,0.821932,,
0.0450,isaac,initial_pitch_release,isaac_rel_25deg_27,25.0000,0,0.008534,0.261599,0.422311,-0.961438,0.002325,0.034183,0.840983,0.821932,0.435406,0.440334,0.778712,0.854350,,
0.0600,isaac,initial_pitch_release,isaac_rel_25deg_27,25.0000,0,0.013143,0.329998,0.407617,-1.003622,0.002298,-0.020506,0.778712,0.854350,0.392207,0.371590,0.691393,0.744620,,
0.0750,isaac,initial_pitch_release,isaac_rel_25deg_27,25.0000,0,0.018627,0.384553,0.392937,-0.996088,0.001717,-0.045845,0.691393,0.744620,0.384679,0.359983,0.675879,0.706684,,
0.0900,isaac,initial_pitch_release,isaac_rel_25deg_27,25.0000,0,0.024921,0.442385,0.378338,-0.995755,0.000864,-0.059440,0.675879,0.706684,0.382133,0.359307,0.670612,0.699316,,
0.1050,isaac,initial_pitch_release,isaac_rel_25deg_27,25.0000,0,0.031988,0.488232,0.363849,-0.976840,-0.000153,-0.067510,0.670612,0.699316,0.375200,0.347167,0.656222,0.677003,,
0.1200,isaac,initial_pitch_release,isaac_rel_25deg_27,25.0000,0,0.039791,0.535635,0.349404,-0.976429,-0.001254,-0.072641,0.656222,0.677003,0.373440,0.342850,0.652557,0.665810,,
0.1350,isaac,initial_pitch_release,isaac_rel_25deg_27,25.0000,0,0.048309,0.586128,0.334974,-0.975450,-0.002365,-0.070898,0.652557,0.665810,0.374842,0.338316,0.655476,0.656030,,
0.1500,isaac,initial_pitch_release,isaac_rel_25deg_27,25.0000,0,0.057511,0.629534,0.320585,-0.968450,-0.003450,-0.070573,0.655476,0.656030,0.371601,0.331671,0.648721,0.642737,,
0.1650,isaac,initial_pitch_release,isaac_rel_25deg_27,25.0000,0,0.067358,0.672610,0.306248,-0.965833,-0.004528,-0.069950,0.648721,0.642737,0.366993,0.323793,0.639093,0.626637,,
0.1800,isaac,initial_pitch_release,isaac_rel_25deg_27,25.0000,0,0.077837,0.712978,0.291916,-0.965001,-0.005551,-0.064336,0.639093,0.626637,0.371636,0.320659,0.648795,0.618445,,
0.1950,isaac,initial_pitch_release,isaac_rel_25deg_27,25.0000,0,0.088948,0.756610,0.277524,-0.969867,-0.006470,-0.058138,0.648795,0.618445,0.379078,0.320761,0.664280,0.617288,,
0.2100,isaac,initial_pitch_release,isaac_rel_25deg_27,25.0000,0,0.100682,0.796503,0.263124,-0.976168,-0.007306,-0.055885,0.664280,0.617288,0.381291,0.319988,0.668869,0.615726,,
0.2250,isaac,initial_pitch_release,isaac_rel_25deg_27,25.0000,0,0.113042,0.840046,0.248694,-0.973667,-0.008135,-0.058801,0.668869,0.615726,0.383045,0.319756,0.672499,0.615059,,
0.2400,isaac,initial_pitch_release,isaac_rel_25deg_27,25.0000,0,0.125875,0.864404,0.234749,-0.925010,-0.009227,-0.092854,0.672499,0.615059,0.388051,0.323895,0.682840,0.622296,,
0.2550,isaac,initial_pitch_release,isaac_rel_25deg_27,25.0000,0,0.139086,0.888558,0.221217,-0.890778,-0.010803,-0.126093,0.682840,0.622296,0.393265,0.321982,0.693566,0.620086,,
0.2700,isaac,initial_pitch_release,isaac_rel_25deg_27,25.0000,0,0.152596,0.904945,0.208102,-0.858363,-0.012934,-0.168106,0.693566,0.620086,0.395959,0.316381,0.699094,0.609767,,
0.2850,isaac,initial_pitch_release,isaac_rel_25deg_27,25.0000,0,0.166306,0.914826,0.195699,-0.780441,-0.015667,-0.205251,0.699094,0.609767,0.398228,0.302212,0.703740,0.582743,,
0.3000,isaac,initial_pitch_release,isaac_rel_25deg_27,25.0000,0,0.180093,0.916100,0.184762,-0.666361,-0.018862,-0.229021,0.703740,0.582743,0.403603,0.297790,0.714714,0.570377,,
0.3150,isaac,initial_pitch_release,isaac_rel_25deg_27,25.0000,0,0.193917,0.919484,0.175499,-0.556324,-0.022331,-0.241595,0.714714,0.570377,0.402735,0.287529,0.712944,0.549826,,
0.3300,isaac,initial_pitch_release,isaac_rel_25deg_27,25.0000,0,0.207763,0.919301,0.167925,-0.440651,-0.025945,-0.246617,0.712944,0.549826,0.403598,0.282960,0.714704,0.538183,,
0.3450,isaac,initial_pitch_release,isaac_rel_25deg_27,25.0000,0,0.221623,0.920540,0.162011,-0.334590,-0.029566,-0.241495,0.714704,0.538183,0.404262,0.280409,0.716056,0.531647,,
0.3600,isaac,initial_pitch_release,isaac_rel_25deg_27,25.0000,0,0.235490,0.921342,0.157692,-0.225969,-0.033063,-0.228551,0.716056,0.531647,0.403540,0.276788,0.714585,0.523989,,
0.3750,isaac,initial_pitch_release,isaac_rel_25deg_27,25.0000,0,0.249346,0.918498,0.154966,-0.121272,-0.036338,-0.210392,0.714585,0.523989,0.402824,0.276909,0.713126,0.522959,,
0.3900,isaac,initial_pitch_release,isaac_rel_25deg_27,25.0000,0,0.263189,0.919053,0.153679,-0.032245,-0.039296,-0.186765,0.713126,0.522959,0.403550,0.279066,0.714605,0.526716,,
0.4050,isaac,initial_pitch_release,isaac_rel_25deg_27,25.0000,0,0.277015,0.916890,0.153714,0.058734,-0.041892,-0.162543,0.714605,0.526716,0.401559,0.277480,0.710547,0.524444,,
0.4200,isaac,initial_pitch_release,isaac_rel_25deg_27,25.0000,0,0.290811,0.915468,0.154987,0.135789,-0.044105,-0.135839,0.710547,0.524444,0.402390,0.280336,0.712242,0.529269,,
0.4350,isaac,initial_pitch_release,isaac_rel_25deg_27,25.0000,0,0.304577,0.914540,0.157356,0.206021,-0.045922,-0.110307,0.712242,0.529269,0.402347,0.282293,0.712154,0.533614,,
0.4500,isaac,initial_pitch_release,isaac_rel_25deg_27,25.0000,0,0.001948,0.910594,0.160759,0.273702,-0.047406,-0.091934,0.712154,0.533614,0.402256,0.284179,0.711969,0.537748,,
0.4650,isaac,initial_pitch_release,isaac_rel_25deg_27,25.0000,0,-0.300704,0.908411,0.165027,0.321919,-0.048614,-0.072542,0.711969,0.537748,0.420105,0.368933,0.748123,0.688328,,
0.4800,isaac,initial_pitch_release,isaac_rel_25deg_27,25.0000,0,-0.286997,0.910173,0.169989,0.366349,-0.049555,-0.057731,0.748123,0.688328,0.433693,0.366226,0.775307,0.708269,,
0.4950,isaac,initial_pitch_release,isaac_rel_25deg_27,25.0000,0,-0.273301,0.908133,0.175714,0.425481,-0.050358,-0.054474,0.775307,0.708269,0.436680,0.374137,0.781242,0.725121,,
0.5100,isaac,initial_pitch_release,isaac_rel_25deg_27,25.0000,0,-0.259618,0.908282,0.182273,0.478671,-0.051144,-0.055162,0.781242,0.725121,0.443489,0.386827,0.794718,0.749523,,
0.5250,isaac,initial_pitch_release,isaac_rel_25deg_27,25.0000,0,-0.245938,0.908041,0.189715,0.542262,-0.052001,-0.063654,0.794718,0.749523,0.444266,0.387397,0.796252,0.754477,,
0.5400,isaac,initial_pitch_release,isaac_rel_25deg_27,25.0000,0,-0.232260,0.908245,0.198178,0.615095,-0.053017,-0.075376,0.796252,0.754477,0.452348,0.400784,0.812138,0.777894,,
0.5550,isaac,initial_pitch_release,isaac_rel_25deg_27,25.0000,0,-0.218581,0.907459,0.207845,0.701860,-0.054271,-0.093297,0.812138,0.777894,0.464017,0.418012,0.834882,0.810477,,
0.5700,isaac,initial_pitch_release,isaac_rel_25deg_27,25.0000,0,-0.204898,0.908878,0.218908,0.801787,-0.055826,-0.113279,0.834882,0.810477,0.476240,0.433273,0.858461,0.840948,,
0.5850,isaac,initial_pitch_release,isaac_rel_25deg_27,25.0000,0,-0.191204,0.912350,0.231522,0.887854,-0.057712,-0.132477,0.858461,0.840948,0.491032,0.452628,0.886658,0.877374,,
0.6000,isaac,initial_pitch_release,isaac_rel_25deg_27,25.0000,0,-0.177369,0.925217,0.244670,0.903232,-0.059760,-0.137180,0.886658,0.877374,0.502157,0.465429,0.907615,0.903843,,
0.6150,isaac,initial_pitch_release,isaac_rel_25deg_27,25.0000,0,-0.163374,0.934565,0.258108,0.929274,-0.061863,-0.138075,0.907615,0.903843,0.513212,0.481729,0.928228,0.933963,,
0.6300,isaac,initial_pitch_release,isaac_rel_25deg_27,25.0000,0,-0.149241,0.943392,0.271815,0.949556,-0.063946,-0.134635,0.928228,0.933963,0.522963,0.496586,0.946231,0.962073,,
0.6450,isaac,initial_pitch_release,isaac_rel_25deg_27,25.0000,0,-0.134993,0.950084,0.285775,0.970451,-0.065963,-0.129737,0.946231,0.962073,0.531510,0.510407,0.961873,0.987954,,
0.6600,isaac,initial_pitch_release,isaac_rel_25deg_27,25.0000,0,-0.120651,0.955637,0.299954,0.988356,-0.067868,-0.120894,0.961873,0.987954,0.538148,0.521673,0.973933,1.009332,,
0.6750,isaac,initial_pitch_release,isaac_rel_25deg_27,25.0000,0,-0.106246,0.958879,0.314324,1.002826,-0.069620,-0.110926,0.973933,1.009332,0.542498,0.529974,0.981794,1.025344,,
0.6900,isaac,initial_pitch_release,isaac_rel_25deg_27,25.0000,0,-0.091803,0.960740,0.328837,1.015068,-0.071190,-0.100176,0.981794,1.025344,0.552456,0.550347,0.999659,1.058257,,
0.7050,isaac,initial_pitch_release,isaac_rel_25deg_27,25.0000,0,-0.077355,0.959524,0.343461,1.024207,-0.072547,-0.084401,0.999659,1.058257,0.559242,0.563189,1.011734,1.082418,,
0.7200,isaac,initial_pitch_release,isaac_rel_25deg_27,25.0000,0,-0.062923,0.957207,0.358151,1.029340,-0.073681,-0.072718,1.011734,1.082418,0.570473,0.585291,1.031533,1.118120,,
0.7350,isaac,initial_pitch_release,isaac_rel_25deg_27,25.0000,0,-0.048531,0.954367,0.372876,1.032118,-0.074618,-0.059930,1.031533,1.118120,0.575382,0.595499,1.040114,1.138374,,
0.7500,isaac,initial_pitch_release,isaac_rel_25deg_27,25.0000,0,-0.034196,0.949880,0.387627,1.033623,-0.075357,-0.047542,1.040114,1.138374,0.581213,0.608572,1.050253,1.159921,,
0.7650,isaac,initial_pitch_release,isaac_rel_25deg_27,25.0000,0,-0.019925,0.948608,0.402379,1.032789,-0.075931,-0.039330,1.050253,1.159921,0.584666,0.617307,1.056227,1.175485,,
0.7800,isaac,initial_pitch_release,isaac_rel_25deg_27,25.0000,0,-0.005733,0.939967,0.417153,1.035006,-0.076427,-0.037595,1.056227,1.175485,0.591885,0.632739,1.068648,1.199024,,
0.7950,isaac,initial_pitch_release,isaac_rel_25deg_27,25.0000,0,0.008401,0.936766,0.431858,1.027554,-0.076839,-0.029040,1.068648,1.199024,0.596325,0.638977,1.076239,1.211254,,
0.8100,isaac,initial_pitch_release,isaac_rel_25deg_27,25.0000,0,0.022488,0.933787,0.446539,1.026557,-0.077186,-0.027434,1.076239,1.211254,0.607500,0.659034,1.095188,1.239813,,
0.8250,isaac,initial_pitch_release,isaac_rel_25deg_27,25.0000,0,0.036542,0.931474,0.461204,1.025400,-0.077555,-0.030361,1.095188,1.239813,0.612160,0.665360,1.103023,1.252730,,
0.8400,isaac,initial_pitch_release,isaac_rel_25deg_27,25.0000,0,0.050584,0.932364,0.475851,1.024675,-0.077983,-0.033734,1.103023,1.252730,0.623530,0.681743,1.121972,1.275928,,
0.8550,isaac,initial_pitch_release,isaac_rel_25deg_27,25.0000,0,0.064630,0.933081,0.490534,1.028414,-0.078524,-0.042733,1.121972,1.275928,0.635498,0.697637,1.141660,1.299789,,
0.8700,isaac,initial_pitch_release,isaac_rel_25deg_27,25.0000,0,0.000000,-0.082831,0.146100,-0.067307,0.000000,0.000000,1.141660,1.299789,0.643326,0.706040,0.000000,0.000000,,
0.0000,isaac,initial_pitch_release,isaac_rel_25deg_28,25.0000,0,0.000000,0.000000,0.436332,0.000000,0.000000,0.000000,0.000000,0.000000,0.000000,0.000000,0.000000,0.000000,,
0.0150,isaac,initial_pitch_release,isaac_rel_25deg_28,25.0000,0,-0.000000,-0.000000,0.436332,0.000022,0.000000,0.000003,0.000000,0.000000,0.229978,0.121440,0.000000,0.000000,,
0.0300,isaac,initial_pitch_release,isaac_rel_25deg_28,25.0000,0,0.000324,-0.071483,0.441233,0.884604,-0.000102,0.079389,0.000000,0.000000,0.489823,0.522360,0.335269,0.153873,,
0.0450,isaac,initial_pitch_release,isaac_rel_25deg_28,25.0000,0,0.000660,0.089549,0.448317,0.110140,0.000998,0.064397,0.335269,0.153873,0.520826,0.587659,0.796334,0.832602,,
0.0600,isaac,initial_pitch_release,isaac_rel_25deg_28,25.0000,0,0.003522,0.254613,0.443440,-0.711146,0.001681,0.030031,0.796334,0.832602,0.469374,0.497045,0.845381,0.932855,,
0.0750,isaac,initial_pitch_release,isaac_rel_25deg_28,25.0000,0,0.008496,0.368293,0.429465,-1.037459,0.002003,0.022361,0.845381,0.932855,0.422386,0.407636,0.763215,0.804980,,
0.0900,isaac,initial_pitch_release,isaac_rel_25deg_28,25.0000,0,0.014450,0.416122,0.414853,-0.981992,0.002364,0.039901,0.763215,0.804980,0.382990,0.378275,0.684868,0.665032,,
0.1050,isaac,initial_pitch_release,isaac_rel_25deg_28,25.0000,0,0.021125,0.462805,0.400576,-0.954615,0.002957,0.053045,0.684868,0.665032,0.378902,0.391194,0.616867,0.615649,,
0.1200,isaac,initial_pitch_release,isaac_rel_25deg_28,25.0000,0,0.028534,0.511836,0.386333,-0.956401,0.003643,0.052228,0.616867,0.615649,0.372242,0.395472,0.609694,0.636137,,
0.1350,isaac,initial_pitch_release,isaac_rel_25deg_28,25.0000,0,0.036668,0.559527,0.372056,-0.958205,0.004295,0.048797,0.609694,0.636137,0.365093,0.390086,0.597964,0.643333,,
0.1500,isaac,initial_pitch_release,isaac_rel_25deg_28,25.0000,0,0.045494,0.604265,0.357807,-0.955247,0.004917,0.046796,0.597964,0.643333,0.356487,0.382694,0.585311,0.634678,,
0.1650,isaac,initial_pitch_release,isaac_rel_25deg_28,25.0000,0,0.054967,0.647362,0.343605,-0.951817,0.005547,0.048753,0.585311,0.634678,0.353193,0.378247,0.569996,0.622513,,
0.1800,isaac,initial_pitch_release,isaac_rel_25deg_28,25.0000,0,0.065070,0.688044,0.329422,-0.953421,0.006234,0.052247,0.569996,0.622513,0.348657,0.369381,0.564108,0.615078,,
0.1950,isaac,initial_pitch_release,isaac_rel_25deg_28,25.0000,0,0.075773,0.726625,0.315293,-0.944717,0.007018,0.059818,0.564108,0.615078,0.346226,0.362477,0.555982,0.600393,,
0.2100,isaac,initial_pitch_release,isaac_rel_25deg_28,25.0000,0,0.087060,0.765973,0.301196,-0.942539,0.007930,0.066999,0.555982,0.600393,0.351368,0.365927,0.551616,0.588782,,
0.2250,isaac,initial_pitch_release,isaac_rel_25deg_28,25.0000,0,0.098942,0.806889,0.287056,-0.948890,0.008949,0.072554,0.551616,0.588782,0.356941,0.362381,0.560842,0.594358,,
0.2400,isaac,initial_pitch_release,isaac_rel_25deg_28,25.0000,0,0.111422,0.850861,0.272902,-0.959469,0.010092,0.081004,0.560842,0.594358,0.363294,0.360056,0.570805,0.588549,,
0.2550,isaac,initial_pitch_release,isaac_rel_25deg_28,25.0000,0,0.124405,0.879608,0.259027,-0.923226,0.011167,0.062896,0.570805,0.588549,0.364876,0.359432,0.582118,0.584616,,
0.2700,isaac,initial_pitch_release,isaac_rel_25deg_28,25.0000,0,0.137789,0.901808,0.245518,-0.889359,0.011998,0.043965,0.582118,0.584616,0.380382,0.358558,0.584926,0.583530,,
0.2850,isaac,initial_pitch_release,isaac_rel_25deg_28,25.0000,0,0.151500,0.920592,0.232330,-0.863120,0.012639,0.035167,0.584926,0.583530,0.388522,0.351732,0.612294,0.582063,,
0.3000,isaac,initial_pitch_release,isaac_rel_25deg_28,25.0000,0,0.165412,0.927771,0.220019,-0.763063,0.013140,0.023473,0.612294,0.582063,0.391678,0.352731,0.626538,0.570662,,
0.3150,isaac,initial_pitch_release,isaac_rel_25deg_28,25.0000,0,0.179391,0.928746,0.209392,-0.640922,0.013457,0.010826,0.626538,0.570662,0.393333,0.347702,0.632038,0.572189,,
0.3300,isaac,initial_pitch_release,isaac_rel_25deg_28,25.0000,0,0.193411,0.933042,0.200566,-0.522470,0.013575,-0.001858,0.632038,0.572189,0.387796,0.332043,0.634917,0.563793,,
0.3450,isaac,initial_pitch_release,isaac_rel_25deg_28,25.0000,0,0.207448,0.932530,0.193602,-0.392138,0.013569,-0.004405,0.634917,0.563793,0.392720,0.332263,0.625271,0.537309,,
0.3600,isaac,initial_pitch_release,isaac_rel_25deg_28,25.0000,0,0.221488,0.933143,0.188510,-0.272028,0.013559,-0.000587,0.625271,0.537309,0.387646,0.320711,0.633851,0.537354,,
0.3750,isaac,initial_pitch_release,isaac_rel_25deg_28,25.0000,0,0.235526,0.932246,0.185197,-0.154135,0.013651,0.011118,0.633851,0.537354,0.390206,0.321027,0.625009,0.517723,,
0.3900,isaac,initial_pitch_release,isaac_rel_25deg_28,25.0000,0,0.249555,0.931832,0.183586,-0.043703,0.013963,0.030328,0.625009,0.517723,0.388306,0.323650,0.629475,0.518020,,
0.4050,isaac,initial_pitch_release,isaac_rel_25deg_28,25.0000,0,0.263568,0.929775,0.183593,0.062716,0.014610,0.056967,0.629475,0.518020,0.382484,0.324454,0.626161,0.522493,,
0.4200,isaac,initial_pitch_release,isaac_rel_25deg_28,25.0000,0,0.277561,0.928994,0.185114,0.160250,0.015694,0.088101,0.626161,0.522493,0.378566,0.333132,0.615981,0.523917,,
0.4350,isaac,initial_pitch_release,isaac_rel_25deg_28,25.0000,0,0.291528,0.926571,0.188067,0.255008,0.017264,0.120742,0.615981,0.523917,0.373785,0.340202,0.609104,0.538659,,
0.4500,isaac,initial_pitch_release,isaac_rel_25deg_28,25.0000,0,0.305468,0.925286,0.192368,0.340669,0.019331,0.153018,0.609104,0.538659,0.369869,0.351694,0.600687,0.550778,,
0.4650,isaac,initial_pitch_release,isaac_rel_25deg_28,25.0000,0,0.003026,0.922633,0.197948,0.423656,0.021878,0.182814,0.600687,0.550778,0.367504,0.356518,0.593771,0.570213,,
0.4800,isaac,initial_pitch_release,isaac_rel_25deg_28,25.0000,0,-0.299439,0.922395,0.204718,0.500585,0.024841,0.207107,0.593771,0.570213,0.372951,0.452235,0.589585,0.578503,,
0.4950,isaac,initial_pitch_release,isaac_rel_25deg_28,25.0000,0,-0.285566,0.920406,0.212689,0.583973,0.028114,0.223370,0.589585,0.578503,0.397083,0.451104,0.599217,0.732570,,
0.5100,isaac,initial_pitch_release,isaac_rel_25deg_28,25.0000,0,-0.271714,0.919753,0.221895,0.666643,0.031576,0.231399,0.599217,0.732570,0.412080,0.467819,0.641428,0.732719,,
0.5250,isaac,initial_pitch_release,isaac_rel_25deg_28,25.0000,0,-0.257873,0.918153,0.232410,0.757188,0.035081,0.228966,0.641428,0.732719,0.416582,0.477580,0.667278,0.758441,,
0.5400,isaac,initial_pitch_release,isaac_rel_25deg_28,25.0000,0,-0.244041,0.918849,0.244335,0.854040,0.038463,0.214819,0.667278,0.758441,0.431142,0.495669,0.674979,0.773605,,
0.5550,isaac,initial_pitch_release,isaac_rel_25deg_28,25.0000,0,-0.230135,0.927412,0.257077,0.877213,0.041368,0.172237,0.674979,0.773605,0.447825,0.521165,0.699700,0.800967,,
0.5700,isaac,initial_pitch_release,isaac_rel_25deg_28,25.0000,0,-0.216098,0.936867,0.270136,0.901887,0.043533,0.121655,0.699700,0.800967,0.459567,0.527842,0.727669,0.838846,,
0.5850,isaac,initial_pitch_release,isaac_rel_25deg_28,25.0000,0,-0.201944,0.944167,0.283519,0.925897,0.045001,0.080993,0.727669,0.838846,0.475874,0.541771,0.747120,0.848996,,
0.6000,isaac,initial_pitch_release,isaac_rel_25deg_28,25.0000,0,-0.187677,0.952235,0.297168,0.945584,0.045868,0.045701,0.747120,0.848996,0.486437,0.552271,0.773808,0.869120,,
0.6150,isaac,initial_pitch_release,isaac_rel_25deg_28,25.0000,0,-0.173308,0.958162,0.311084,0.966294,0.046240,0.019488,0.773808,0.869120,0.496465,0.561510,0.790893,0.884262,,
0.6300,isaac,initial_pitch_release,isaac_rel_25deg_28,25.0000,0,-0.158842,0.964027,0.325229,0.983835,0.046276,0.002480,0.790893,0.884262,0.509818,0.574448,0.806962,0.897425,,
0.6450,isaac,initial_pitch_release,isaac_rel_25deg_28,25.0000,0,-0.144289,0.970188,0.339584,1.000121,0.046108,-0.007381,0.806962,0.897425,0.520063,0.593129,0.828130,0.915556,,
0.6600,isaac,initial_pitch_release,isaac_rel_25deg_28,25.0000,0,-0.129669,0.973858,0.354127,1.015448,0.045850,-0.010899,0.828130,0.915556,0.529893,0.608172,0.844191,0.941300,,
0.6750,isaac,initial_pitch_release,isaac_rel_25deg_28,25.0000,0,-0.114998,0.976734,0.368806,1.024912,0.045613,-0.006711,0.844191,0.941300,0.533714,0.614265,0.859457,0.961802,,
0.6900,isaac,initial_pitch_release,isaac_rel_25deg_28,25.0000,0,-0.100296,0.977955,0.383584,1.033147,0.045502,0.005640,0.859457,0.961802,0.543167,0.630590,0.865351,0.970137,,
0.7050,isaac,initial_pitch_release,isaac_rel_25deg_28,25.0000,0,-0.085584,0.977828,0.398421,1.039299,0.045599,0.017738,0.865351,0.970137,0.548475,0.646409,0.879839,0.991632,,
0.7200,isaac,initial_pitch_release,isaac_rel_25deg_28,25.0000,0,-0.070883,0.975752,0.413302,1.043320,0.045951,0.033419,0.879839,0.991632,0.558576,0.668326,0.887915,1.012257,,
0.7350,isaac,initial_pitch_release,isaac_rel_25deg_28,25.0000,0,-0.056207,0.974247,0.428199,1.045168,0.046596,0.052816,0.887915,1.012257,0.561054,0.681821,0.903165,1.040119,,
0.7500,isaac,initial_pitch_release,isaac_rel_25deg_28,25.0000,0,-0.041573,0.970336,0.443128,1.048819,0.047545,0.071313,0.903165,1.040119,0.566556,0.694010,0.906883,1.057114,,
0.7650,isaac,initial_pitch_release,isaac_rel_25deg_28,25.0000,0,-0.026986,0.967655,0.458072,1.049366,0.048780,0.088217,0.906883,1.057114,0.570664,0.709736,0.915103,1.072137,,
0.7800,isaac,initial_pitch_release,isaac_rel_25deg_28,25.0000,0,-0.012450,0.963304,0.473043,1.051538,0.050231,0.099289,0.915103,1.072137,0.582648,0.725923,0.921211,1.091116,,
0.7950,isaac,initial_pitch_release,isaac_rel_25deg_28,25.0000,0,0.002038,0.961243,0.488014,1.049815,0.051835,0.107929,0.921211,1.091116,0.587516,0.735045,0.938881,1.110321,,
0.8100,isaac,initial_pitch_release,isaac_rel_25deg_28,25.0000,0,0.000000,0.025613,0.115966,-0.369163,0.000000,0.000000,0.938881,1.110321,0.596098,0.744216,0.000000,0.000000,,
0.0000,isaac,initial_pitch_release,isaac_rel_25deg_29,25.0000,0,0.000000,0.000000,0.436332,0.000000,0.000000,0.000000,0.000000,0.000000,0.000000,0.000000,0.000000,0.000000,,
0.0150,isaac,initial_pitch_release,isaac_rel_25deg_29,25.0000,0,-0.005637,-0.656836,0.440160,0.455576,-0.000325,-0.037338,0.000000,0.000000,-0.320554,-0.417323,-0.514433,-0.648732,,
0.0300,isaac,initial_pitch_release,isaac_rel_25deg_29,25.0000,0,-0.006549,0.009501,0.445343,0.429093,-0.000975,0.076085,-0.514433,-0.648732,0.531350,0.595461,0.994151,0.945348,,
0.0450,isaac,initial_pitch_release,isaac_rel_25deg_29,25.0000,0,-0.005120,0.162559,0.445992,-0.330730,0.000395,0.115783,0.994151,0.945348,0.473323,0.505930,0.904471,0.814684,,
0.0600,isaac,initial_pitch_release,isaac_rel_25deg_29,25.0000,0,-0.001466,0.301275,0.436145,-0.935159,0.002502,0.171947,0.904471,0.814684,0.436686,0.454183,0.845409,0.733927,,
0.0750,isaac,initial_pitch_release,isaac_rel_25deg_29,25.0000,0,0.003660,0.359407,0.421842,-0.975214,0.004743,0.145536,0.845409,0.733927,0.376189,0.411932,0.743975,0.665288,,
0.0900,isaac,initial_pitch_release,isaac_rel_25deg_29,25.0000,0,0.009645,0.419781,0.407461,-0.973936,0.006674,0.132598,0.743975,0.665288,0.364642,0.400260,0.724087,0.645914,,
0.1050,isaac,initial_pitch_release,isaac_rel_25deg_29,25.0000,0,0.016419,0.463863,0.393138,-0.962807,0.008503,0.131606,0.724087,0.645914,0.355849,0.391331,0.708836,0.630977,,
0.1200,isaac,initial_pitch_release,isaac_rel_25deg_29,25.0000,0,0.023963,0.521495,0.378812,-0.964821,0.010314,0.129595,0.708836,0.630977,0.354462,0.395826,0.706422,0.638509,,
0.1350,isaac,initial_pitch_release,isaac_rel_25deg_29,25.0000,0,0.032240,0.568991,0.364546,-0.959778,0.012092,0.126559,0.706422,0.638509,0.341699,0.391190,0.684099,0.630740,,
0.1500,isaac,initial_pitch_release,isaac_rel_25deg_29,25.0000,0,0.041203,0.612483,0.350360,-0.953749,0.013890,0.130981,0.684099,0.630740,0.334318,0.383771,0.671104,0.618253,,
0.1650,isaac,initial_pitch_release,isaac_rel_25deg_29,25.0000,0,0.050809,0.657027,0.336226,-0.952950,0.015742,0.133116,0.671104,0.618253,0.328035,0.381151,0.659993,0.613826,,
0.1800,isaac,initial_pitch_release,isaac_rel_25deg_29,25.0000,0,0.061050,0.685276,0.322146,-0.943362,0.017664,0.142293,0.659993,0.613826,0.323645,0.374649,0.652204,0.602804,,
0.1950,isaac,initial_pitch_release,isaac_rel_25deg_29,25.0000,0,0.071887,0.736942,0.308120,-0.943832,0.019675,0.143428,0.652204,0.602804,0.316703,0.368968,0.639842,0.593131,,
0.2100,isaac,initial_pitch_release,isaac_rel_25deg_29,25.0000,0,0.083316,0.775859,0.294096,-0.940478,0.021756,0.145864,0.639842,0.593131,0.321969,0.369948,0.649224,0.594803,,
0.2250,isaac,initial_pitch_release,isaac_rel_25deg_29,25.0000,0,0.095340,0.820247,0.280038,-0.951346,0.023871,0.143573,0.649224,0.594803,0.328655,0.373694,0.661092,0.601180,,
0.2400,isaac,initial_pitch_release,isaac_rel_25deg_29,25.0000,0,0.107847,0.842946,0.266297,-0.912532,0.025759,0.117045,0.661092,0.601180,0.337584,0.357908,0.676862,0.574191,,
0.2550,isaac,initial_pitch_release,isaac_rel_25deg_29,25.0000,0,0.120812,0.875259,0.252629,-0.910084,0.027122,0.066877,0.676862,0.574191,0.350289,0.366920,0.699144,0.589636,,
0.2700,isaac,initial_pitch_release,isaac_rel_25deg_29,25.0000,0,0.134122,0.894130,0.239325,-0.871926,0.027942,0.039463,0.699144,0.589636,0.374373,0.348029,0.740858,0.557151,,
0.2850,isaac,initial_pitch_release,isaac_rel_25deg_29,25.0000,0,0.147674,0.906681,0.226600,-0.805573,0.028415,0.016322,0.740858,0.557151,0.381385,0.339028,0.752870,0.541525,,
0.3000,isaac,initial_pitch_release,isaac_rel_25deg_29,25.0000,0,0.161328,0.908089,0.215267,-0.687763,0.028524,-0.009798,0.752870,0.541525,0.381983,0.328015,0.753893,0.522283,,
0.3150,isaac,initial_pitch_release,isaac_rel_25deg_29,25.0000,0,0.175029,0.911587,0.205651,-0.575769,0.028299,-0.027478,0.753893,0.522283,0.379095,0.313287,0.748954,0.496339,,
0.3300,isaac,initial_pitch_release,isaac_rel_25deg_29,25.0000,0,0.188766,0.912468,0.197771,-0.458377,0.027834,-0.040715,0.748954,0.496339,0.384196,0.313119,0.757669,0.496043,,
0.3450,isaac,initial_pitch_release,isaac_rel_25deg_29,25.0000,0,0.202525,0.914535,0.191651,-0.341862,0.027211,-0.047646,0.757669,0.496043,0.384106,0.305207,0.757515,0.482007,,
0.3600,isaac,initial_pitch_release,isaac_rel_25deg_29,25.0000,0,0.216293,0.913762,0.187305,-0.220948,0.026527,-0.047523,0.757515,0.482007,0.385202,0.303421,0.759383,0.478829,,
0.3750,isaac,initial_pitch_release,isaac_rel_25deg_29,25.0000,0,0.230061,0.914457,0.184704,-0.107526,0.025898,-0.038361,0.759383,0.478829,0.383842,0.305047,0.757066,0.481723,,
0.3900,isaac,initial_pitch_release,isaac_rel_25deg_29,25.0000,0,0.243821,0.912670,0.183797,0.006830,0.025462,-0.020772,0.757066,0.481723,0.384225,0.309764,0.757718,0.490099,,
0.4050,isaac,initial_pitch_release,isaac_rel_25deg_29,25.0000,0,0.257565,0.912303,0.184523,0.112687,0.025336,0.003805,0.757718,0.490099,0.377205,0.304381,0.745718,0.480539,,
0.4200,isaac,initial_pitch_release,isaac_rel_25deg_29,25.0000,0,0.271288,0.910022,0.186831,0.218690,0.025628,0.034776,0.745718,0.480539,0.373584,0.320902,0.739503,0.509783,,
0.4350,isaac,initial_pitch_release,isaac_rel_25deg_29,25.0000,0,0.284985,0.908602,0.190666,0.317401,0.026414,0.068617,0.739503,0.509783,0.372014,0.330929,0.736803,0.527388,,
0.4500,isaac,initial_pitch_release,isaac_rel_25deg_29,25.0000,0,0.298656,0.904229,0.195955,0.412913,0.027709,0.101274,0.736803,0.527388,0.369253,0.339031,0.732049,0.541530,,
0.4650,isaac,initial_pitch_release,isaac_rel_25deg_29,25.0000,0,-0.004050,0.906311,0.202555,0.493823,0.029521,0.135511,0.732049,0.541530,0.367952,0.346205,0.729805,0.553992,,
0.4800,isaac,initial_pitch_release,isaac_rel_25deg_29,25.0000,0,-0.306785,0.902206,0.210515,0.593378,0.031795,0.160642,0.729805,0.553992,0.384150,0.453399,0.757590,0.732676,,
0.4950,isaac,initial_pitch_release,isaac_rel_25deg_29,25.0000,0,-0.293198,0.901297,0.219882,0.681839,0.034416,0.180291,0.757590,0.732676,0.419843,0.454805,0.817647,0.734921,,
0.5100,isaac,initial_pitch_release,isaac_rel_25deg_29,25.0000,0,-0.279635,0.898459,0.230628,0.775821,0.037286,0.192438,0.817647,0.734921,0.425603,0.471348,0.827184,0.761128,,
0.5250,isaac,initial_pitch_release,isaac_rel_25deg_29,25.0000,0,-0.266091,0.899550,0.242776,0.864823,0.040255,0.191755,0.827184,0.761128,0.436621,0.482889,0.845304,0.779187,,
0.5400,isaac,initial_pitch_release,isaac_rel_25deg_29,25.0000,0,-0.252476,0.907753,0.255631,0.879922,0.042968,0.162705,0.845304,0.779187,0.448048,0.498770,0.863923,0.803735,,
0.5550,isaac,initial_pitch_release,isaac_rel_25deg_29,25.0000,0,-0.238744,0.915573,0.268724,0.902138,0.045169,0.127963,0.863923,0.803735,0.461725,0.518449,0.885974,0.833656,,
0.5700,isaac,initial_pitch_release,isaac_rel_25deg_29,25.0000,0,-0.224911,0.921290,0.282049,0.919860,0.046808,0.091997,0.885974,0.833656,0.472132,0.523574,0.902581,0.841357,,
0.5850,isaac,initial_pitch_release,isaac_rel_25deg_29,25.0000,0,-0.210981,0.929727,0.295575,0.935183,0.047895,0.057919,0.902581,0.841357,0.485733,0.537424,0.924055,0.861980,,
0.6000,isaac,initial_pitch_release,isaac_rel_25deg_29,25.0000,0,-0.196964,0.934410,0.309339,0.955979,0.048469,0.026633,0.924055,0.861980,0.494628,0.546422,0.937957,0.875229,,
0.6150,isaac,initial_pitch_release,isaac_rel_25deg_29,25.0000,0,-0.182862,0.939735,0.323299,0.971349,0.048627,0.005405,0.937957,0.875229,0.502438,0.550438,0.950072,0.881105,,
0.6300,isaac,initial_pitch_release,isaac_rel_25deg_29,25.0000,0,-0.168677,0.946171,0.337460,0.986705,0.048465,-0.013927,0.950072,0.881105,0.517664,0.575661,0.973436,0.917465,,
0.6450,isaac,initial_pitch_release,isaac_rel_25deg_29,25.0000,0,-0.154424,0.949462,0.351839,1.004556,0.048077,-0.023989,0.973436,0.917465,0.529760,0.585993,0.991758,0.932088,,
0.6600,isaac,initial_pitch_release,isaac_rel_25deg_29,25.0000,0,-0.140107,0.954925,0.366383,1.016943,0.047558,-0.031474,0.991758,0.932088,0.535116,0.598921,0.999803,0.950162,,
0.6750,isaac,initial_pitch_release,isaac_rel_25deg_29,25.0000,0,-0.125745,0.955348,0.381092,1.030856,0.047029,-0.025684,0.999803,0.950162,0.544865,0.612085,1.014338,0.968310,,
0.6900,isaac,initial_pitch_release,isaac_rel_25deg_29,25.0000,0,-0.111345,0.957680,0.395885,1.037018,0.046578,-0.022035,1.014338,0.968310,0.555389,0.633954,1.029871,0.997886,,
0.7050,isaac,initial_pitch_release,isaac_rel_25deg_29,25.0000,0,-0.096927,0.957079,0.410758,1.044010,0.046256,-0.011089,1.029871,0.997886,0.557958,0.640273,1.033638,1.006298,,
0.7200,isaac,initial_pitch_release,isaac_rel_25deg_29,25.0000,0,-0.082505,0.957822,0.425672,1.047752,0.046171,0.005154,1.033638,1.006298,0.563018,0.655063,1.041029,1.025755,,
0.7350,isaac,initial_pitch_release,isaac_rel_25deg_29,25.0000,0,-0.068100,0.955792,0.440634,1.052734,0.046364,0.021082,1.041029,1.025755,0.568592,0.674407,1.049127,1.050707,,
0.7500,isaac,initial_pitch_release,isaac_rel_25deg_29,25.0000,0,-0.053725,0.953261,0.455626,1.056139,0.046849,0.040686,1.049127,1.050707,0.577228,0.694688,1.061581,1.076265,,
0.7650,isaac,initial_pitch_release,isaac_rel_25deg_29,25.0000,0,-0.039391,0.950204,0.470643,1.057377,0.047623,0.057875,1.061581,1.076265,0.581083,0.705225,1.067104,1.089300,,
0.7800,isaac,initial_pitch_release,isaac_rel_25deg_29,25.0000,0,-0.025101,0.946930,0.485688,1.059616,0.048671,0.073551,1.067104,1.089300,0.591102,0.721732,1.081356,1.109388,,
0.7950,isaac,initial_pitch_release,isaac_rel_25deg_29,25.0000,0,0.000000,-0.091475,-0.056283,0.571181,0.000000,0.000000,1.081356,1.109388,0.592975,0.734363,0.000000,0.000000,,
0.0000,isaac,initial_pitch_release,isaac_rel_25deg_30,25.0000,0,0.000000,0.000000,0.436332,0.000000,0.000000,0.000000,0.000000,0.000000,0.000000,0.000000,0.000000,0.000000,,
0.0150,isaac,initial_pitch_release,isaac_rel_25deg_30,25.0000,0,0.000384,0.045075,0.436070,-0.034522,0.000009,0.002160,0.000000,0.000000,0.106195,-0.012104,0.078818,0.000000,,
0.0300,isaac,initial_pitch_release,isaac_rel_25deg_30,25.0000,0,0.003609,0.083960,0.435492,0.042656,0.000387,-0.040484,0.078818,0.000000,0.484602,0.519073,0.664650,0.775526,,
0.0450,isaac,initial_pitch_release,isaac_rel_25deg_30,25.0000,0,0.005685,0.181716,0.432310,-0.450502,-0.000200,-0.049738,0.664650,0.775526,0.470152,0.477856,0.644904,0.719207,,
0.0600,isaac,initial_pitch_release,isaac_rel_25deg_30,25.0000,0,0.009207,0.279583,0.422754,-0.801845,-0.001155,-0.072337,0.644904,0.719207,0.435991,0.421347,0.597227,0.638597,,
0.0750,isaac,initial_pitch_release,isaac_rel_25deg_30,25.0000,0,0.013934,0.337263,0.409194,-0.937486,-0.002285,-0.066833,0.597227,0.638597,0.417902,0.389782,0.571428,0.591938,,
0.0900,isaac,initial_pitch_release,isaac_rel_25deg_30,25.0000,0,0.019407,0.380981,0.395214,-0.934799,-0.003294,-0.059302,0.571428,0.591938,0.400124,0.374095,0.545711,0.568335,,
0.1050,isaac,initial_pitch_release,isaac_rel_25deg_30,25.0000,0,0.025539,0.424200,0.381254,-0.930989,-0.004222,-0.056030,0.545711,0.568335,0.392662,0.373021,0.534812,0.566710,,
0.1200,isaac,initial_pitch_release,isaac_rel_25deg_30,25.0000,0,0.032295,0.465455,0.367307,-0.932946,-0.005125,-0.055377,0.534812,0.566710,0.387071,0.370889,0.526606,0.563479,,
0.1350,isaac,initial_pitch_release,isaac_rel_25deg_30,25.0000,0,0.039639,0.502996,0.353435,-0.921934,-0.005994,-0.052182,0.526606,0.563479,0.376599,0.357505,0.511144,0.543084,,
0.1500,isaac,initial_pitch_release,isaac_rel_25deg_30,25.0000,0,0.047544,0.538298,0.339569,-0.926268,-0.006845,-0.055376,0.511144,0.543084,0.371163,0.358211,0.503072,0.544165,,
0.1650,isaac,initial_pitch_release,isaac_rel_25deg_30,25.0000,0,0.055991,0.575614,0.325724,-0.922182,-0.007694,-0.052819,0.503072,0.544165,0.365626,0.352229,0.494818,0.534993,,
0.1800,isaac,initial_pitch_release,isaac_rel_25deg_30,25.0000,0,0.064947,0.607938,0.311954,-0.916784,-0.008530,-0.052450,0.494818,0.534993,0.354154,0.340963,0.477613,0.517618,,
0.1950,isaac,initial_pitch_release,isaac_rel_25deg_30,25.0000,0,0.074391,0.641009,0.298155,-0.917308,-0.009343,-0.051084,0.477613,0.517618,0.355966,0.341069,0.480341,0.517782,,
0.2100,isaac,initial_pitch_release,isaac_rel_25deg_30,25.0000,0,0.084326,0.670552,0.284336,-0.920792,-0.010077,-0.042364,0.480341,0.517782,0.358515,0.335186,0.484170,0.508658,,
0.2250,isaac,initial_pitch_release,isaac_rel_25deg_30,25.0000,0,0.094732,0.704520,0.270523,-0.919180,-0.010702,-0.038300,0.484170,0.508658,0.355705,0.328938,0.479949,0.498931,,
0.2400,isaac,initial_pitch_release,isaac_rel_25deg_30,25.0000,0,0.105615,0.735831,0.256688,-0.922933,-0.011215,-0.031599,0.479949,0.498931,0.359361,0.327291,0.485439,0.496360,,
0.2550,isaac,initial_pitch_release,isaac_rel_25deg_30,25.0000,0,0.116983,0.769156,0.242776,-0.928242,-0.011613,-0.024914,0.485439,0.496360,0.367147,0.328758,0.497088,0.498650,,
0.2700,isaac,initial_pitch_release,isaac_rel_25deg_30,25.0000,0,0.128828,0.799527,0.228877,-0.928848,-0.011880,-0.016714,0.497088,0.498650,0.365836,0.318301,0.495132,0.482280,,
0.2850,isaac,initial_pitch_release,isaac_rel_25deg_30,25.0000,0,0.141157,0.833390,0.214932,-0.930778,-0.012039,-0.012478,0.495132,0.482280,0.370092,0.320371,0.501478,0.485530,,
0.3000,isaac,initial_pitch_release,isaac_rel_25deg_30,25.0000,0,0.153977,0.862630,0.200959,-0.935492,-0.012109,-0.006700,0.501478,0.485530,0.373606,0.315665,0.506704,0.478137,,
0.3150,isaac,initial_pitch_release,isaac_rel_25deg_30,25.0000,0,0.167240,0.894161,0.187115,-0.919973,-0.012329,-0.032409,0.506704,0.478137,0.372773,0.314713,0.505466,0.476639,,
0.3300,isaac,initial_pitch_release,isaac_rel_25deg_30,25.0000,0,0.180860,0.914808,0.173568,-0.895485,-0.013007,-0.068488,0.505466,0.476639,0.374796,0.307942,0.508470,0.465960,,
0.3450,isaac,initial_pitch_release,isaac_rel_25deg_30,25.0000,0,0.194754,0.931578,0.160347,-0.867729,-0.014151,-0.095386,0.508470,0.465960,0.377220,0.298461,0.512065,0.450934,,
0.3600,isaac,initial_pitch_release,isaac_rel_25deg_30,25.0000,0,0.208806,0.935412,0.147864,-0.783894,-0.015619,-0.110021,0.512065,0.450934,0.375894,0.286907,0.510100,0.432511,,
0.3750,isaac,initial_pitch_release,isaac_rel_25deg_30,25.0000,0,0.222905,0.938261,0.136672,-0.696020,-0.017227,-0.111858,0.510100,0.432511,0.377282,0.282826,0.512156,0.425976,,
0.3900,isaac,initial_pitch_release,isaac_rel_25deg_30,25.0000,0,0.237024,0.938180,0.126798,-0.609288,-0.018807,-0.103690,0.512156,0.425976,0.372916,0.273164,0.505679,0.410443,,
0.4050,isaac,initial_pitch_release,isaac_rel_25deg_30,25.0000,0,0.251154,0.939616,0.118120,-0.534979,-0.020203,-0.086179,0.505679,0.410443,0.372715,0.272077,0.505379,0.408692,,
0.4200,isaac,initial_pitch_release,isaac_rel_25deg_30,25.0000,0,0.265287,0.939972,0.110490,-0.468462,-0.021315,-0.063199,0.505379,0.408692,0.368877,0.267281,0.499669,0.400947,,
0.4350,isaac,initial_pitch_release,isaac_rel_25deg_30,25.0000,0,0.279411,0.938511,0.103782,-0.412565,-0.022083,-0.039103,0.499669,0.400947,0.364425,0.263513,0.493023,0.394850,,
0.4500,isaac,initial_pitch_release,isaac_rel_25deg_30,25.0000,0,0.293532,0.938877,0.097763,-0.375167,-0.022462,-0.010128,0.493023,0.394850,0.362813,0.263356,0.490612,0.394596,,
0.4650,isaac,initial_pitch_release,isaac_rel_25deg_30,25.0000,0,0.307656,0.938857,0.092222,-0.347459,-0.022422,0.017366,0.490612,0.394596,0.360874,0.263953,0.487708,0.395562,,
0.4800,isaac,initial_pitch_release,isaac_rel_25deg_30,25.0000,0,-0.310937,0.937649,0.087011,-0.331324,-0.021988,0.043552,0.487708,0.395562,0.353160,0.255809,0.476118,0.382345,,
0.4950,isaac,initial_pitch_release,isaac_rel_25deg_30,25.0000,0,-0.296800,0.940517,0.081915,-0.331552,-0.021190,0.066178,0.476118,0.382345,0.369597,0.301877,0.500740,0.456358,,
0.5100,isaac,initial_pitch_release,isaac_rel_25deg_30,25.0000,0,-0.282654,0.939728,0.076867,-0.327353,-0.020131,0.078467,0.500740,0.456358,0.370214,0.308637,0.501660,0.467058,,
0.5250,isaac,initial_pitch_release,isaac_rel_25deg_30,25.0000,0,-0.268497,0.942191,0.071785,-0.335319,-0.018931,0.084851,0.501660,0.467058,0.364038,0.302257,0.492444,0.456960,,
0.5400,isaac,initial_pitch_release,isaac_rel_25deg_30,25.0000,0,-0.254318,0.943084,0.066599,-0.341159,-0.017682,0.086335,0.492444,0.456960,0.363702,0.307101,0.491942,0.464630,,
0.5550,isaac,initial_pitch_release,isaac_rel_25deg_30,25.0000,0,-0.240112,0.945844,0.061303,-0.350578,-0.016460,0.081054,0.491942,0.464630,0.363431,0.308789,0.491536,0.467298,,
0.5700,isaac,initial_pitch_release,isaac_rel_25deg_30,25.0000,0,-0.225873,0.947443,0.055918,-0.353815,-0.015392,0.064245,0.491536,0.467298,0.358390,0.301384,0.483982,0.455577,,
0.5850,isaac,initial_pitch_release,isaac_rel_25deg_30,25.0000,0,-0.211592,0.951368,0.050498,-0.353904,-0.014606,0.041700,0.483982,0.455577,0.357246,0.298424,0.482264,0.450876,,
0.6000,isaac,initial_pitch_release,isaac_rel_25deg_30,25.0000,0,-0.197273,0.951191,0.045154,-0.343365,-0.014176,0.014976,0.482264,0.450876,0.361842,0.304034,0.489158,0.459777,,
0.6150,isaac,initial_pitch_release,isaac_rel_25deg_30,25.0000,0,-0.182902,0.958250,0.039917,-0.339282,-0.014193,-0.018835,0.489158,0.459777,0.363327,0.300504,0.491381,0.454180,,
0.6300,isaac,initial_pitch_release,isaac_rel_25deg_30,25.0000,0,-0.168494,0.958214,0.034990,-0.304594,-0.014656,-0.044061,0.491381,0.454180,0.367882,0.303645,0.498185,0.459161,,
0.6450,isaac,initial_pitch_release,isaac_rel_25deg_30,25.0000,0,-0.154063,0.961366,0.030545,-0.274511,-0.015496,-0.070141,0.498185,0.459161,0.372326,0.306178,0.504801,0.463172,,
0.6600,isaac,initial_pitch_release,isaac_rel_25deg_30,25.0000,0,-0.139604,0.962163,0.026622,-0.235725,-0.016690,-0.092178,0.504801,0.463172,0.371920,0.300935,0.504198,0.454864,,
0.6750,isaac,initial_pitch_release,isaac_rel_25deg_30,25.0000,0,-0.125122,0.964103,0.023296,-0.196250,-0.018165,-0.107326,0.504198,0.454864,0.378536,0.310430,0.514013,0.469889,,
0.6900,isaac,initial_pitch_release,isaac_rel_25deg_30,25.0000,0,-0.110628,0.963953,0.020611,-0.151376,-0.019829,-0.116335,0.514013,0.469889,0.381573,0.312486,0.518503,0.473131,,
0.7050,isaac,initial_pitch_release,isaac_rel_25deg_30,25.0000,0,-0.096127,0.964753,0.018570,-0.108957,-0.021573,-0.118616,0.518503,0.473131,0.380884,0.310790,0.517486,0.470457,,
0.7200,isaac,initial_pitch_release,isaac_rel_25deg_30,25.0000,0,-0.081632,0.961138,0.017147,-0.067472,-0.023283,-0.111448,0.517486,0.470457,0.380608,0.311869,0.517078,0.472160,,
0.7350,isaac,initial_pitch_release,isaac_rel_25deg_30,25.0000,0,-0.067131,0.965092,0.016179,-0.046876,-0.024791,-0.091430,0.517078,0.472160,0.384110,0.321748,0.522246,0.487688,,
0.7500,isaac,initial_pitch_release,isaac_rel_25deg_30,25.0000,0,-0.052651,0.960872,0.015663,-0.008285,-0.026017,-0.074804,0.522246,0.487688,0.383278,0.325614,0.521019,0.493739,,
0.7650,isaac,initial_pitch_release,isaac_rel_25deg_30,25.0000,0,-0.038206,0.960080,0.015541,0.007323,-0.026927,-0.049005,0.521019,0.493739,0.382108,0.329879,0.519292,0.500398,,
0.7800,isaac,initial_pitch_release,isaac_rel_25deg_30,25.0000,0,-0.023786,0.957441,0.015596,0.016164,-0.027438,-0.019677,0.519292,0.500398,0.377116,0.328060,0.511910,0.497560,,
0.7950,isaac,initial_pitch_release,isaac_rel_25deg_30,25.0000,0,-0.009391,0.956788,0.015663,0.010209,-0.027500,0.010764,0.511910,0.497560,0.372809,0.329612,0.505520,0.499981,,
0.8100,isaac,initial_pitch_release,isaac_rel_25deg_30,25.0000,0,0.004982,0.954501,0.015599,-0.000552,-0.027142,0.036775,0.505520,0.499981,0.369023,0.332749,0.499885,0.504868,,
0.8250,isaac,initial_pitch_release,isaac_rel_25deg_30,25.0000,0,0.019340,0.954651,0.015260,-0.027043,-0.026435,0.058413,0.499885,0.504868,0.367550,0.338365,0.497689,0.513592,,
0.8400,isaac,initial_pitch_release,isaac_rel_25deg_30,25.0000,0,0.033688,0.953109,0.014547,-0.052017,-0.025453,0.074698,0.497689,0.513592,0.356764,0.326410,0.481540,0.494983,,
0.8550,isaac,initial_pitch_release,isaac_rel_25deg_30,25.0000,0,0.048038,0.954948,0.013364,-0.088118,-0.024286,0.083189,0.481540,0.494983,0.357648,0.335157,0.482868,0.508613,,
0.8700,isaac,initial_pitch_release,isaac_rel_25deg_30,25.0000,0,0.062395,0.955103,0.011701,-0.117569,-0.023047,0.084275,0.482868,0.508613,0.351895,0.327810,0.474211,0.497170,,
0.8850,isaac,initial_pitch_release,isaac_rel_25deg_30,25.0000,0,0.076761,0.956438,0.009590,-0.147066,-0.021853,0.077048,0.474211,0.497170,0.347580,0.320685,0.467694,0.486021,,
0.9000,isaac,initial_pitch_release,isaac_rel_25deg_30,25.0000,0,0.091152,0.958155,0.007051,-0.174106,-0.020820,0.063324,0.467694,0.486021,0.345407,0.313988,0.464406,0.475497,,
0.9150,isaac,initial_pitch_release,isaac_rel_25deg_30,25.0000,0,0.105571,0.960401,0.004164,-0.194812,-0.020028,0.044101,0.464406,0.475497,0.345808,0.309329,0.465013,0.468152,,
0.9300,isaac,initial_pitch_release,isaac_rel_25deg_30,25.0000,0,0.120024,0.960756,0.001047,-0.206722,-0.019568,0.017632,0.465013,0.468152,0.345508,0.301955,0.464560,0.456482,,
0.9450,isaac,initial_pitch_release,isaac_rel_25deg_30,25.0000,0,0.134524,0.966665,-0.002259,-0.219358,-0.019532,-0.013525,0.464560,0.456482,0.344823,0.291586,0.463522,0.439987,,
0.9600,isaac,initial_pitch_release,isaac_rel_25deg_30,25.0000,0,0.149056,0.966326,-0.005527,-0.204527,-0.019924,-0.039802,0.463522,0.439987,0.348669,0.288917,0.469341,0.435725,,
0.9750,isaac,initial_pitch_release,isaac_rel_25deg_30,25.0000,0,0.163613,0.970000,-0.008612,-0.194692,-0.020706,-0.066390,0.469341,0.435725,0.347710,0.278590,0.467891,0.419177,,
0.9900,isaac,initial_pitch_release,isaac_rel_25deg_30,25.0000,0,0.178196,0.970362,-0.011430,-0.169664,-0.021853,-0.088945,0.467891,0.419177,0.351951,0.276060,0.474295,0.415109,,
1.0050,isaac,initial_pitch_release,isaac_rel_25deg_30,25.0000,0,0.192795,0.972171,-0.013887,-0.146467,-0.023302,-0.107337,0.474295,0.415109,0.354834,0.272175,0.478637,0.408850,,
1.0200,isaac,initial_pitch_release,isaac_rel_25deg_30,25.0000,0,0.207406,0.971861,-0.015954,-0.117872,-0.024956,-0.116279,0.478637,0.408850,0.354598,0.263664,0.478283,0.395093,,
1.0350,isaac,initial_pitch_release,isaac_rel_25deg_30,25.0000,0,0.222022,0.972735,-0.017635,-0.093433,-0.026689,-0.117781,0.478283,0.395093,0.356062,0.260987,0.480485,0.390755,,
1.0500,isaac,initial_pitch_release,isaac_rel_25deg_30,25.0000,0,0.236633,0.973065,-0.018959,-0.069714,-0.028382,-0.111509,0.480485,0.390755,0.354340,0.254733,0.477894,0.380594,,
1.0650,isaac,initial_pitch_release,isaac_rel_25deg_30,25.0000,0,0.251219,0.969391,-0.019925,-0.045864,-0.029947,-0.100530,0.477894,0.380594,0.355392,0.255047,0.479476,0.381106,,
1.0800,isaac,initial_pitch_release,isaac_rel_25deg_30,25.0000,0,0.265788,0.968724,-0.020733,-0.046087,-0.031262,-0.076902,0.479476,0.381106,0.349627,0.244842,0.470787,0.364461,,
1.0950,isaac,initial_pitch_release,isaac_rel_25deg_30,25.0000,0,0.280347,0.968064,-0.021587,-0.051833,-0.032181,-0.047925,0.470787,0.364461,0.344940,0.241359,0.463698,0.358762,,
1.1100,isaac,initial_pitch_release,isaac_rel_25deg_30,25.0000,0,0.294882,0.965477,-0.022575,-0.063774,-0.032685,-0.019650,0.463698,0.358762,0.342412,0.241202,0.459867,0.358504,,
1.1250,isaac,initial_pitch_release,isaac_rel_25deg_30,25.0000,0,0.309396,0.965211,-0.023878,-0.093280,-0.032747,0.010565,0.459867,0.358504,0.338185,0.236762,0.453443,0.351224,,
1.1400,isaac,initial_pitch_release,isaac_rel_25deg_30,25.0000,0,-0.308825,0.963166,-0.025651,-0.128298,-0.032396,0.036980,0.453443,0.351224,0.333142,0.232170,0.445757,0.343680,,
1.1550,isaac,initial_pitch_release,isaac_rel_25deg_30,25.0000,0,-0.294340,0.963591,-0.028047,-0.176755,-0.031691,0.058574,0.445757,0.343680,0.359799,0.298819,0.486097,0.451504,,
1.1700,isaac,initial_pitch_release,isaac_rel_25deg_30,25.0000,0,-0.279861,0.961455,-0.031196,-0.228312,-0.030718,0.074005,0.486097,0.451504,0.356545,0.292814,0.481211,0.441947,,
1.1850,isaac,initial_pitch_release,isaac_rel_25deg_30,25.0000,0,-0.265366,0.965606,-0.035254,-0.297463,-0.029558,0.084103,0.481211,0.441947,0.349260,0.287120,0.470233,0.432853,,
1.2000,isaac,initial_pitch_release,isaac_rel_25deg_30,25.0000,0,-0.250856,0.965308,-0.040207,-0.349340,-0.028322,0.084408,0.470233,0.432853,0.338902,0.282239,0.454534,0.425036,,
1.2150,isaac,initial_pitch_release,isaac_rel_25deg_30,25.0000,0,-0.236330,0.967753,-0.046011,-0.409986,-0.027134,0.077485,0.454534,0.425036,0.324881,0.266632,0.433112,0.399897,,
1.2300,isaac,initial_pitch_release,isaac_rel_25deg_30,25.0000,0,-0.221773,0.969835,-0.052701,-0.467949,-0.026106,0.062655,0.433112,0.399897,0.311558,0.253166,0.412582,0.378044,,
1.2450,isaac,initial_pitch_release,isaac_rel_25deg_30,25.0000,0,-0.207175,0.973220,-0.060232,-0.523318,-0.025343,0.041107,0.412582,0.378044,0.299847,0.240205,0.394398,0.356871,,
1.2600,isaac,initial_pitch_release,isaac_rel_25deg_30,25.0000,0,-0.192531,0.975462,-0.068531,-0.570962,-0.024914,0.017267,0.394398,0.356871,0.278573,0.213479,0.361051,0.312809,,
1.2750,isaac,initial_pitch_release,isaac_rel_25deg_30,25.0000,0,-0.177833,0.980608,-0.077553,-0.619405,-0.024858,-0.010918,0.361051,0.312809,0.263480,0.195118,0.337155,0.282246,,
1.2900,isaac,initial_pitch_release,isaac_rel_25deg_30,25.0000,0,-0.163086,0.982495,-0.087183,-0.654441,-0.025206,-0.039556,0.337155,0.282246,0.249221,0.175765,0.314410,0.249798,,
1.3050,isaac,initial_pitch_release,isaac_rel_25deg_30,25.0000,0,-0.148286,0.987460,-0.097369,-0.694140,-0.025956,-0.066637,0.314410,0.249798,0.244457,0.169421,0.306773,0.239112,,
1.3200,isaac,initial_pitch_release,isaac_rel_25deg_30,25.0000,0,-0.133442,0.989942,-0.108066,-0.724692,-0.027059,-0.088296,0.306773,0.239112,0.217513,0.134161,0.263270,0.179330,,
1.3350,isaac,initial_pitch_release,isaac_rel_25deg_30,25.0000,0,-0.118559,0.992427,-0.119254,-0.761632,-0.028428,-0.103884,0.263270,0.179330,0.213860,0.130394,0.257331,0.172907,,
1.3500,isaac,initial_pitch_release,isaac_rel_25deg_30,25.0000,0,-0.103678,0.989513,-0.130774,-0.771834,-0.029873,-0.097998,0.257331,0.172907,0.192597,0.104394,0.222590,0.128414,,
1.3650,isaac,initial_pitch_release,isaac_rel_25deg_30,25.0000,0,-0.088835,0.987563,-0.142524,-0.791694,-0.031109,-0.075967,0.222590,0.128414,0.179041,0.092287,0.200291,0.107611,,
1.3800,isaac,initial_pitch_release,isaac_rel_25deg_30,25.0000,0,-0.074165,0.968247,-0.153881,-0.723739,-0.031830,-0.027823,0.200291,0.107611,0.138089,0.046623,0.132307,0.028776,,
1.3950,isaac,initial_pitch_release,isaac_rel_25deg_30,25.0000,0,-0.059871,0.938804,-0.163833,-0.605636,-0.031939,0.007340,0.132307,0.028776,0.108878,0.026286,0.083333,0.000000,,
1.4100,isaac,initial_pitch_release,isaac_rel_25deg_30,25.0000,0,-0.046068,0.903050,-0.171899,-0.472588,-0.031747,0.015129,0.083333,0.000000,0.080709,0.012406,0.035810,0.000000,,
1.4250,isaac,initial_pitch_release,isaac_rel_25deg_30,25.0000,0,-0.032782,0.869771,-0.178114,-0.358460,-0.031499,0.016781,0.035810,0.000000,0.074802,0.010556,0.025815,0.000000,,
1.4400,isaac,initial_pitch_release,isaac_rel_25deg_30,25.0000,0,-0.020022,0.833292,-0.182590,-0.240997,-0.031334,0.005621,0.025815,0.000000,0.042233,-0.028159,0.000000,0.000000,,
1.4550,isaac,initial_pitch_release,isaac_rel_25deg_30,25.0000,0,-0.007784,0.800152,-0.185477,-0.144699,-0.031332,-0.004493,0.000000,0.000000,0.050752,-0.022351,0.000000,0.000000,,
1.4700,isaac,initial_pitch_release,isaac_rel_25deg_30,25.0000,0,0.003965,0.767590,-0.187055,-0.066064,-0.031474,-0.013674,0.000000,0.000000,0.058901,-0.023874,0.000000,0.000000,,
1.4850,isaac,initial_pitch_release,isaac_rel_25deg_30,25.0000,0,0.015187,0.730661,-0.187187,0.048046,-0.031555,0.002789,0.000000,0.000000,0.028597,-0.068230,0.000000,-0.045669,,
1.5000,isaac,initial_pitch_release,isaac_rel_25deg_30,25.0000,0,0.025934,0.703266,-0.186175,0.093383,-0.031535,-0.000664,0.000000,-0.045669,0.062718,-0.029614,0.005340,0.000000,,
1.5150,isaac,initial_pitch_release,isaac_rel_25deg_30,25.0000,0,0.036284,0.677856,-0.184484,0.138487,-0.031583,-0.006852,0.005340,0.000000,0.059490,-0.039036,0.000000,0.000000,,
1.5300,isaac,initial_pitch_release,isaac_rel_25deg_30,25.0000,0,0.046175,0.642959,-0.181721,0.234376,-0.031474,0.019793,0.000000,0.000000,0.033319,-0.074035,0.000000,-0.055689,,
1.5450,isaac,initial_pitch_release,isaac_rel_25deg_30,25.0000,0,0.055586,0.613603,-0.177687,0.309301,-0.031002,0.041351,0.000000,-0.055689,0.035680,-0.067596,0.000000,-0.044574,,
1.5600,isaac,initial_pitch_release,isaac_rel_25deg_30,25.0000,0,0.064596,0.589876,-0.172789,0.349991,-0.030288,0.051009,0.000000,-0.044574,0.045402,-0.053040,0.000000,-0.019410,,
1.5750,isaac,initial_pitch_release,isaac_rel_25deg_30,25.0000,0,0.073310,0.573314,-0.167587,0.351071,-0.029434,0.059766,0.000000,-0.019410,0.069514,-0.023434,0.016859,0.000000,,
1.5900,isaac,initial_pitch_release,isaac_rel_25deg_30,25.0000,0,0.081763,0.553649,-0.162234,0.369451,-0.028506,0.060864,0.016859,0.000000,0.056627,-0.040822,0.000000,0.000000,,
1.6050,isaac,initial_pitch_release,isaac_rel_25deg_30,25.0000,0,0.089961,0.539197,-0.156681,0.377360,-0.027526,0.067056,0.000000,0.000000,0.064412,-0.034587,0.008212,0.000000,,
1.6200,isaac,initial_pitch_release,isaac_rel_25deg_30,25.0000,0,0.097922,0.522830,-0.150945,0.393732,-0.026455,0.073986,0.008212,0.000000,0.061723,-0.042798,0.003653,-0.001682,,
1.6350,isaac,initial_pitch_release,isaac_rel_25deg_30,25.0000,0,0.105689,0.513014,-0.145212,0.379648,-0.025203,0.092066,0.003653,-0.001682,0.076419,-0.026080,0.028552,0.000000,,
1.6500,isaac,initial_pitch_release,isaac_rel_25deg_30,25.0000,0,0.113334,0.505624,-0.139831,0.346776,-0.023599,0.122094,0.028552,0.000000,0.088182,-0.004827,0.048442,0.000000,,
1.6650,isaac,initial_pitch_release,isaac_rel_25deg_30,25.0000,0,0.120829,0.493575,-0.134593,0.358158,-0.021718,0.130031,0.048442,0.000000,0.065158,-0.026449,0.009477,0.000000,,
1.6800,isaac,initial_pitch_release,isaac_rel_25deg_30,25.0000,0,0.128201,0.488499,-0.129539,0.325041,-0.019556,0.159002,0.009477,0.000000,0.090772,0.005370,0.052816,0.000000,,
1.6950,isaac,initial_pitch_release,isaac_rel_25deg_30,25.0000,0,0.135449,0.477690,-0.124625,0.337604,-0.017133,0.165198,0.052816,0.000000,0.066276,-0.010173,0.011372,0.000000,,
1.7100,isaac,initial_pitch_release,isaac_rel_25deg_30,25.0000,0,0.142565,0.470863,-0.119721,0.325246,-0.014525,0.184453,0.011372,0.000000,0.080277,0.006405,0.035079,0.000000,,
1.7250,isaac,initial_pitch_release,isaac_rel_25deg_30,25.0000,0,0.149593,0.466379,-0.115043,0.308125,-0.011631,0.204323,0.035079,0.000000,0.084919,0.018424,0.042929,0.000000,,
1.7400,isaac,initial_pitch_release,isaac_rel_25deg_30,25.0000,0,0.156557,0.462130,-0.110684,0.283572,-0.008434,0.224971,0.042929,0.000000,0.088626,0.030926,0.049191,0.001583,,
1.7550,isaac,initial_pitch_release,isaac_rel_25deg_30,25.0000,0,0.163438,0.454590,-0.106495,0.284635,-0.005009,0.235163,0.049191,0.001583,0.078505,0.029301,0.032082,0.000000,,
1.7700,isaac,initial_pitch_release,isaac_rel_25deg_30,25.0000,0,0.170307,0.458314,-0.102833,0.216969,-0.001485,0.238132,0.032082,0.000000,0.094949,0.050704,0.059866,0.035839,,
1.7850,isaac,initial_pitch_release,isaac_rel_25deg_30,25.0000,0,0.177128,0.449968,-0.099491,0.236453,0.002072,0.239709,0.059866,0.035839,0.071977,0.030883,0.021032,0.001508,,
1.8000,isaac,initial_pitch_release,isaac_rel_25deg_30,25.0000,0,0.183972,0.461845,-0.096839,0.133057,0.005593,0.233352,0.021032,0.001508,0.104370,0.065223,0.075746,0.060945,,
1.8150,isaac,initial_pitch_release,isaac_rel_25deg_30,25.0000,0,0.190774,0.446731,-0.094507,0.184562,0.008971,0.220575,0.075746,0.060945,0.045609,0.000642,0.000000,0.000000,,
1.8300,isaac,initial_pitch_release,isaac_rel_25deg_30,25.0000,0,0.197446,0.446272,-0.091898,0.174028,0.012273,0.225849,0.000000,0.000000,0.085842,0.035971,0.044489,0.010325,,
1.8450,isaac,initial_pitch_release,isaac_rel_25deg_30,25.0000,0,0.204145,0.449179,-0.089961,0.098273,0.015585,0.221257,0.044489,0.010325,0.102870,0.056324,0.073219,0.045562,,
1.8600,isaac,initial_pitch_release,isaac_rel_25deg_30,25.0000,0,0.210772,0.434970,-0.088141,0.151459,0.018745,0.203789,0.073219,0.045562,0.061749,0.009698,0.003697,0.000000,,
1.8750,isaac,initial_pitch_release,isaac_rel_25deg_30,25.0000,0,0.217308,0.435569,-0.086257,0.111071,0.021825,0.209939,0.003697,0.000000,0.100513,0.040689,0.069248,0.018500,,
1.8900,isaac,initial_pitch_release,isaac_rel_25deg_30,25.0000,0,0.223849,0.436884,-0.084918,0.077769,0.024972,0.212313,0.069248,0.018500,0.100107,0.040432,0.068563,0.018056,,
1.9050,isaac,initial_pitch_release,isaac_rel_25deg_30,25.0000,0,0.230318,0.425867,-0.083684,0.095399,0.028110,0.208453,0.068563,0.018056,0.084236,0.021963,0.041773,0.000000,,
1.9200,isaac,initial_pitch_release,isaac_rel_25deg_30,25.0000,0,0.236663,0.419002,-0.082227,0.107053,0.031177,0.202934,0.041773,0.000000,0.086056,0.019114,0.044851,0.000000,,
1.9350,isaac,initial_pitch_release,isaac_rel_25deg_30,25.0000,0,0.242900,0.411314,-0.080642,0.111547,0.034181,0.198883,0.044851,0.000000,0.090940,0.017178,0.053100,0.000000,,
1.9500,isaac,initial_pitch_release,isaac_rel_25deg_30,25.0000,0,0.249023,0.403342,-0.078927,0.124427,0.037103,0.192149,0.053100,0.000000,0.086938,0.008016,0.046340,0.000000,,
1.9650,isaac,initial_pitch_release,isaac_rel_25deg_30,25.0000,0,0.255059,0.399216,-0.077217,0.112096,0.040002,0.196776,0.046340,0.000000,0.101291,0.018064,0.070559,0.000000,,
1.9800,isaac,initial_pitch_release,isaac_rel_25deg_30,25.0000,0,0.260960,0.387312,-0.075258,0.155976,0.042748,0.172487,0.070559,0.000000,0.072129,-0.015797,0.021288,0.000000,,
1.9950,isaac,initial_pitch_release,isaac_rel_25deg_30,25.0000,0,0.266733,0.380842,-0.073064,0.146410,0.045330,0.175424,0.021288,0.000000,0.100333,0.001057,0.068944,0.000000,,
2.0100,isaac,initial_pitch_release,isaac_rel_25deg_30,25.0000,0,0.272423,0.375434,-0.070931,0.146311,0.047919,0.171080,0.068944,0.000000,0.096807,-0.007310,0.063000,0.000000,,
2.0250,isaac,initial_pitch_release,isaac_rel_25deg_30,25.0000,0,0.278075,0.375429,-0.069102,0.106404,0.050643,0.190766,0.063000,0.000000,0.120281,0.012422,0.102493,0.000000,,
2.0400,isaac,initial_pitch_release,isaac_rel_25deg_30,25.0000,0,0.283649,0.366210,-0.067371,0.129599,0.053441,0.183023,0.102493,0.000000,0.088380,-0.018003,0.048776,0.000000,,
2.0550,isaac,initial_pitch_release,isaac_rel_25deg_30,25.0000,0,0.289160,0.367623,-0.065784,0.090308,0.056335,0.205484,0.048776,0.000000,0.122921,0.015341,0.106921,0.000000,,
2.0700,isaac,initial_pitch_release,isaac_rel_25deg_30,25.0000,0,0.294651,0.363814,-0.064629,0.069432,0.059522,0.221567,0.106921,0.000000,0.114284,0.006534,0.092422,0.000000,,
2.0850,isaac,initial_pitch_release,isaac_rel_25deg_30,25.0000,0,0.299987,0.355597,-0.063115,0.133592,0.062649,0.196173,0.092422,0.000000,0.069593,-0.032482,0.016992,0.000000,,
2.1000,isaac,initial_pitch_release,isaac_rel_25deg_30,25.0000,0,0.305224,0.349310,-0.061496,0.089331,0.065814,0.226931,0.016992,0.000000,0.127025,0.014497,0.113800,0.000000,,
2.1150,isaac,initial_pitch_release,isaac_rel_25deg_30,25.0000,0,-0.005970,0.340129,-0.059994,0.113654,0.069193,0.225736,0.113800,0.000000,0.090987,-0.015379,0.053179,0.000000,,
2.1300,isaac,initial_pitch_release,isaac_rel_25deg_30,25.0000,0,-0.000761,0.353145,-0.059262,-0.006784,0.072184,0.176668,0.053179,0.000000,0.102951,0.095777,0.073356,0.113613,,
2.1450,isaac,initial_pitch_release,isaac_rel_25deg_30,25.0000,0,0.004440,0.340565,-0.059037,0.037249,0.074663,0.158083,0.073356,0.113613,0.075714,0.039410,0.027359,0.016285,,
2.1600,isaac,initial_pitch_release,isaac_rel_25deg_30,25.0000,0,0.009493,0.333120,-0.058430,0.047463,0.076969,0.152272,0.027359,0.016285,0.087620,0.042293,0.047493,0.021279,,
2.1750,isaac,initial_pitch_release,isaac_rel_25deg_30,25.0000,0,-0.301877,0.330714,-0.057937,0.023778,0.079218,0.149761,0.047493,0.021279,0.096912,0.050768,0.063177,0.035950,,
2.1900,isaac,initial_pitch_release,isaac_rel_25deg_30,25.0000,0,-0.296813,0.342147,-0.058417,-0.079500,0.081612,0.171945,0.063177,0.035950,0.129827,0.060735,0.118493,0.053190,,
2.2050,isaac,initial_pitch_release,isaac_rel_25deg_30,25.0000,0,-0.291766,0.330946,-0.059370,-0.047929,0.084252,0.183696,0.118493,0.053190,0.088265,0.031745,0.048582,0.003003,,
2.2200,isaac,initial_pitch_release,isaac_rel_25deg_30,25.0000,0,-0.286861,0.322847,-0.059976,-0.032321,0.087004,0.186869,0.048582,0.003003,0.085616,0.039169,0.044107,0.015866,,
2.2350,isaac,initial_pitch_release,isaac_rel_25deg_30,25.0000,0,-0.282033,0.320531,-0.060641,-0.053483,0.089794,0.188133,0.044107,0.015866,0.091848,0.050130,0.054633,0.034846,,
2.2500,isaac,initial_pitch_release,isaac_rel_25deg_30,25.0000,0,-0.277336,0.306615,-0.061068,-0.004252,0.092622,0.191868,0.054633,0.034846,0.072520,0.027226,0.021950,0.000000,,
2.2650,isaac,initial_pitch_release,isaac_rel_25deg_30,25.0000,0,-0.272780,0.300560,-0.061165,-0.007295,0.095497,0.194278,0.021950,0.000000,0.081797,0.043991,0.037651,0.024218,,
2.2800,isaac,initial_pitch_release,isaac_rel_25deg_30,25.0000,0,-0.268391,0.285178,-0.060782,0.055894,0.098345,0.188717,0.037651,0.024218,0.052778,0.011392,0.000000,0.000000,,
2.2950,isaac,initial_pitch_release,isaac_rel_25deg_30,25.0000,0,-0.264216,0.271666,-0.059609,0.101081,0.101173,0.190139,0.000000,0.000000,0.064946,0.022351,0.009118,0.000000,,
2.3100,isaac,initial_pitch_release,isaac_rel_25deg_30,25.0000,0,-0.260152,0.269547,-0.058257,0.083163,0.104063,0.196986,0.009118,0.000000,0.082148,0.044154,0.038243,0.024502,,
2.3250,isaac,initial_pitch_release,isaac_rel_25deg_30,25.0000,0,-0.256153,0.263542,-0.057017,0.085750,0.107018,0.199243,0.038243,0.024502,0.074065,0.041710,0.024567,0.020269,,
2.3400,isaac,initial_pitch_release,isaac_rel_25deg_30,25.0000,0,-0.252259,0.255161,-0.055618,0.102279,0.110013,0.201475,0.024567,0.020269,0.068782,0.037540,0.015620,0.013045,,
2.3550,isaac,initial_pitch_release,isaac_rel_25deg_30,25.0000,0,-0.248460,0.250835,-0.054107,0.101827,0.113030,0.202167,0.015620,0.013045,0.071758,0.044108,0.020660,0.024422,,
2.3700,isaac,initial_pitch_release,isaac_rel_25deg_30,25.0000,0,-0.244780,0.240293,-0.052332,0.137282,0.116061,0.202885,0.020660,0.024422,0.061452,0.034119,0.003193,0.007117,,
2.3850,isaac,initial_pitch_release,isaac_rel_25deg_30,25.0000,0,-0.241227,0.233773,-0.050212,0.148079,0.119108,0.203936,0.003193,0.007117,0.065620,0.040920,0.010260,0.018900,,
2.4000,isaac,initial_pitch_release,isaac_rel_25deg_30,25.0000,0,-0.237771,0.226899,-0.047893,0.162851,0.122148,0.202671,0.010260,0.018900,0.064330,0.040894,0.008073,0.018855,,
2.4150,isaac,initial_pitch_release,isaac_rel_25deg_30,25.0000,0,-0.234337,0.229888,-0.045821,0.119569,0.125176,0.202763,0.008073,0.018855,0.078368,0.058034,0.031851,0.048521,,
2.4300,isaac,initial_pitch_release,isaac_rel_25deg_30,25.0000,0,-0.230979,0.218312,-0.043683,0.167199,0.128263,0.210257,0.031851,0.048521,0.051306,0.027446,0.000000,0.000000,,
2.4450,isaac,initial_pitch_release,isaac_rel_25deg_30,25.0000,0,-0.227600,0.230109,-0.041984,0.069525,0.131331,0.199559,0.000000,0.000000,0.087236,0.078827,0.046844,0.084427,,
2.4600,isaac,initial_pitch_release,isaac_rel_25deg_30,25.0000,0,-0.224212,0.221725,-0.040721,0.101840,0.134324,0.202158,0.046844,0.084427,0.061805,0.038545,0.003793,0.014787,,
2.4750,isaac,initial_pitch_release,isaac_rel_25deg_30,25.0000,0,-0.220746,0.238439,-0.040212,-0.022926,0.137249,0.191041,0.003793,0.014787,0.095648,0.087020,0.061045,0.098545,,
2.4900,isaac,initial_pitch_release,isaac_rel_25deg_30,25.0000,0,-0.217271,0.225745,-0.040128,0.034374,0.140162,0.201445,0.061045,0.098545,0.044003,0.016863,0.000000,0.000000,,
2.5050,isaac,initial_pitch_release,isaac_rel_25deg_30,25.0000,0,-0.213909,0.222346,-0.039644,0.034277,0.143080,0.189725,0.000000,0.000000,0.061500,0.054433,0.003275,0.042293,,
2.5200,isaac,initial_pitch_release,isaac_rel_25deg_30,25.0000,0,-0.210645,0.213184,-0.038861,0.072090,0.145941,0.194167,0.003275,0.042293,0.055292,0.035794,0.000000,0.010019,,
2.5350,isaac,initial_pitch_release,isaac_rel_25deg_30,25.0000,0,-0.207495,0.207027,-0.037665,0.091175,0.148817,0.192292,0.000000,0.010019,0.055447,0.043689,0.000000,0.023695,,
2.5500,isaac,initial_pitch_release,isaac_rel_25deg_30,25.0000,0,-0.204410,0.204233,-0.036333,0.092194,0.151653,0.188143,0.000000,0.023695,0.062335,0.049664,0.004691,0.034040,,
2.5650,isaac,initial_pitch_release,isaac_rel_25deg_30,25.0000,0,-0.201285,0.211212,-0.035504,0.027649,0.154408,0.181198,0.004691,0.034040,0.079401,0.068074,0.033597,0.065871,,
2.5800,isaac,initial_pitch_release,isaac_rel_25deg_30,25.0000,0,-0.198192,0.201210,-0.034760,0.074671,0.157198,0.193812,0.033597,0.065871,0.030949,0.008518,0.000000,0.000000,,
2.5950,isaac,initial_pitch_release,isaac_rel_25deg_30,25.0000,0,-0.195184,0.199598,-0.033729,0.069881,0.159980,0.181096,0.000000,0.000000,0.058512,0.055592,0.000000,0.044297,,
2.6100,isaac,initial_pitch_release,isaac_rel_25deg_30,25.0000,0,-0.192194,0.198949,-0.032836,0.056242,0.162654,0.178186,0.000000,0.044297,0.066169,0.053398,0.011191,0.040501,,
2.6250,isaac,initial_pitch_release,isaac_rel_25deg_30,25.0000,0,-0.189213,0.198262,-0.032113,0.046135,0.165254,0.171923,0.011191,0.040501,0.065080,0.053379,0.009346,0.040469,,
2.6400,isaac,initial_pitch_release,isaac_rel_25deg_30,25.0000,0,-0.186268,0.194602,-0.031404,0.053680,0.167790,0.169116,0.009346,0.040469,0.062031,0.047120,0.004175,0.029637,,
2.6550,isaac,initial_pitch_release,isaac_rel_25deg_30,25.0000,0,-0.183345,0.194888,-0.030768,0.038289,0.170259,0.164011,0.004175,0.029637,0.066884,0.054184,0.012402,0.041861,,
2.6700,isaac,initial_pitch_release,isaac_rel_25deg_30,25.0000,0,-0.180436,0.192870,-0.030260,0.035438,0.172670,0.160807,0.012402,0.041861,0.064809,0.049345,0.008885,0.033488,,
2.6850,isaac,initial_pitch_release,isaac_rel_25deg_30,25.0000,0,-0.177573,0.188756,-0.029676,0.047732,0.175043,0.158474,0.008885,0.033488,0.061344,0.045208,0.003011,0.026326,,
2.7000,isaac,initial_pitch_release,isaac_rel_25deg_30,25.0000,0,-0.174632,0.201541,-0.029741,-0.045783,0.177335,0.149751,0.003011,0.026326,0.086425,0.075517,0.045474,0.078718,,
2.7150,isaac,initial_pitch_release,isaac_rel_25deg_30,25.0000,0,-0.171685,0.191510,-0.030082,0.002233,0.179641,0.160121,0.045474,0.078718,0.033975,0.008051,0.000000,0.000000,,
2.7300,isaac,initial_pitch_release,isaac_rel_25deg_30,25.0000,0,-0.168879,0.182850,-0.029764,0.044370,0.182083,0.169526,0.000000,0.000000,0.037693,0.027914,0.000000,0.000000,,
2.7450,isaac,initial_pitch_release,isaac_rel_25deg_30,25.0000,0,-0.166081,0.189226,-0.029576,-0.009353,0.184440,0.147422,0.000000,0.000000,0.068779,0.069826,0.015614,0.068896,,
2.7600,isaac,initial_pitch_release,isaac_rel_25deg_30,25.0000,0,-0.163306,0.180903,-0.029463,0.028330,0.186691,0.154127,0.015614,0.068896,0.052376,0.031698,0.000000,0.002920,,
2.7750,isaac,initial_pitch_release,isaac_rel_25deg_30,25.0000,0,-0.160578,0.182253,-0.029239,0.010107,0.188867,0.138435,0.000000,0.002920,0.062919,0.057088,0.005681,0.046885,,
2.7900,isaac,initial_pitch_release,isaac_rel_25deg_30,25.0000,0,-0.157890,0.176391,-0.028979,0.031851,0.190909,0.136941,0.005681,0.046885,0.059168,0.038394,0.000000,0.014524,,
2.8050,isaac,initial_pitch_release,isaac_rel_25deg_30,25.0000,0,-0.155252,0.175056,-0.028603,0.026606,0.192868,0.127640,0.000000,0.014524,0.063399,0.047901,0.006495,0.030989,,
2.8200,isaac,initial_pitch_release,isaac_rel_25deg_30,25.0000,0,-0.152686,0.167941,-0.027982,0.061480,0.194791,0.132796,0.006495,0.030989,0.053097,0.028728,0.000000,0.000000,,
2.8350,isaac,initial_pitch_release,isaac_rel_25deg_30,25.0000,0,-0.150099,0.175972,-0.027651,-0.006487,0.196650,0.119060,0.000000,0.000000,0.078392,0.065524,0.031890,0.061466,,
2.8500,isaac,initial_pitch_release,isaac_rel_25deg_30,25.0000,0,-0.147519,0.168257,-0.027503,0.031182,0.198440,0.121928,0.031890,0.061466,0.055893,0.028945,0.000000,0.000000,,
2.8650,isaac,initial_pitch_release,isaac_rel_25deg_30,25.0000,0,-0.145054,0.160453,-0.026828,0.065439,0.200272,0.124641,0.000000,0.000000,0.050454,0.030235,0.000000,0.000385,,
2.8800,isaac,initial_pitch_release,isaac_rel_25deg_30,25.0000,0,-0.142619,0.163045,-0.026133,0.037692,0.202026,0.111445,0.000000,0.000385,0.068253,0.052966,0.014722,0.039755,,
2.8950,isaac,initial_pitch_release,isaac_rel_25deg_30,25.0000,0,-0.140229,0.155870,-0.025358,0.072160,0.203679,0.112273,0.014722,0.039755,0.049351,0.019423,0.000000,0.000000,,
2.9100,isaac,initial_pitch_release,isaac_rel_25deg_30,25.0000,0,-0.137893,0.155298,-0.024418,0.062317,0.205267,0.102961,0.000000,0.000000,0.065936,0.045479,0.010795,0.026796,,
2.9250,isaac,initial_pitch_release,isaac_rel_25deg_30,25.0000,0,-0.135596,0.151147,-0.023418,0.077715,0.206779,0.101757,0.010795,0.026796,0.064536,0.035075,0.008423,0.008773,,
2.9400,isaac,initial_pitch_release,isaac_rel_25deg_30,25.0000,0,-0.133335,0.152778,-0.022347,0.073726,0.208242,0.097635,0.008423,0.008773,0.067979,0.041861,0.014258,0.020530,,
2.9550,isaac,initial_pitch_release,isaac_rel_25deg_30,25.0000,0,-0.131067,0.151889,-0.021473,0.051677,0.209623,0.090947,0.014258,0.020530,0.073822,0.046092,0.024156,0.027856,,
2.9700,isaac,initial_pitch_release,isaac_rel_25deg_30,25.0000,0,-0.128770,0.153301,-0.020916,0.030638,0.210938,0.087526,0.024156,0.027856,0.075621,0.045469,0.027201,0.026778,,
2.9850,isaac,initial_pitch_release,isaac_rel_25deg_30,25.0000,0,-0.126440,0.156351,-0.020707,0.005201,0.212189,0.082853,0.027201,0.026778,0.077491,0.046989,0.030366,0.029410,,
3.0000,isaac,initial_pitch_release,isaac_rel_25deg_30,25.0000,0,-0.124076,0.158289,-0.020844,-0.016256,0.213381,0.078391,0.030366,0.029410,0.077535,0.045806,0.030441,0.027361,,
3.0150,isaac,initial_pitch_release,isaac_rel_25deg_30,25.0000,0,-0.121767,0.150046,-0.020811,0.025263,0.214487,0.071993,0.030441,0.027361,0.048769,0.010559,0.000000,0.000000,,
3.0300,isaac,initial_pitch_release,isaac_rel_25deg_30,25.0000,0,-0.119538,0.149656,-0.020430,0.032081,0.215545,0.070335,0.000000,0.000000,0.071675,0.034152,0.020520,0.007174,,
3.0450,isaac,initial_pitch_release,isaac_rel_25deg_30,25.0000,0,-0.117359,0.143467,-0.019889,0.045847,0.216591,0.070978,0.020520,0.007174,0.070089,0.032499,0.017833,0.004309,,
3.0600,isaac,initial_pitch_release,isaac_rel_25deg_30,25.0000,0,-0.115262,0.135210,-0.018990,0.078704,0.217569,0.062293,0.017833,0.004309,0.060907,0.022558,0.002269,0.000000,,
3.0750,isaac,initial_pitch_release,isaac_rel_25deg_30,25.0000,0,-0.113181,0.140391,-0.018115,0.045758,0.218476,0.061237,0.002269,0.000000,0.083712,0.043065,0.040888,0.022615,,
3.0900,isaac,initial_pitch_release,isaac_rel_25deg_30,25.0000,0,-0.111128,0.133734,-0.017217,0.080310,0.219312,0.052912,0.040888,0.022615,0.062424,0.019224,0.004842,0.000000,,
3.1050,isaac,initial_pitch_release,isaac_rel_25deg_30,25.0000,0,-0.109120,0.133642,-0.016150,0.070489,0.220103,0.055681,0.004842,0.000000,0.080199,0.033969,0.034948,0.006857,,
3.1200,isaac,initial_pitch_release,isaac_rel_25deg_30,25.0000,0,-0.107039,0.142841,-0.015640,0.007675,0.220873,0.049701,0.034948,0.006857,0.092222,0.052841,0.055264,0.039537,,
3.1350,isaac,initial_pitch_release,isaac_rel_25deg_30,25.0000,0,-0.104959,0.135072,-0.015265,0.047440,0.221505,0.037527,0.055264,0.039537,0.061908,0.012769,0.003967,0.000000,,
3.1500,isaac,initial_pitch_release,isaac_rel_25deg_30,25.0000,0,-0.102956,0.131431,-0.014516,0.058872,0.222049,0.035400,0.003967,0.000000,0.075382,0.020841,0.026796,0.000000,,
3.1650,isaac,initial_pitch_release,isaac_rel_25deg_30,25.0000,0,-0.100972,0.132337,-0.013754,0.050458,0.222629,0.042065,0.026796,0.000000,0.084739,0.032351,0.042625,0.004053,,
3.1800,isaac,initial_pitch_release,isaac_rel_25deg_30,25.0000,0,-0.099004,0.129803,-0.012992,0.057975,0.223244,0.042192,0.042625,0.004053,0.078104,0.030363,0.031404,0.000606,,
3.1950,isaac,initial_pitch_release,isaac_rel_25deg_30,25.0000,0,-0.096981,0.138521,-0.012640,-0.001663,0.223815,0.036711,0.031404,0.000606,0.095173,0.049951,0.060243,0.034537,,
3.2100,isaac,initial_pitch_release,isaac_rel_25deg_30,25.0000,0,-0.094925,0.133662,-0.012602,0.010961,0.224344,0.036317,0.060243,0.034537,0.078921,0.027794,0.032786,0.000000,,
3.2250,isaac,initial_pitch_release,isaac_rel_25deg_30,25.0000,0,-0.092917,0.132241,-0.012371,0.025089,0.224836,0.031946,0.032786,0.000000,0.077076,0.026418,0.029664,0.000000,,
3.2400,isaac,initial_pitch_release,isaac_rel_25deg_30,25.0000,0,-0.090876,0.142981,-0.012399,-0.022633,0.225284,0.029713,0.029664,0.000000,0.095175,0.044316,0.060247,0.024781,,
3.2550,isaac,initial_pitch_release,isaac_rel_25deg_30,25.0000,0,-0.088815,0.136005,-0.012657,-0.009843,0.225699,0.026996,0.060247,0.024781,0.079735,0.025940,0.034163,0.000000,,
3.2700,isaac,initial_pitch_release,isaac_rel_25deg_30,25.0000,0,-0.086825,0.129550,-0.012594,0.022040,0.225981,0.012147,0.034163,0.000000,0.067279,0.010789,0.013073,0.000000,,
3.2850,isaac,initial_pitch_release,isaac_rel_25deg_30,25.0000,0,-0.084789,0.140551,-0.012864,-0.050698,0.226208,0.018699,0.013073,0.000000,0.107541,0.045632,0.081084,0.027060,,
3.3000,isaac,initial_pitch_release,isaac_rel_25deg_30,25.0000,0,-0.082738,0.133545,-0.013344,-0.013218,0.226360,0.001308,0.081084,0.027060,0.065158,0.004340,0.009477,0.000000,,
3.3150,isaac,initial_pitch_release,isaac_rel_25deg_30,25.0000,0,-0.080785,0.127269,-0.013335,0.016095,0.226279,-0.012999,0.009477,0.000000,0.067329,-0.003917,0.013157,0.000000,,
3.3300,isaac,initial_pitch_release,isaac_rel_25deg_30,25.0000,0,-0.078864,0.130061,-0.013227,0.002887,0.226132,-0.008443,0.013157,0.000000,0.089608,0.013085,0.050850,0.000000,,
3.3450,isaac,initial_pitch_release,isaac_rel_25deg_30,25.0000,0,-0.076952,0.126305,-0.013161,0.010001,0.225989,-0.012746,0.050850,0.000000,0.078871,0.005945,0.032700,0.000000,,
3.3600,isaac,initial_pitch_release,isaac_rel_25deg_30,25.0000,0,-0.075038,0.126625,-0.013196,-0.009007,0.225866,-0.005172,0.032700,0.000000,0.092884,0.020024,0.056381,0.000000,,
3.3750,isaac,initial_pitch_release,isaac_rel_25deg_30,25.0000,0,-0.073141,0.124536,-0.013234,0.007525,0.225714,-0.016167,0.056381,0.000000,0.073005,0.001219,0.022772,0.000000,,
3.3900,isaac,initial_pitch_release,isaac_rel_25deg_30,25.0000,0,-0.071230,0.129742,-0.013432,-0.029152,0.225587,-0.002369,0.022772,0.000000,0.101639,0.026993,0.071146,0.000000,,
3.4050,isaac,initial_pitch_release,isaac_rel_25deg_30,25.0000,0,-0.069351,0.121478,-0.013564,0.012632,0.225392,-0.024950,0.071146,0.000000,0.047727,-0.022707,0.000000,0.000000,,
3.4200,isaac,initial_pitch_release,isaac_rel_25deg_30,25.0000,0,-0.067496,0.124668,-0.013634,-0.017570,0.225107,-0.014747,0.000000,0.000000,0.096709,0.016595,0.062835,0.000000,,
3.4350,isaac,initial_pitch_release,isaac_rel_25deg_30,25.0000,0,-0.065622,0.124465,-0.013923,-0.018795,0.224866,-0.018892,0.062835,0.000000,0.082327,0.008633,0.038547,0.000000,,
3.4500,isaac,initial_pitch_release,isaac_rel_25deg_30,25.0000,0,-0.063760,0.123986,-0.014242,-0.021120,0.224562,-0.023471,0.038547,0.000000,0.081804,0.006479,0.037662,0.000000,,
3.4650,isaac,initial_pitch_release,isaac_rel_25deg_30,25.0000,0,-0.061964,0.116306,-0.014287,0.016672,0.224053,-0.046565,0.037662,0.000000,0.053964,-0.026008,0.000000,0.000000,,
3.4800,isaac,initial_pitch_release,isaac_rel_25deg_30,25.0000,0,-0.060205,0.119392,-0.014203,0.000544,0.223379,-0.046703,0.000000,0.000000,0.087709,-0.003471,0.047643,0.000000,,
3.4950,isaac,initial_pitch_release,isaac_rel_25deg_30,25.0000,0,-0.058410,0.120859,-0.014431,-0.025729,0.222773,-0.037866,0.047643,0.000000,0.092482,0.006184,0.055703,0.000000,,
3.5100,isaac,initial_pitch_release,isaac_rel_25deg_30,25.0000,0,-0.056640,0.115759,-0.014643,-0.000188,0.222098,-0.054550,0.055703,0.000000,0.065639,-0.019135,0.010292,0.000000,,
3.5250,isaac,initial_pitch_release,isaac_rel_25deg_30,25.0000,0,-0.054914,0.114294,-0.014675,0.000011,0.221254,-0.059700,0.010292,0.000000,0.077296,-0.016466,0.030036,0.000000,,
3.5400,isaac,initial_pitch_release,isaac_rel_25deg_30,25.0000,0,-0.053225,0.109822,-0.014596,0.014207,0.220275,-0.072326,0.030036,0.000000,0.069922,-0.025739,0.017551,0.000000,,
3.5550,isaac,initial_pitch_release,isaac_rel_25deg_30,25.0000,0,-0.051580,0.108370,-0.014360,0.022594,0.219115,-0.083403,0.017551,0.000000,0.071930,-0.030593,0.020951,0.000000,,
3.5700,isaac,initial_pitch_release,isaac_rel_25deg_30,25.0000,0,-0.049918,0.113224,-0.014318,-0.010083,0.217948,-0.073610,0.020951,0.000000,0.094189,-0.009970,0.058583,0.000000,,
3.5850,isaac,initial_pitch_release,isaac_rel_25deg_30,25.0000,0,-0.048246,0.110392,-0.014464,-0.004508,0.216800,-0.081731,0.058583,0.000000,0.073965,-0.025435,0.024398,0.000000,,
3.6000,isaac,initial_pitch_release,isaac_rel_25deg_30,25.0000,0,-0.046630,0.105424,-0.014384,0.019069,0.215465,-0.098324,0.024398,0.000000,0.064555,-0.042930,0.008454,-0.001909,,
3.6150,isaac,initial_pitch_release,isaac_rel_25deg_30,25.0000,0,-0.045000,0.111456,-0.014468,-0.024617,0.214111,-0.083339,0.008454,-0.001909,0.098693,-0.012225,0.066180,0.000000,,
3.6300,isaac,initial_pitch_release,isaac_rel_25deg_30,25.0000,0,-0.043410,0.101273,-0.014437,0.028606,0.212808,-0.094245,0.066180,0.000000,0.052819,-0.053244,0.000000,-0.019763,,
3.6450,isaac,initial_pitch_release,isaac_rel_25deg_30,25.0000,0,-0.041817,0.110635,-0.014509,-0.031550,0.211584,-0.071590,0.000000,-0.019763,0.107200,-0.001062,0.080510,0.000000,,
3.6600,isaac,initial_pitch_release,isaac_rel_25deg_30,25.0000,0,-0.040155,0.111349,-0.015130,-0.048659,0.210568,-0.067492,0.080510,0.000000,0.085340,-0.013593,0.043640,0.000000,,
3.6750,isaac,initial_pitch_release,isaac_rel_25deg_30,25.0000,0,-0.038543,0.103783,-0.015570,-0.009952,0.209426,-0.086559,0.043640,0.000000,0.056136,-0.045978,0.000000,-0.007187,,
3.6900,isaac,initial_pitch_release,isaac_rel_25deg_30,25.0000,0,-0.036999,0.101880,-0.015701,-0.003886,0.208073,-0.097256,0.000000,-0.007187,0.070897,-0.041233,0.019201,0.000000,,
3.7050,isaac,initial_pitch_release,isaac_rel_25deg_30,25.0000,0,-0.035502,0.097785,-0.015664,0.012461,0.206589,-0.103160,0.019201,0.000000,0.069587,-0.047213,0.016983,-0.009325,,
3.7200,isaac,initial_pitch_release,isaac_rel_25deg_30,25.0000,0,-0.034029,0.098140,-0.015591,0.002034,0.205023,-0.107382,0.016983,-0.009325,0.078028,-0.038298,0.031274,0.000000,,
3.7350,isaac,initial_pitch_release,isaac_rel_25deg_30,25.0000,0,-0.032592,0.093611,-0.015439,0.021637,0.203410,-0.111329,0.031274,0.000000,0.070087,-0.050056,0.017830,-0.014247,,
3.7500,isaac,initial_pitch_release,isaac_rel_25deg_30,25.0000,0,-0.031148,0.098080,-0.015423,-0.014260,0.201856,-0.099391,0.017830,-0.014247,0.090959,-0.025769,0.053131,0.000000,,
3.7650,isaac,initial_pitch_release,isaac_rel_25deg_30,25.0000,0,-0.029724,0.091955,-0.015431,0.016194,0.200337,-0.104198,0.053131,0.000000,0.065656,-0.050572,0.010321,-0.015139,,
3.7800,isaac,initial_pitch_release,isaac_rel_25deg_30,25.0000,0,-0.028336,0.092437,-0.015329,0.004282,0.198781,-0.107023,0.010321,-0.015139,0.077733,-0.041189,0.030776,0.000000,,
3.7950,isaac,initial_pitch_release,isaac_rel_25deg_30,25.0000,0,-0.027012,0.084226,-0.014965,0.048263,0.197209,-0.106512,0.030776,0.000000,0.064298,-0.058205,0.008019,-0.028343,,
3.8100,isaac,initial_pitch_release,isaac_rel_25deg_30,25.0000,0,-0.025736,0.085520,-0.014416,0.032279,0.195642,-0.106965,0.008019,-0.028343,0.078378,-0.041208,0.031867,0.000000,,
3.8250,isaac,initial_pitch_release,isaac_rel_25deg_30,25.0000,0,-0.024433,0.087617,-0.014135,0.012234,0.194055,-0.107316,0.031867,0.000000,0.081643,-0.038288,0.037390,0.000000,,
3.8400,isaac,initial_pitch_release,isaac_rel_25deg_30,25.0000,0,-0.023130,0.086132,-0.013980,0.013448,0.192461,-0.107609,0.037390,0.000000,0.075052,-0.046057,0.026238,-0.007324,,
3.8550,isaac,initial_pitch_release,isaac_rel_25deg_30,25.0000,0,-0.021967,0.069967,-0.013096,0.105836,0.191001,-0.090389,0.026238,-0.007324,0.048055,-0.079034,0.000000,-0.064313,,
3.8700,isaac,initial_pitch_release,isaac_rel_25deg_30,25.0000,0,-0.020834,0.080743,-0.012129,0.034658,0.189858,-0.066309,0.000000,-0.064313,0.106581,-0.004087,0.079467,0.000000,,
3.8850,isaac,initial_pitch_release,isaac_rel_25deg_30,25.0000,0,-0.019696,0.071971,-0.011300,0.079665,0.188828,-0.073955,0.079467,0.000000,0.055494,-0.053457,0.000000,-0.020131,,
3.9000,isaac,initial_pitch_release,isaac_rel_25deg_30,25.0000,0,-0.018601,0.074927,-0.010306,0.060969,0.187749,-0.073223,0.000000,-0.020131,0.080608,-0.034464,0.035640,0.000000,,
3.9150,isaac,initial_pitch_release,isaac_rel_25deg_30,25.0000,0,-0.017571,0.064586,-0.009014,0.115924,0.186598,-0.082197,0.035640,0.000000,0.059058,-0.058450,0.000000,-0.028768,,
3.9300,isaac,initial_pitch_release,isaac_rel_25deg_30,25.0000,0,-0.016563,0.069998,-0.007647,0.075664,0.185492,-0.069017,0.000000,-0.028768,0.092677,-0.021889,0.056031,0.000000,,
3.9450,isaac,initial_pitch_release,isaac_rel_25deg_30,25.0000,0,-0.015497,0.071775,-0.006696,0.057770,0.184499,-0.064346,0.056031,0.000000,0.083406,-0.029474,0.040370,0.000000,,
3.9600,isaac,initial_pitch_release,isaac_rel_25deg_30,25.0000,0,-0.014397,0.074309,-0.006025,0.038198,0.183584,-0.059535,0.040370,0.000000,0.086286,-0.026389,0.045238,0.000000,,
3.9750,isaac,initial_pitch_release,isaac_rel_25deg_30,25.0000,0,-0.013262,0.076084,-0.005609,0.022876,0.182751,-0.053715,0.045238,0.000000,0.085023,-0.024802,0.043105,0.000000,,
3.9900,isaac,initial_pitch_release,isaac_rel_25deg_30,25.0000,0,-0.012120,0.075918,-0.005319,0.021011,0.181960,-0.054942,0.043105,0.000000,0.078895,-0.030736,0.032741,0.000000,,
4.0050,isaac,initial_pitch_release,isaac_rel_25deg_30,25.0000,0,-0.010990,0.074749,-0.005019,0.024588,0.181127,-0.059415,0.032741,0.000000,0.075977,-0.032877,0.027804,0.000000,,
4.0200,isaac,initial_pitch_release,isaac_rel_25deg_30,25.0000,0,-0.009839,0.078350,-0.004885,0.000839,0.180328,-0.049812,0.027804,0.000000,0.091588,-0.018560,0.054193,0.000000,,
4.0350,isaac,initial_pitch_release,isaac_rel_25deg_30,25.0000,0,-0.008644,0.080333,-0.005045,-0.016204,0.179675,-0.041840,0.054193,0.000000,0.088070,-0.015473,0.048252,0.000000,,
4.0500,isaac,initial_pitch_release,isaac_rel_25deg_30,25.0000,0,-0.007496,0.073200,-0.005006,0.024416,0.178964,-0.054836,0.048252,0.000000,0.059023,-0.043939,0.000000,-0.003658,,
4.0650,isaac,initial_pitch_release,isaac_rel_25deg_30,25.0000,0,-0.006344,0.079716,-0.005029,-0.020152,0.178329,-0.030887,0.000000,-0.003658,0.102074,-0.007563,0.071878,0.000000,,
4.0800,isaac,initial_pitch_release,isaac_rel_25deg_30,25.0000,0,-0.005211,0.071895,-0.005014,0.024786,0.177791,-0.042937,0.071878,0.000000,0.054222,-0.046190,0.000000,-0.007554,,
4.0950,isaac,initial_pitch_release,isaac_rel_25deg_30,25.0000,0,-0.004123,0.072545,-0.004749,0.016715,0.177199,-0.038440,0.000000,-0.007554,0.081983,-0.024932,0.037964,0.000000,,
4.1100,isaac,initial_pitch_release,isaac_rel_25deg_30,25.0000,0,-0.003039,0.071922,-0.004541,0.016493,0.176669,-0.035339,0.037964,0.000000,0.078146,-0.026120,0.031475,0.000000,,
4.1250,isaac,initial_pitch_release,isaac_rel_25deg_30,25.0000,0,-0.001975,0.069970,-0.004271,0.023918,0.176131,-0.039444,0.031475,0.000000,0.073793,-0.029391,0.024107,0.000000,,
4.1400,isaac,initial_pitch_release,isaac_rel_25deg_30,25.0000,0,-0.000928,0.069328,-0.003937,0.025180,0.175581,-0.036254,0.024107,0.000000,0.077744,-0.027956,0.030794,0.000000,,
4.1550,isaac,initial_pitch_release,isaac_rel_25deg_30,25.0000,0,0.000158,0.074778,-0.003870,-0.010782,0.175219,-0.015309,0.030794,0.000000,0.098011,-0.004162,0.065030,0.000000,,
4.1700,isaac,initial_pitch_release,isaac_rel_25deg_30,25.0000,0,0.001239,0.069724,-0.003853,0.016350,0.174941,-0.024795,0.065030,0.000000,0.065469,-0.028677,0.010005,0.000000,,
4.1850,isaac,initial_pitch_release,isaac_rel_25deg_30,25.0000,0,0.002290,0.069872,-0.003688,0.011307,0.174626,-0.018479,0.010005,0.000000,0.080912,-0.021057,0.036153,0.000000,,
4.2000,isaac,initial_pitch_release,isaac_rel_25deg_30,25.0000,0,0.003337,0.069444,-0.003560,0.010301,0.174387,-0.014874,0.036153,0.000000,0.079329,-0.017860,0.033476,0.000000,,
4.2150,isaac,initial_pitch_release,isaac_rel_25deg_30,25.0000,0,0.004389,0.070582,-0.003512,0.000833,0.174267,-0.003496,0.033476,0.000000,0.084531,-0.010411,0.042272,0.000000,,
4.2300,isaac,initial_pitch_release,isaac_rel_25deg_30,25.0000,0,0.005398,0.064352,-0.003267,0.037377,0.174128,-0.017481,0.042272,0.000000,0.059921,-0.033857,0.000596,0.000000,,
4.2450,isaac,initial_pitch_release,isaac_rel_25deg_30,25.0000,0,0.006372,0.065003,-0.002843,0.027189,0.173952,-0.007909,0.000596,0.000000,0.082790,-0.016023,0.039329,0.000000,,
4.2600,isaac,initial_pitch_release,isaac_rel_25deg_30,25.0000,0,0.007353,0.065441,-0.002521,0.022352,0.173893,-0.000462,0.039329,0.000000,0.081411,-0.010803,0.036997,0.000000,,
4.2750,isaac,initial_pitch_release,isaac_rel_25deg_30,25.0000,0,0.008350,0.067141,-0.002333,0.009507,0.173976,0.011863,0.036997,0.000000,0.086400,-0.004120,0.045430,0.000000,,
4.2900,isaac,initial_pitch_release,isaac_rel_25deg_30,25.0000,0,0.009318,0.062145,-0.002023,0.037488,0.174090,0.003620,0.045430,0.000000,0.064724,-0.023013,0.008742,0.000000,,
4.3050,isaac,initial_pitch_release,isaac_rel_25deg_30,25.0000,0,0.010233,0.059706,-0.001420,0.049322,0.174135,0.001872,0.008742,0.000000,0.072035,-0.020945,0.021129,0.000000,,
4.3200,isaac,initial_pitch_release,isaac_rel_25deg_30,25.0000,0,0.011136,0.060519,-0.000789,0.041662,0.174247,0.012064,0.021129,0.000000,0.082836,-0.008658,0.039406,0.000000,,
4.3350,isaac,initial_pitch_release,isaac_rel_25deg_30,25.0000,0,0.012035,0.059394,-0.000168,0.047107,0.174457,0.015629,0.039406,0.000000,0.077043,-0.009858,0.029608,0.000000,,
4.3500,isaac,initial_pitch_release,isaac_rel_25deg_30,25.0000,0,0.012928,0.059792,0.000460,0.043483,0.174759,0.025422,0.029608,0.000000,0.081779,-0.002850,0.037619,0.000000,,
4.3650,isaac,initial_pitch_release,isaac_rel_25deg_30,25.0000,0,0.013828,0.059616,0.001056,0.041371,0.175200,0.033907,0.037619,0.000000,0.082016,0.001056,0.038020,0.000000,,
4.3800,isaac,initial_pitch_release,isaac_rel_25deg_30,25.0000,0,0.014679,0.053978,0.001906,0.075753,0.175634,0.025040,0.038020,0.000000,0.062367,-0.016976,0.004745,0.000000,,
4.3950,isaac,initial_pitch_release,isaac_rel_25deg_30,25.0000,0,0.015499,0.054781,0.002959,0.070776,0.176100,0.037053,0.004745,0.000000,0.084069,0.001557,0.041492,0.000000,,
4.4100,isaac,initial_pitch_release,isaac_rel_25deg_30,25.0000,0,0.016337,0.056300,0.003895,0.060790,0.176766,0.052689,0.041492,0.000000,0.087296,0.013306,0.046945,0.000000,,
4.4250,isaac,initial_pitch_release,isaac_rel_25deg_30,25.0000,0,0.017152,0.052296,0.004957,0.085124,0.177534,0.050103,0.046945,0.000000,0.069906,-0.000795,0.017523,0.000000,,
4.4400,isaac,initial_pitch_release,isaac_rel_25deg_30,25.0000,0,0.017971,0.056356,0.006021,0.062692,0.178461,0.073118,0.017523,0.000000,0.095558,0.025187,0.060892,0.000000,,
4.4550,isaac,initial_pitch_release,isaac_rel_25deg_30,25.0000,0,0.018801,0.054446,0.007019,0.075172,0.179608,0.079907,0.060892,0.000000,0.078887,0.022209,0.032728,0.000000,,
4.4700,isaac,initial_pitch_release,isaac_rel_25deg_30,25.0000,0,0.019573,0.048464,0.008392,0.111644,0.180766,0.074590,0.032728,0.000000,0.065640,0.009283,0.010294,0.000000,,
4.4850,isaac,initial_pitch_release,isaac_rel_25deg_30,25.0000,0,0.020438,0.064122,0.009295,0.017238,0.181975,0.088035,0.010294,0.000000,0.110165,0.056117,0.085497,0.045205,,
4.5000,isaac,initial_pitch_release,isaac_rel_25deg_30,25.0000,0,0.021335,0.055696,0.009981,0.075265,0.183198,0.077307,0.085497,0.045205,0.056860,0.006177,0.000000,0.000000,,
4.5150,isaac,initial_pitch_release,isaac_rel_25deg_30,25.0000,0,0.022226,0.062039,0.010783,0.038393,0.184437,0.089577,0.000000,0.000000,0.095206,0.043099,0.060299,0.022675,,
4.5300,isaac,initial_pitch_release,isaac_rel_25deg_30,25.0000,0,0.023148,0.060457,0.011446,0.052781,0.185792,0.092689,0.060299,0.022675,0.078788,0.034697,0.032560,0.008118,,
4.5450,isaac,initial_pitch_release,isaac_rel_25deg_30,25.0000,0,0.024062,0.060876,0.012227,0.055541,0.187182,0.093663,0.032560,0.008118,0.079805,0.040100,0.034280,0.017480,,
4.5600,isaac,initial_pitch_release,isaac_rel_25deg_30,25.0000,0,0.024938,0.056241,0.013282,0.088200,0.188599,0.096082,0.034280,0.017480,0.072891,0.031557,0.022579,0.002676,,
4.5750,isaac,initial_pitch_release,isaac_rel_25deg_30,25.0000,0,0.025910,0.071886,0.013854,-0.002833,0.189991,0.091287,0.022579,0.002676,0.101202,0.069271,0.070409,0.067938,,
4.5900,isaac,initial_pitch_release,isaac_rel_25deg_30,25.0000,0,0.027010,0.074140,0.013722,-0.011964,0.191355,0.093497,0.070409,0.067938,0.085423,0.045982,0.043781,0.027667,,
4.6050,isaac,initial_pitch_release,isaac_rel_25deg_30,25.0000,0,0.028091,0.070045,0.013765,0.019068,0.192706,0.090357,0.043781,0.027667,0.071788,0.038070,0.020711,0.013963,,
4.6200,isaac,initial_pitch_release,isaac_rel_25deg_30,25.0000,0,0.029186,0.074903,0.013830,-0.006774,0.194050,0.090739,0.020711,0.013963,0.087421,0.051511,0.047156,0.037237,,
4.6350,isaac,initial_pitch_release,isaac_rel_25deg_30,25.0000,0,0.030372,0.081975,0.013426,-0.043386,0.195363,0.087715,0.047156,0.037237,0.089431,0.057856,0.050551,0.048212,,
4.6500,isaac,initial_pitch_release,isaac_rel_25deg_30,25.0000,0,0.031588,0.079641,0.012912,-0.023781,0.196669,0.089853,0.050551,0.048212,0.077404,0.040159,0.030219,0.017582,,
4.6650,isaac,initial_pitch_release,isaac_rel_25deg_30,25.0000,0,0.032842,0.086444,0.012244,-0.060990,0.197972,0.087373,0.030219,0.017582,0.088839,0.058006,0.049552,0.048472,,
4.6800,isaac,initial_pitch_release,isaac_rel_25deg_30,25.0000,0,0.034117,0.083416,0.011505,-0.037351,0.199277,0.090534,0.049552,0.048472,0.075930,0.039308,0.027723,0.016108,,
4.6950,isaac,initial_pitch_release,isaac_rel_25deg_30,25.0000,0,0.035343,0.079993,0.011129,-0.010814,0.200596,0.089370,0.027723,0.016108,0.072133,0.040644,0.021295,0.018422,,
4.7100,isaac,initial_pitch_release,isaac_rel_25deg_30,25.0000,0,0.036541,0.078369,0.010995,-0.003518,0.201906,0.089804,0.021295,0.018422,0.076371,0.044334,0.028471,0.024813,,
4.7250,isaac,initial_pitch_release,isaac_rel_25deg_30,25.0000,0,0.037729,0.078297,0.011002,0.006459,0.203211,0.088861,0.028471,0.024813,0.074932,0.044535,0.026034,0.025161,,
4.7400,isaac,initial_pitch_release,isaac_rel_25deg_30,25.0000,0,0.038939,0.081884,0.010945,-0.010392,0.204514,0.088583,0.026034,0.025161,0.082201,0.051805,0.038333,0.037745,,
4.7550,isaac,initial_pitch_release,isaac_rel_25deg_30,25.0000,0,0.040280,0.095261,0.010141,-0.090024,0.205801,0.086283,0.038333,0.037745,0.097039,0.070968,0.063391,0.070867,,
4.7700,isaac,initial_pitch_release,isaac_rel_25deg_30,25.0000,0,0.041641,0.086226,0.009252,-0.029951,0.207090,0.090221,0.063391,0.070867,0.065021,0.031109,0.009245,0.001900,,
4.7850,isaac,initial_pitch_release,isaac_rel_25deg_30,25.0000,0,0.042971,0.090028,0.008627,-0.049827,0.208399,0.087882,0.009245,0.001900,0.080492,0.054361,0.035444,0.042168,,
4.8000,isaac,initial_pitch_release,isaac_rel_25deg_30,25.0000,0,0.044356,0.093743,0.007712,-0.069969,0.209700,0.089088,0.035444,0.042168,0.082196,0.053641,0.038325,0.040921,,
4.8150,isaac,initial_pitch_release,isaac_rel_25deg_30,25.0000,0,0.045687,0.084449,0.007127,-0.008607,0.211021,0.090106,0.038325,0.040921,0.061163,0.031136,0.002704,0.001948,,
4.8300,isaac,initial_pitch_release,isaac_rel_25deg_30,25.0000,0,0.046952,0.084467,0.007014,-0.004193,0.212364,0.090989,0.002704,0.001948,0.072964,0.045908,0.022703,0.027538,,
4.8450,isaac,initial_pitch_release,isaac_rel_25deg_30,25.0000,0,0.048250,0.088389,0.006743,-0.029244,0.213701,0.090480,0.022703,0.027538,0.079623,0.055885,0.033974,0.044803,,
4.8600,isaac,initial_pitch_release,isaac_rel_25deg_30,25.0000,0,0.049602,0.091352,0.006176,-0.043719,0.215025,0.089729,0.033974,0.044803,0.077258,0.053352,0.029971,0.040423,,
4.8750,isaac,initial_pitch_release,isaac_rel_25deg_30,25.0000,0,0.050977,0.091558,0.005499,-0.045106,0.216345,0.090729,0.029971,0.040423,0.074196,0.048745,0.024789,0.032450,,
4.8900,isaac,initial_pitch_release,isaac_rel_25deg_30,25.0000,0,0.052307,0.086020,0.005101,-0.007780,0.217671,0.089157,0.024789,0.032450,0.062625,0.039569,0.005183,0.016560,,
4.9050,isaac,initial_pitch_release,isaac_rel_25deg_30,25.0000,0,0.053658,0.093835,0.004631,-0.050873,0.218969,0.087577,0.005183,0.016560,0.082159,0.060768,0.038262,0.053248,,
4.9200,isaac,initial_pitch_release,isaac_rel_25deg_30,25.0000,0,0.055117,0.100570,0.003509,-0.094929,0.220251,0.087265,0.038262,0.053248,0.083353,0.061973,0.040280,0.055330,,
4.9350,isaac,initial_pitch_release,isaac_rel_25deg_30,25.0000,0,0.056549,0.090944,0.002555,-0.033585,0.221573,0.092983,0.040280,0.055330,0.054493,0.027370,0.000000,0.000000,,
4.9500,isaac,initial_pitch_release,isaac_rel_25deg_30,25.0000,0,0.057843,0.082104,0.002446,0.019245,0.222997,0.100214,0.000000,0.000000,0.050757,0.028915,0.000000,0.000000,,
4.9650,isaac,initial_pitch_release,isaac_rel_25deg_30,25.0000,0,0.059095,0.084118,0.002625,0.008034,0.224441,0.093444,0.000000,0.000000,0.067114,0.055359,0.012793,0.043894,,
4.9800,isaac,initial_pitch_release,isaac_rel_25deg_30,25.0000,0,0.060294,0.075985,0.003125,0.059718,0.225884,0.101267,0.012793,0.043894,0.047919,0.024069,0.000000,0.000000,,
4.9950,isaac,initial_pitch_release,isaac_rel_25deg_30,25.0000,0,0.061551,0.089679,0.003318,-0.025502,0.227294,0.089221,0.000000,0.000000,0.083959,0.076992,0.041306,0.081263,,
5.0100,isaac,initial_pitch_release,isaac_rel_25deg_30,25.0000,0,0.062829,0.081098,0.003343,0.029819,0.228678,0.097631,0.041306,0.081263,0.046686,0.020486,0.000000,0.000000,,
5.0250,isaac,initial_pitch_release,isaac_rel_25deg_30,25.0000,0,0.064101,0.087586,0.003451,-0.008730,0.230043,0.087034,0.000000,0.000000,0.072432,0.064549,0.021802,0.059782,,
5.0400,isaac,initial_pitch_release,isaac_rel_25deg_30,25.0000,0,0.065347,0.078966,0.003714,0.045450,0.231418,0.097955,0.021802,0.059782,0.030408,0.003434,0.000000,0.000000,,
5.0550,isaac,initial_pitch_release,isaac_rel_25deg_30,25.0000,0,0.066670,0.095474,0.003566,-0.055871,0.232790,0.087644,0.000000,0.000000,0.087373,0.082841,0.047075,0.091346,,
5.0700,isaac,initial_pitch_release,isaac_rel_25deg_30,25.0000,0,0.068069,0.089441,0.002944,-0.027529,0.234101,0.092069,0.047075,0.091346,0.062540,0.042339,0.005038,0.021358,,
5.0850,isaac,initial_pitch_release,isaac_rel_25deg_30,25.0000,0,0.069394,0.086049,0.002780,0.006405,0.235470,0.094580,0.005038,0.021358,0.053080,0.040818,0.000000,0.018724,,
5.1000,isaac,initial_pitch_release,isaac_rel_25deg_30,25.0000,0,0.070731,0.091462,0.002584,-0.028240,0.236814,0.087601,0.000000,0.018724,0.071716,0.063593,0.020589,0.058130,,
5.1150,isaac,initial_pitch_release,isaac_rel_25deg_30,25.0000,0,0.072101,0.090940,0.002183,-0.023052,0.238097,0.086870,0.020589,0.058130,0.065430,0.050107,0.009939,0.034806,,
5.1300,isaac,initial_pitch_release,isaac_rel_25deg_30,25.0000,0,0.073428,0.085940,0.002057,0.007168,0.239408,0.089503,0.009939,0.034806,0.054879,0.041351,0.000000,0.019646,,
5.1450,isaac,initial_pitch_release,isaac_rel_25deg_30,25.0000,0,0.074668,0.079527,0.002463,0.048670,0.240808,0.098650,0.000000,0.019646,0.047002,0.034659,0.000000,0.008052,,
5.1600,isaac,initial_pitch_release,isaac_rel_25deg_30,25.0000,0,0.075947,0.088953,0.002676,-0.012087,0.242166,0.083396,0.000000,0.008052,0.071929,0.075594,0.020950,0.078850,,
5.1750,isaac,initial_pitch_release,isaac_rel_25deg_30,25.0000,0,0.077255,0.084957,0.002703,0.018634,0.243418,0.086659,0.020950,0.078850,0.057996,0.041537,0.000000,0.019970,,
5.1900,isaac,initial_pitch_release,isaac_rel_25deg_30,25.0000,0,0.078575,0.090261,0.002689,-0.014458,0.244667,0.081555,0.000000,0.019970,0.069773,0.063679,0.017298,0.058278,,
5.2050,isaac,initial_pitch_release,isaac_rel_25deg_30,25.0000,0,0.079905,0.086867,0.002625,0.008264,0.245866,0.082775,0.017298,0.058278,0.059395,0.046112,0.000000,0.027892,,
5.2200,isaac,initial_pitch_release,isaac_rel_25deg_30,25.0000,0,0.081246,0.091380,0.002515,-0.018058,0.247043,0.078710,0.000000,0.027892,0.069260,0.060917,0.016429,0.053505,,
5.2350,isaac,initial_pitch_release,isaac_rel_25deg_30,25.0000,0,0.082548,0.083543,0.002636,0.034001,0.248307,0.092914,0.016429,0.053505,0.044375,0.026547,0.000000,0.000000,,
5.2500,isaac,initial_pitch_release,isaac_rel_25deg_30,25.0000,0,0.083783,0.081626,0.003185,0.042880,0.249666,0.089950,0.000000,0.000000,0.050520,0.051316,0.000000,0.036900,,
5.2650,isaac,initial_pitch_release,isaac_rel_25deg_30,25.0000,0,0.085092,0.091660,0.003333,-0.015589,0.250916,0.081378,0.000000,0.036900,0.074543,0.072843,0.025376,0.074105,,
5.2800,isaac,initial_pitch_release,isaac_rel_25deg_30,25.0000,0,0.086442,0.088290,0.003230,0.004547,0.252106,0.082036,0.025376,0.074105,0.057143,0.047534,0.000000,0.030353,,
5.2950,isaac,initial_pitch_release,isaac_rel_25deg_30,25.0000,0,0.087865,0.099895,0.002727,-0.065705,0.253251,0.073686,0.000000,0.030353,0.078287,0.076569,0.031712,0.080533,,
5.3100,isaac,initial_pitch_release,isaac_rel_25deg_30,25.0000,0,0.089319,0.093747,0.002037,-0.027277,0.254409,0.082384,0.031712,0.080533,0.052799,0.039671,0.000000,0.016737,,
5.3250,isaac,initial_pitch_release,isaac_rel_25deg_30,25.0000,0,0.090715,0.092082,0.001706,-0.014410,0.255633,0.083441,0.000000,0.016737,0.052181,0.051048,0.000000,0.036436,,
5.3400,isaac,initial_pitch_release,isaac_rel_25deg_30,25.0000,0,0.092078,0.089609,0.001586,0.001886,0.256854,0.083154,0.000000,0.036436,0.052951,0.048648,0.000000,0.032282,,
5.3550,isaac,initial_pitch_release,isaac_rel_25deg_30,25.0000,0,0.093367,0.082526,0.001924,0.045893,0.258215,0.101319,0.000000,0.032282,0.038897,0.032666,0.000000,0.004599,,
5.3700,isaac,initial_pitch_release,isaac_rel_25deg_30,25.0000,0,0.094642,0.086792,0.002376,0.021357,0.259586,0.083458,0.000000,0.004599,0.055043,0.068090,0.000000,0.065899,,
5.3850,isaac,initial_pitch_release,isaac_rel_25deg_30,25.0000,0,0.095964,0.088943,0.002553,0.007873,0.260752,0.077272,0.000000,0.065899,0.062479,0.060296,0.004934,0.052432,,
5.4000,isaac,initial_pitch_release,isaac_rel_25deg_30,25.0000,0,0.097322,0.091481,0.002537,-0.005554,0.261848,0.072979,0.004934,0.052432,0.064204,0.059755,0.007860,0.051496,,
5.4150,isaac,initial_pitch_release,isaac_rel_25deg_30,25.0000,0,0.098686,0.090215,0.002489,0.002495,0.262903,0.071010,0.007860,0.051496,0.060033,0.052725,0.000786,0.039337,,
5.4300,isaac,initial_pitch_release,isaac_rel_25deg_30,25.0000,0,0.099978,0.082480,0.002899,0.053496,0.264107,0.093628,0.000786,0.039337,0.027440,0.012654,0.000000,0.000000,,
5.4450,isaac,initial_pitch_release,isaac_rel_25deg_30,25.0000,0,0.101348,0.098803,0.002882,-0.046043,0.265289,0.068360,0.000000,0.000000,0.075186,0.093778,0.026465,0.110175,,
5.4600,isaac,initial_pitch_release,isaac_rel_25deg_30,25.0000,0,0.102758,0.089824,0.002609,0.010546,0.266453,0.090404,0.026465,0.110175,0.040773,0.026231,0.000000,0.000000,,
5.4750,isaac,initial_pitch_release,isaac_rel_25deg_30,25.0000,0,0.104178,0.099552,0.002316,-0.041384,0.267609,0.066298,0.000000,0.000000,0.064383,0.080116,0.008163,0.086650,,
5.4900,isaac,initial_pitch_release,isaac_rel_25deg_30,25.0000,0,0.105638,0.096122,0.001781,-0.026662,0.268584,0.068348,0.008163,0.086650,0.059890,0.050888,0.000544,0.036159,,
5.5050,isaac,initial_pitch_release,isaac_rel_25deg_30,25.0000,0,0.107059,0.092818,0.001502,-0.007641,0.269600,0.070148,0.000544,0.036159,0.051915,0.047775,0.000000,0.030771,,
5.5200,isaac,initial_pitch_release,isaac_rel_25deg_30,25.0000,0,0.108482,0.095834,0.001230,-0.023050,0.270583,0.063904,0.000000,0.030771,0.062229,0.062919,0.004511,0.056965,,
5.5350,isaac,initial_pitch_release,isaac_rel_25deg_30,25.0000,0,0.109896,0.092697,0.001002,-0.002974,0.271559,0.070596,0.004511,0.056965,0.053951,0.046891,0.000000,0.029240,,
5.5500,isaac,initial_pitch_release,isaac_rel_25deg_30,25.0000,0,0.111249,0.087999,0.001160,0.027499,0.272686,0.083787,0.000000,0.029240,0.042566,0.039587,0.000000,0.016591,,
5.5650,isaac,initial_pitch_release,isaac_rel_25deg_30,25.0000,0,0.112643,0.095312,0.001091,-0.029961,0.273754,0.063013,0.000000,0.016591,0.066014,0.079818,0.010928,0.086135,,
5.5800,isaac,initial_pitch_release,isaac_rel_25deg_30,25.0000,0,0.114106,0.098422,0.000594,-0.032985,0.274681,0.064547,0.010928,0.086135,0.064576,0.054914,0.008491,0.043123,,
5.5950,isaac,initial_pitch_release,isaac_rel_25deg_30,25.0000,0,0.115559,0.096015,0.000165,-0.021233,0.275644,0.066312,0.008491,0.043123,0.054499,0.050951,0.000000,0.036267,,
5.6100,isaac,initial_pitch_release,isaac_rel_25deg_30,25.0000,0,0.117052,0.102341,-0.000490,-0.059791,0.276571,0.059419,0.000000,0.036267,0.068610,0.068976,0.015328,0.067428,,
5.6250,isaac,initial_pitch_release,isaac_rel_25deg_30,25.0000,0,0.118526,0.094924,-0.001074,-0.015490,0.277582,0.078518,0.015328,0.067428,0.045025,0.033671,0.000000,0.006341,,
5.6400,isaac,initial_pitch_release,isaac_rel_25deg_30,25.0000,0,0.119989,0.099417,-0.001571,-0.044879,0.278597,0.060256,0.000000,0.006341,0.059148,0.070595,0.000000,0.070225,,
5.6550,isaac,initial_pitch_release,isaac_rel_25deg_30,25.0000,0,0.121445,0.094986,-0.002062,-0.018533,0.279553,0.071369,0.000000,0.070225,0.053517,0.041841,0.000000,0.020495,,
5.6700,isaac,initial_pitch_release,isaac_rel_25deg_30,25.0000,0,0.122922,0.101101,-0.002674,-0.058130,0.280491,0.057244,0.000000,0.020495,0.064856,0.070192,0.008965,0.069528,,
5.6850,isaac,initial_pitch_release,isaac_rel_25deg_30,25.0000,0,0.124407,0.097026,-0.003376,-0.034622,0.281388,0.067285,0.008965,0.069528,0.055250,0.042841,0.000000,0.022227,,
5.7000,isaac,initial_pitch_release,isaac_rel_25deg_30,25.0000,0,0.125837,0.093414,-0.003762,-0.015194,0.282444,0.075914,0.000000,0.022227,0.045576,0.043377,0.000000,0.023156,,
5.7150,isaac,initial_pitch_release,isaac_rel_25deg_30,25.0000,0,0.127225,0.091273,-0.003922,-0.002590,0.283598,0.081303,0.000000,0.023156,0.042658,0.046508,0.000000,0.028578,,
5.7300,isaac,initial_pitch_release,isaac_rel_25deg_30,25.0000,0,0.128541,0.084402,-0.003679,0.038647,0.284947,0.101944,0.000000,0.028578,0.019902,0.021482,0.000000,0.000000,,
5.7450,isaac,initial_pitch_release,isaac_rel_25deg_30,25.0000,0,0.129818,0.085605,-0.003228,0.028891,0.286400,0.094355,0.000000,0.000000,0.030395,0.055847,0.000000,0.044738,,
5.7600,isaac,initial_pitch_release,isaac_rel_25deg_30,25.0000,0,0.131060,0.080092,-0.002596,0.060207,0.287899,0.108725,0.000000,0.044738,0.022827,0.034568,0.000000,0.007895,,
5.7750,isaac,initial_pitch_release,isaac_rel_25deg_30,25.0000,0,0.132429,0.100184,-0.002731,-0.066749,0.289136,0.059241,0.000000,0.007895,0.068727,0.109139,0.015526,0.136554,,
5.7900,isaac,initial_pitch_release,isaac_rel_25deg_30,25.0000,0,0.133870,0.091403,-0.003366,-0.018218,0.290142,0.077259,0.015526,0.136554,0.050578,0.030352,0.000000,0.000589,,
5.8050,isaac,initial_pitch_release,isaac_rel_25deg_30,25.0000,0,0.135238,0.090024,-0.003584,-0.006933,0.291315,0.081055,0.000000,0.000589,0.038419,0.046721,0.000000,0.028947,,
5.8200,isaac,initial_pitch_release,isaac_rel_25deg_30,25.0000,0,0.136603,0.090223,-0.003808,-0.017754,0.292423,0.071029,0.000000,0.028947,0.048495,0.058511,0.000000,0.049346,,
5.8350,isaac,initial_pitch_release,isaac_rel_25deg_30,25.0000,0,0.137927,0.085318,-0.003831,0.017231,0.293569,0.084541,0.000000,0.049346,0.035365,0.033391,0.000000,0.005856,,
5.8500,isaac,initial_pitch_release,isaac_rel_25deg_30,25.0000,0,0.139267,0.092608,-0.003974,-0.029537,0.294598,0.055814,0.000000,0.005856,0.057033,0.076276,0.000000,0.080028,,
5.8650,isaac,initial_pitch_release,isaac_rel_25deg_30,25.0000,0,0.140597,0.085057,-0.004106,0.014375,0.295539,0.072538,0.000000,0.080028,0.032103,0.012556,0.000000,0.000000,,
5.8800,isaac,initial_pitch_release,isaac_rel_25deg_30,25.0000,0,0.141867,0.082297,-0.003912,0.018293,0.296609,0.073145,0.000000,0.000000,0.043381,0.048786,0.000000,0.032521,,
5.8950,isaac,initial_pitch_release,isaac_rel_25deg_30,25.0000,0,0.143151,0.086497,-0.003832,-0.000688,0.297578,0.059917,0.000000,0.032521,0.055044,0.060553,0.000000,0.052875,,
5.9100,isaac,initial_pitch_release,isaac_rel_25deg_30,25.0000,0,0.144413,0.081547,-0.003663,0.027083,0.298516,0.068539,0.000000,0.052875,0.045915,0.037310,0.000000,0.012646,,
5.9250,isaac,initial_pitch_release,isaac_rel_25deg_30,25.0000,0,0.145688,0.087355,-0.003600,-0.011035,0.299400,0.052450,0.000000,0.012646,0.062546,0.067802,0.005048,0.065402,,
5.9400,isaac,initial_pitch_release,isaac_rel_25deg_30,25.0000,0,0.146973,0.084103,-0.003653,0.008330,0.300184,0.055206,0.005048,0.065402,0.056940,0.042640,0.000000,0.021879,,
5.9550,isaac,initial_pitch_release,isaac_rel_25deg_30,25.0000,0,0.148235,0.084115,-0.003608,0.004891,0.300941,0.048771,0.000000,0.021879,0.059207,0.052999,0.000000,0.039811,,
5.9700,isaac,initial_pitch_release,isaac_rel_25deg_30,25.0000,0,0.149443,0.077025,-0.003272,0.044701,0.301752,0.063939,0.000000,0.039811,0.047526,0.030455,0.000000,0.000766,,
5.9850,isaac,initial_pitch_release,isaac_rel_25deg_30,25.0000,0,0.150637,0.081082,-0.002869,0.017674,0.302575,0.049702,0.000000,0.000766,0.061401,0.062570,0.003106,0.056361,,
6.0000,isaac,initial_pitch_release,isaac_rel_25deg_30,25.0000,0,0.151931,0.090314,-0.003107,-0.041805,0.303288,0.046834,0.003106,0.056361,0.077791,0.065635,0.030874,0.061657,,
6.0150,isaac,initial_pitch_release,isaac_rel_25deg_30,25.0000,0,0.153227,0.083019,-0.003417,0.002360,0.304094,0.062951,0.030874,0.061657,0.049843,0.030480,0.000000,0.000809,,
6.0300,isaac,initial_pitch_release,isaac_rel_25deg_30,25.0000,0,0.154455,0.080966,-0.003353,0.012204,0.304999,0.060938,0.000000,0.000809,0.051056,0.046495,0.000000,0.028555,,
6.0450,isaac,initial_pitch_release,isaac_rel_25deg_30,25.0000,0,0.155615,0.073942,-0.002901,0.051903,0.305987,0.073190,0.000000,0.028555,0.029814,0.019634,0.000000,0.000000,,
6.0600,isaac,initial_pitch_release,isaac_rel_25deg_30,25.0000,0,0.156717,0.072623,-0.002132,0.057095,0.307052,0.070204,0.000000,0.000000,0.044647,0.047467,0.000000,0.030237,,
6.0750,isaac,initial_pitch_release,isaac_rel_25deg_30,25.0000,0,0.157798,0.071122,-0.001264,0.065442,0.308070,0.067176,0.000000,0.030237,0.047900,0.046725,0.000000,0.028952,,
6.0900,isaac,initial_pitch_release,isaac_rel_25deg_30,25.0000,0,0.158922,0.077643,-0.000680,0.021284,0.308911,0.048270,0.000000,0.028952,0.065914,0.068020,0.010758,0.065777,,
6.1050,isaac,initial_pitch_release,isaac_rel_25deg_30,25.0000,0,0.160115,0.080683,-0.000548,0.002345,0.309605,0.046561,0.010758,0.065777,0.069114,0.054662,0.016182,0.042688,,
6.1200,isaac,initial_pitch_release,isaac_rel_25deg_30,25.0000,0,0.161265,0.073050,-0.000194,0.048074,0.310360,0.058051,0.016182,0.042688,0.044954,0.026652,0.000000,0.000000,,
6.1350,isaac,initial_pitch_release,isaac_rel_25deg_30,25.0000,0,0.162325,0.068505,0.000686,0.075122,0.311228,0.060311,0.000000,0.000000,0.046937,0.038675,0.000000,0.015011,,
6.1500,isaac,initial_pitch_release,isaac_rel_25deg_30,25.0000,0,0.163404,0.074419,0.001458,0.037146,0.312005,0.046155,0.000000,0.015011,0.067918,0.064805,0.014154,0.060224,,
6.1650,isaac,initial_pitch_release,isaac_rel_25deg_30,25.0000,0,0.164463,0.066833,0.002327,0.083816,0.312761,0.057323,0.014154,0.060224,0.051626,0.030700,0.000000,0.001192,,
6.1800,isaac,initial_pitch_release,isaac_rel_25deg_30,25.0000,0,0.165587,0.081323,0.002823,-0.004404,0.313452,0.039606,0.000000,0.001192,0.082024,0.079241,0.038034,0.085142,,
6.1950,isaac,initial_pitch_release,isaac_rel_25deg_30,25.0000,0,0.166881,0.090101,0.002282,-0.061147,0.314026,0.039675,0.038034,0.085142,0.084133,0.063506,0.041599,0.057980,,
6.2100,isaac,initial_pitch_release,isaac_rel_25deg_30,25.0000,0,0.168160,0.081009,0.001798,-0.002972,0.314674,0.049344,0.041599,0.057980,0.053954,0.027963,0.000000,0.000000,,
6.2250,isaac,initial_pitch_release,isaac_rel_25deg_30,25.0000,0,0.169379,0.081419,0.001683,-0.005512,0.315341,0.042358,0.000000,0.000000,0.065919,0.051841,0.010767,0.037808,,
6.2400,isaac,initial_pitch_release,isaac_rel_25deg_30,25.0000,0,0.170624,0.085037,0.001414,-0.025159,0.315949,0.041631,0.010767,0.037808,0.074162,0.053225,0.024731,0.040202,,
6.2550,isaac,initial_pitch_release,isaac_rel_25deg_30,25.0000,0,0.171819,0.075648,0.001415,0.027981,0.316617,0.049644,0.024731,0.040202,0.049366,0.022991,0.000000,0.000000,,
6.2700,isaac,initial_pitch_release,isaac_rel_25deg_30,25.0000,0,0.172899,0.068547,0.002109,0.069641,0.317357,0.052600,0.000000,0.000000,0.051009,0.033116,0.000000,0.005379,,
6.2850,isaac,initial_pitch_release,isaac_rel_25deg_30,25.0000,0,0.174033,0.080926,0.002507,-0.005960,0.318029,0.039724,0.000000,0.005379,0.083834,0.071873,0.041095,0.072431,,
6.3000,isaac,initial_pitch_release,isaac_rel_25deg_30,25.0000,0,0.175177,0.072070,0.002785,0.047121,0.318645,0.045734,0.041095,0.072431,0.049970,0.021678,0.000000,0.000000,,
6.3150,isaac,initial_pitch_release,isaac_rel_25deg_30,25.0000,0,0.176367,0.084884,0.002819,-0.032524,0.319256,0.038189,0.000000,0.000000,0.088809,0.070038,0.049500,0.069261,,
6.3300,isaac,initial_pitch_release,isaac_rel_25deg_30,25.0000,0,0.177568,0.075637,0.002735,0.023318,0.319849,0.043326,0.049500,0.069261,0.052481,0.022618,0.000000,0.000000,,
6.3450,isaac,initial_pitch_release,isaac_rel_25deg_30,25.0000,0,0.178807,0.087488,0.002471,-0.050020,0.320431,0.036209,0.000000,0.000000,0.088509,0.068505,0.048994,0.066615,,
6.3600,isaac,initial_pitch_release,isaac_rel_25deg_30,25.0000,0,0.180050,0.077165,0.002136,0.006803,0.320986,0.040523,0.048994,0.066615,0.052044,0.020424,0.000000,0.000000,,
6.3750,isaac,initial_pitch_release,isaac_rel_25deg_30,25.0000,0,0.181278,0.084360,0.001900,-0.031337,0.321544,0.036669,0.000000,0.000000,0.081284,0.056319,0.036783,0.045554,,
6.3900,isaac,initial_pitch_release,isaac_rel_25deg_30,25.0000,0,0.182472,0.075420,0.001825,0.022940,0.322096,0.039519,0.036783,0.045554,0.041810,0.009765,0.000000,0.000000,,
6.4050,isaac,initial_pitch_release,isaac_rel_25deg_30,25.0000,0,0.183655,0.081693,0.001820,-0.015821,0.322648,0.036311,0.000000,0.000000,0.082197,0.055419,0.038327,0.043997,,
6.4200,isaac,initial_pitch_release,isaac_rel_25deg_30,25.0000,0,0.184812,0.073017,0.001940,0.035019,0.323193,0.038571,0.038327,0.043997,0.060655,0.028388,0.001842,0.000000,,
6.4350,isaac,initial_pitch_release,isaac_rel_25deg_30,25.0000,0,0.185893,0.067621,0.002541,0.051496,0.323767,0.038689,0.001842,0.000000,0.069024,0.038728,0.016029,0.015103,,
6.4500,isaac,initial_pitch_release,isaac_rel_25deg_30,25.0000,0,0.187015,0.077513,0.002865,0.002439,0.324325,0.037107,0.016029,0.015103,0.085739,0.056815,0.044314,0.046412,,
6.4650,isaac,initial_pitch_release,isaac_rel_25deg_30,25.0000,0,0.188216,0.081311,0.002709,-0.016519,0.324873,0.038361,0.044314,0.046412,0.080667,0.048190,0.035738,0.031490,,
6.4800,isaac,initial_pitch_release,isaac_rel_25deg_30,25.0000,0,0.189390,0.075527,0.002702,0.019734,0.325439,0.040313,0.035738,0.031490,0.066297,0.033370,0.011408,0.005819,,
6.4950,isaac,initial_pitch_release,isaac_rel_25deg_30,25.0000,0,0.190552,0.079050,0.002753,-0.005374,0.325989,0.037061,0.011408,0.005819,0.080225,0.050328,0.034992,0.035189,,
6.5100,isaac,initial_pitch_release,isaac_rel_25deg_30,25.0000,0,0.191709,0.075305,0.002820,0.017959,0.326525,0.037441,0.034992,0.035189,0.069992,0.036558,0.017668,0.011343,,
6.5250,isaac,initial_pitch_release,isaac_rel_25deg_30,25.0000,0,0.192773,0.066712,0.003452,0.071047,0.327051,0.035135,0.017668,0.011343,0.056698,0.018682,0.000000,0.000000,,
6.5400,isaac,initial_pitch_release,isaac_rel_25deg_30,25.0000,0,0.193904,0.082070,0.003712,-0.024653,0.327527,0.031211,0.000000,0.000000,0.100312,0.067545,0.068909,0.064957,,
6.5550,isaac,initial_pitch_release,isaac_rel_25deg_30,25.0000,0,0.195060,0.072434,0.003753,0.032333,0.327944,0.027355,0.068909,0.064957,0.052785,0.009011,0.000000,0.000000,,
6.5700,isaac,initial_pitch_release,isaac_rel_25deg_30,25.0000,0,0.196163,0.073803,0.004140,0.026264,0.328392,0.035577,0.000000,0.000000,0.083049,0.038964,0.039767,0.015511,,
6.5850,isaac,initial_pitch_release,isaac_rel_25deg_30,25.0000,0,0.197371,0.086066,0.003892,-0.050463,0.328880,0.031965,0.039767,0.015511,0.096980,0.062833,0.063291,0.056817,,
6.6000,isaac,initial_pitch_release,isaac_rel_25deg_30,25.0000,0,0.198584,0.076370,0.003586,0.010409,0.329306,0.027180,0.063291,0.056817,0.057665,0.013515,0.000000,0.000000,,
6.6150,isaac,initial_pitch_release,isaac_rel_25deg_30,25.0000,0,0.199774,0.081431,0.003452,-0.020991,0.329729,0.032399,0.000000,0.000000,0.090511,0.045491,0.052374,0.026817,,
6.6300,isaac,initial_pitch_release,isaac_rel_25deg_30,25.0000,0,0.200973,0.078584,0.003231,-0.004768,0.330227,0.036388,0.052374,0.026817,0.076471,0.034759,0.028640,0.008227,,
6.6450,isaac,initial_pitch_release,isaac_rel_25deg_30,25.0000,0,0.202087,0.070155,0.003523,0.047703,0.330708,0.030081,0.028640,0.008227,0.061432,0.020290,0.003159,0.000000,,
6.6600,isaac,initial_pitch_release,isaac_rel_25deg_30,25.0000,0,0.203233,0.081429,0.003628,-0.023105,0.331160,0.033725,0.003159,0.000000,0.099828,0.055602,0.068094,0.044314,,
6.6750,isaac,initial_pitch_release,isaac_rel_25deg_30,25.0000,0,0.204380,0.072063,0.003689,0.033122,0.331569,0.024365,0.068094,0.044314,0.051230,0.004508,0.000000,0.000000,,
6.6900,isaac,initial_pitch_release,isaac_rel_25deg_30,25.0000,0,0.205593,0.088209,0.003398,-0.064964,0.331969,0.030409,0.000000,0.000000,0.110359,0.060532,0.085825,0.052839,,
6.7050,isaac,initial_pitch_release,isaac_rel_25deg_30,25.0000,0,0.206831,0.077970,0.002894,-0.003831,0.332348,0.020940,0.085825,0.052839,0.043853,-0.007329,0.000000,0.000000,,
6.7200,isaac,initial_pitch_release,isaac_rel_25deg_30,25.0000,0,0.207990,0.075955,0.002893,0.006310,0.332720,0.031806,0.000000,0.000000,0.082879,0.027539,0.039479,0.000000,,
6.7350,isaac,initial_pitch_release,isaac_rel_25deg_30,25.0000,0,0.209093,0.071301,0.003192,0.037385,0.333174,0.031587,0.039479,0.000000,0.072687,0.025134,0.022234,0.000000,,
6.7500,isaac,initial_pitch_release,isaac_rel_25deg_30,25.0000,0,0.210169,0.071663,0.003671,0.033955,0.333668,0.036575,0.022234,0.000000,0.084132,0.035039,0.041599,0.008711,,
6.7650,isaac,initial_pitch_release,isaac_rel_25deg_30,25.0000,0,0.211255,0.072636,0.004087,0.029061,0.334208,0.036765,0.041599,0.008711,0.082957,0.038460,0.039612,0.014638,,
6.7800,isaac,initial_pitch_release,isaac_rel_25deg_30,25.0000,0,0.212397,0.078631,0.004168,-0.010035,0.334722,0.035056,0.039612,0.014638,0.091742,0.047364,0.054454,0.030059,,
6.7950,isaac,initial_pitch_release,isaac_rel_25deg_30,25.0000,0,0.213523,0.071839,0.004312,0.031638,0.335184,0.029621,0.054454,0.030059,0.067594,0.017813,0.013606,0.000000,,
6.8100,isaac,initial_pitch_release,isaac_rel_25deg_30,25.0000,0,0.214653,0.077827,0.004463,-0.004767,0.335634,0.033624,0.013606,0.000000,0.094858,0.043764,0.059713,0.023825,,
6.8250,isaac,initial_pitch_release,isaac_rel_25deg_30,25.0000,0,0.215752,0.068163,0.004804,0.051840,0.335998,0.017802,0.059713,0.023825,0.059328,0.006428,0.000000,0.000000,,
6.8400,isaac,initial_pitch_release,isaac_rel_25deg_30,25.0000,0,0.216810,0.071719,0.005400,0.035170,0.336367,0.032843,0.000000,0.000000,0.095128,0.033192,0.060168,0.005511,,
6.8550,isaac,initial_pitch_release,isaac_rel_25deg_30,25.0000,0,0.217985,0.083788,0.005304,-0.038811,0.336843,0.032093,0.060168,0.005511,0.103762,0.055347,0.074722,0.043873,,
6.8700,isaac,initial_pitch_release,isaac_rel_25deg_30,25.0000,0,0.219161,0.073570,0.005175,0.022605,0.337206,0.017391,0.074722,0.043873,0.053503,-0.002924,0.000000,0.000000,,
6.8850,isaac,initial_pitch_release,isaac_rel_25deg_30,25.0000,0,0.220361,0.084415,0.004963,-0.043302,0.337556,0.031549,0.000000,0.000000,0.109554,0.046002,0.084470,0.027701,,
6.9000,isaac,initial_pitch_release,isaac_rel_25deg_30,25.0000,0,0.221612,0.082182,0.004410,-0.027513,0.338059,0.036380,0.084470,0.027701,0.083989,0.030320,0.041357,0.000533,,
6.9150,isaac,initial_pitch_release,isaac_rel_25deg_30,25.0000,0,0.222767,0.072706,0.004400,0.029443,0.338440,0.016318,0.041357,0.000533,0.058079,0.002887,0.000000,0.000000,,
6.9300,isaac,initial_pitch_release,isaac_rel_25deg_30,25.0000,0,0.223918,0.079451,0.004475,-0.012550,0.338787,0.031848,0.000000,0.000000,0.104219,0.037541,0.075491,0.013046,,
6.9450,isaac,initial_pitch_release,isaac_rel_25deg_30,25.0000,0,0.225090,0.076616,0.004398,0.005680,0.339236,0.030851,0.075491,0.013046,0.080671,0.023838,0.035746,0.000000,,
6.9600,isaac,initial_pitch_release,isaac_rel_25deg_30,25.0000,0,0.226235,0.075658,0.004500,0.012763,0.339714,0.036023,0.035746,0.000000,0.086071,0.027274,0.044875,0.000000,,
6.9750,isaac,initial_pitch_release,isaac_rel_25deg_30,25.0000,0,0.227458,0.086024,0.004154,-0.052662,0.340228,0.034914,0.044875,0.000000,0.103677,0.050408,0.074579,0.035327,,
6.9900,isaac,initial_pitch_release,isaac_rel_25deg_30,25.0000,0,0.228674,0.076797,0.003808,0.006587,0.340588,0.015622,0.074579,0.035327,0.060464,0.001391,0.001517,0.000000,,
7.0050,isaac,initial_pitch_release,isaac_rel_25deg_30,25.0000,0,0.229852,0.080196,0.003724,-0.011914,0.340905,0.030258,0.001517,0.000000,0.098918,0.027464,0.066559,0.000000,,
7.0200,isaac,initial_pitch_release,isaac_rel_25deg_30,25.0000,0,0.231123,0.088407,0.003090,-0.067263,0.341380,0.034154,0.066559,0.000000,0.103784,0.045121,0.074759,0.026176,,
7.0350,isaac,initial_pitch_release,isaac_rel_25deg_30,25.0000,0,0.232395,0.081125,0.002403,-0.024405,0.341762,0.018152,0.074759,0.026176,0.068207,0.006941,0.014645,0.000000,,
7.0500,isaac,initial_pitch_release,isaac_rel_25deg_30,25.0000,0,0.233582,0.077118,0.002226,0.003887,0.341952,0.008651,0.014645,0.000000,0.073371,-0.001705,0.023392,0.000000,,
7.0650,isaac,initial_pitch_release,isaac_rel_25deg_30,25.0000,0,0.234742,0.077387,0.002216,0.000708,0.342107,0.014208,0.023392,0.000000,0.088857,0.008439,0.049581,0.000000,,
7.0800,isaac,initial_pitch_release,isaac_rel_25deg_30,25.0000,0,0.235902,0.077186,0.002202,0.003412,0.342306,0.015542,0.049581,0.000000,0.086048,0.009454,0.044837,0.000000,,
7.0950,isaac,initial_pitch_release,isaac_rel_25deg_30,25.0000,0,0.237057,0.076707,0.002207,0.002619,0.342522,0.015706,0.044837,0.000000,0.086420,0.009436,0.045465,0.000000,,
7.1100,isaac,initial_pitch_release,isaac_rel_25deg_30,25.0000,0,0.238178,0.073080,0.002379,0.025558,0.342663,0.005406,0.045465,0.000000,0.074787,-0.003154,0.025789,0.000000,,
7.1250,isaac,initial_pitch_release,isaac_rel_25deg_30,25.0000,0,0.239308,0.077460,0.002526,0.001355,0.342843,0.018410,0.025789,0.000000,0.098859,0.013566,0.066459,0.000000,,
7.1400,isaac,initial_pitch_release,isaac_rel_25deg_30,25.0000,0,0.240468,0.077660,0.002482,-0.002885,0.343125,0.020645,0.066459,0.000000,0.089353,0.013191,0.050420,0.000000,,
7.1550,isaac,initial_pitch_release,isaac_rel_25deg_30,25.0000,0,0.241602,0.073586,0.002582,0.020695,0.343347,0.009907,0.050420,0.000000,0.074342,-0.003650,0.025036,0.000000,,
7.1700,isaac,initial_pitch_release,isaac_rel_25deg_30,25.0000,0,0.242741,0.077543,0.002667,-0.004102,0.343574,0.022957,0.025036,0.000000,0.098691,0.014578,0.066176,0.000000,,
7.1850,isaac,initial_pitch_release,isaac_rel_25deg_30,25.0000,0,0.243913,0.078387,0.002546,-0.008980,0.343936,0.025812,0.066176,0.000000,0.090153,0.015154,0.051771,0.000000,,
7.2000,isaac,initial_pitch_release,isaac_rel_25deg_30,25.0000,0,0.245066,0.075331,0.002528,0.009556,0.344228,0.015974,0.051771,0.000000,0.076696,-0.000883,0.029020,0.000000,,
7.2150,isaac,initial_pitch_release,isaac_rel_25deg_30,25.0000,0,0.246220,0.078164,0.002511,-0.006970,0.344492,0.022391,0.029020,0.000000,0.095290,0.011592,0.060442,0.000000,,
7.2300,isaac,initial_pitch_release,isaac_rel_25deg_30,25.0000,0,0.247422,0.081489,0.002217,-0.028761,0.344879,0.031927,0.060442,0.000000,0.098109,0.019742,0.065195,0.000000,,
7.2450,isaac,initial_pitch_release,isaac_rel_25deg_30,25.0000,0,0.248629,0.079270,0.001880,-0.013935,0.345284,0.024262,0.065195,0.000000,0.079682,0.006274,0.034073,0.000000,,
7.2600,isaac,initial_pitch_release,isaac_rel_25deg_30,25.0000,0,0.249823,0.080045,0.001601,-0.018455,0.345616,0.021499,0.034073,0.000000,0.088335,0.008367,0.048701,0.000000,,
7.2750,isaac,initial_pitch_release,isaac_rel_25deg_30,25.0000,0,0.251076,0.086254,0.000999,-0.056173,0.346048,0.035890,0.048701,0.000000,0.106562,0.024728,0.079436,0.000000,,
7.2900,isaac,initial_pitch_release,isaac_rel_25deg_30,25.0000,0,0.252302,0.078111,0.000509,-0.007914,0.346363,0.008531,0.079436,0.000000,0.060130,-0.013536,0.000951,0.000000,,
7.3050,isaac,initial_pitch_release,isaac_rel_25deg_30,25.0000,0,0.253435,0.073540,0.000576,0.020729,0.346344,-0.011010,0.000951,0.000000,0.067944,-0.030526,0.014199,0.000000,,
7.3200,isaac,initial_pitch_release,isaac_rel_25deg_30,25.0000,0,0.254553,0.075776,0.000739,0.006531,0.346213,-0.007521,0.014199,0.000000,0.090211,-0.020440,0.051868,0.000000,,
7.3350,isaac,initial_pitch_release,isaac_rel_25deg_30,25.0000,0,0.255690,0.076554,0.000778,0.002642,0.346105,-0.009273,0.051868,0.000000,0.085559,-0.021712,0.044010,0.000000,,
7.3500,isaac,initial_pitch_release,isaac_rel_25deg_30,25.0000,0,0.256889,0.083056,0.000451,-0.042636,0.346124,0.009830,0.044010,0.000000,0.107732,0.000614,0.081406,0.000000,,
7.3650,isaac,initial_pitch_release,isaac_rel_25deg_30,25.0000,0,0.258093,0.077526,0.000065,-0.009125,0.346116,-0.010084,0.081406,0.000000,0.066790,-0.031002,0.012244,0.000000,,
7.3800,isaac,initial_pitch_release,isaac_rel_25deg_30,25.0000,0,-0.057027,0.086237,-0.000506,-0.062714,0.346103,0.009548,0.012244,0.000000,0.111917,-0.001024,0.088444,0.000000,,
7.3950,isaac,initial_pitch_release,isaac_rel_25deg_30,25.0000,0,-0.055777,0.081051,-0.001211,-0.030504,0.345998,-0.022594,0.088444,0.000000,0.025591,0.037253,0.000000,0.012548,,
7.4100,isaac,initial_pitch_release,isaac_rel_25deg_30,25.0000,0,-0.054563,0.080407,-0.001703,-0.031038,0.345338,-0.066159,0.000000,0.012548,0.061392,0.050206,0.003091,0.034979,,
7.4250,isaac,initial_pitch_release,isaac_rel_25deg_30,25.0000,0,-0.053405,0.074154,-0.001888,0.008277,0.344185,-0.089558,0.003091,0.034979,0.042369,-0.003578,0.000000,0.000000,,
7.4400,isaac,initial_pitch_release,isaac_rel_25deg_30,25.0000,0,-0.052314,0.071424,-0.001672,0.024910,0.342784,-0.098998,0.000000,0.000000,0.070635,0.016894,0.018759,0.000000,,
7.4550,isaac,initial_pitch_release,isaac_rel_25deg_30,25.0000,0,-0.051271,0.067700,-0.001173,0.046187,0.341214,-0.112729,0.018759,0.000000,0.066767,0.006224,0.012204,0.000000,,
7.4700,isaac,initial_pitch_release,isaac_rel_25deg_30,25.0000,0,-0.050268,0.065815,-0.000438,0.056336,0.339460,-0.121881,0.012204,0.000000,0.072283,0.003092,0.021550,0.000000,,
7.4850,isaac,initial_pitch_release,isaac_rel_25deg_30,25.0000,0,-0.049231,0.071525,0.000093,0.020581,0.337783,-0.105069,0.021550,0.000000,0.097576,0.027154,0.064297,0.000000,,
7.5000,isaac,initial_pitch_release,isaac_rel_25deg_30,25.0000,0,-0.048140,0.073284,0.000281,0.009062,0.336268,-0.101199,0.064297,0.000000,0.086287,0.026235,0.045241,0.000000,,
7.5150,isaac,initial_pitch_release,isaac_rel_25deg_30,25.0000,0,-0.047077,0.068536,0.000627,0.040258,0.334661,-0.117539,0.045241,0.000000,0.063814,-0.000002,0.007199,0.000000,,
7.5300,isaac,initial_pitch_release,isaac_rel_25deg_30,25.0000,0,-0.046032,0.070490,0.001089,0.027521,0.332923,-0.117231,0.007199,0.000000,0.085904,0.011967,0.044592,0.000000,,
7.5450,isaac,initial_pitch_release,isaac_rel_25deg_30,25.0000,0,-0.045006,0.066434,0.001671,0.052943,0.331083,-0.130569,0.044592,0.000000,0.066492,-0.006576,0.011738,0.000000,,
7.5600,isaac,initial_pitch_release,isaac_rel_25deg_30,25.0000,0,-0.043928,0.076306,0.001978,-0.005461,0.329320,-0.108904,0.011738,0.000000,0.108884,0.032425,0.083344,0.004182,,
7.5750,isaac,initial_pitch_release,isaac_rel_25deg_30,25.0000,0,-0.042829,0.071024,0.002122,0.027209,0.327593,-0.124128,0.083344,0.004182,0.064948,-0.001781,0.009122,0.000000,,
7.5900,isaac,initial_pitch_release,isaac_rel_25deg_30,25.0000,0,-0.041773,0.069873,0.002576,0.037612,0.325715,-0.129071,0.009122,0.000000,0.075337,-0.002367,0.026720,0.000000,,
7.6050,isaac,initial_pitch_release,isaac_rel_25deg_30,25.0000,0,-0.040731,0.069084,0.003142,0.043011,0.323748,-0.132334,0.026720,0.000000,0.078536,-0.000806,0.032134,0.000000,,
7.6200,isaac,initial_pitch_release,isaac_rel_25deg_30,25.0000,0,-0.039682,0.070296,0.003692,0.035624,0.321811,-0.127313,0.032134,0.000000,0.084770,0.004788,0.042676,0.000000,,
7.6350,isaac,initial_pitch_release,isaac_rel_25deg_30,25.0000,0,-0.038579,0.076120,0.003936,0.003760,0.320056,-0.108474,0.042676,0.000000,0.100383,0.023554,0.069029,0.000000,,
7.6500,isaac,initial_pitch_release,isaac_rel_25deg_30,25.0000,0,-0.037447,0.074673,0.004027,0.013593,0.318438,-0.112188,0.069029,0.000000,0.077903,0.006894,0.031064,0.000000,,
7.6650,isaac,initial_pitch_release,isaac_rel_25deg_30,25.0000,0,-0.036355,0.071149,0.004382,0.037368,0.316694,-0.121906,0.031064,0.000000,0.070153,-0.005235,0.017941,0.000000,,
7.6800,isaac,initial_pitch_release,isaac_rel_25deg_30,25.0000,0,-0.035228,0.078059,0.004601,-0.001658,0.315038,-0.102629,0.017941,0.000000,0.104730,0.026729,0.076351,0.000000,,
7.6950,isaac,initial_pitch_release,isaac_rel_25deg_30,25.0000,0,-0.034039,0.080015,0.004466,-0.010892,0.313605,-0.092016,0.076351,0.000000,0.089737,0.022352,0.051067,0.000000,,
7.7100,isaac,initial_pitch_release,isaac_rel_25deg_30,25.0000,0,-0.032821,0.081762,0.004195,-0.021059,0.312302,-0.083649,0.051067,0.000000,0.090013,0.025104,0.051534,0.000000,,
7.7250,isaac,initial_pitch_release,isaac_rel_25deg_30,25.0000,0,-0.031600,0.080753,0.003929,-0.011308,0.311043,-0.086428,0.051534,0.000000,0.080210,0.016226,0.034966,0.000000,,
7.7400,isaac,initial_pitch_release,isaac_rel_25deg_30,25.0000,0,-0.030378,0.081889,0.003690,-0.015586,0.309772,-0.086319,0.034966,0.000000,0.086839,0.020790,0.046173,0.000000,,
7.7550,isaac,initial_pitch_release,isaac_rel_25deg_30,25.0000,0,-0.029151,0.081997,0.003452,-0.011530,0.308479,-0.087648,0.046173,0.000000,0.082510,0.016152,0.038856,0.000000,,
7.7700,isaac,initial_pitch_release,isaac_rel_25deg_30,25.0000,0,-0.027944,0.079185,0.003381,0.006963,0.307136,-0.093686,0.038856,0.000000,0.074368,0.006751,0.025080,0.000000,,
7.7850,isaac,initial_pitch_release,isaac_rel_25deg_30,25.0000,0,-0.026740,0.079818,0.003379,-0.001352,0.305795,-0.087996,0.025080,0.000000,0.087753,0.016992,0.047716,0.000000,,
7.8000,isaac,initial_pitch_release,isaac_rel_25deg_30,25.0000,0,-0.025553,0.077605,0.003491,0.021163,0.304428,-0.096677,0.047716,0.000000,0.071674,0.001518,0.020518,0.000000,,
7.8150,isaac,initial_pitch_release,isaac_rel_25deg_30,25.0000,0,-0.024332,0.084548,0.003446,-0.020609,0.303127,-0.078971,0.020518,0.000000,0.103367,0.031702,0.074057,0.002928,,
7.8300,isaac,initial_pitch_release,isaac_rel_25deg_30,25.0000,0,-0.023035,0.087451,0.002971,-0.038744,0.302036,-0.068267,0.074057,0.002928,0.093402,0.031789,0.057256,0.003078,,
7.8450,isaac,initial_pitch_release,isaac_rel_25deg_30,25.0000,0,-0.021764,0.081706,0.002674,0.001184,0.300898,-0.085717,0.057256,0.003078,0.063094,-0.000563,0.005978,0.000000,,
7.8600,isaac,initial_pitch_release,isaac_rel_25deg_30,25.0000,0,-0.020530,0.082232,0.002640,-0.000972,0.299659,-0.081804,0.005978,0.000000,0.084697,0.012242,0.042552,0.000000,,
7.8750,isaac,initial_pitch_release,isaac_rel_25deg_30,25.0000,0,-0.019287,0.082921,0.002581,-0.001684,0.298493,-0.075652,0.042552,0.000000,0.083753,0.015271,0.040957,0.000000,,
7.8900,isaac,initial_pitch_release,isaac_rel_25deg_30,25.0000,0,-0.018040,0.083136,0.002520,-0.001732,0.297410,-0.072477,0.040957,0.000000,0.083082,0.017615,0.039823,0.000000,,
7.9050,isaac,initial_pitch_release,isaac_rel_25deg_30,25.0000,0,-0.016792,0.082951,0.002481,0.001082,0.296356,-0.070037,0.039823,0.000000,0.082015,0.016008,0.038020,0.000000,,
7.9200,isaac,initial_pitch_release,isaac_rel_25deg_30,25.0000,0,-0.015580,0.078537,0.002694,0.031221,0.295226,-0.082941,0.038020,0.000000,0.066966,-0.000778,0.012541,0.000000,,
7.9350,isaac,initial_pitch_release,isaac_rel_25deg_30,25.0000,0,-0.014410,0.076879,0.003213,0.043263,0.293977,-0.085500,0.012541,0.000000,0.075771,0.001395,0.027455,0.000000,,
7.9500,isaac,initial_pitch_release,isaac_rel_25deg_30,25.0000,0,-0.013241,0.078305,0.003767,0.036932,0.292772,-0.078154,0.027455,0.000000,0.085875,0.012719,0.044544,0.000000,,
7.9650,isaac,initial_pitch_release,isaac_rel_25deg_30,25.0000,0,-0.012037,0.081827,0.004135,0.019730,0.291700,-0.066127,0.044544,0.000000,0.093161,0.022903,0.056849,0.000000,,
7.9800,isaac,initial_pitch_release,isaac_rel_25deg_30,25.0000,0,-0.010844,0.077564,0.004596,0.046945,0.290666,-0.073228,0.056849,0.000000,0.069306,0.001652,0.016507,0.000000,,
7.9950,isaac,initial_pitch_release,isaac_rel_25deg_30,25.0000,0,0.000000,-0.106597,-0.208964,0.739552,0.000000,0.000000,0.016507,0.000000,0.116339,0.048596,0.000000,0.000000,,
0.0000,isaac,initial_pitch_release,isaac_rel_25deg_31,25.0000,0,0.000000,0.000000,0.436332,0.000000,0.000000,0.000000,0.000000,0.000000,0.000000,0.000000,0.000000,0.000000,,
0.0150,isaac,initial_pitch_release,isaac_rel_25deg_31,25.0000,0,0.001476,0.169395,0.435319,-0.121341,0.000073,0.009561,0.000000,0.000000,0.193979,0.099802,0.181154,0.131515,,
0.0300,isaac,initial_pitch_release,isaac_rel_25deg_31,25.0000,0,0.005226,0.088095,0.433200,-0.081357,0.000677,-0.096079,0.181154,0.131515,0.473428,0.503699,0.568945,0.891904,,
0.0450,isaac,initial_pitch_release,isaac_rel_25deg_31,25.0000,0,0.007604,0.210091,0.427623,-0.628308,-0.001405,-0.179902,0.568945,0.891904,0.470837,0.455989,0.641869,0.836995,,
0.0600,isaac,initial_pitch_release,isaac_rel_25deg_31,25.0000,0,0.011589,0.295375,0.415307,-0.934315,-0.004378,-0.195463,0.641869,0.836995,0.433612,0.387594,0.612989,0.716249,,
0.0750,isaac,initial_pitch_release,isaac_rel_25deg_31,25.0000,0,0.016509,0.344352,0.401436,-0.929044,-0.006994,-0.152312,0.612989,0.716249,0.410025,0.350570,0.579304,0.645383,,
0.0900,isaac,initial_pitch_release,isaac_rel_25deg_31,25.0000,0,0.022134,0.391292,0.387506,-0.935795,-0.009155,-0.132041,0.579304,0.645383,0.407948,0.357541,0.570219,0.655887,,
0.1050,isaac,initial_pitch_release,isaac_rel_25deg_31,25.0000,0,0.028406,0.433340,0.373606,-0.925023,-0.011028,-0.113031,0.570219,0.655887,0.400125,0.347566,0.559013,0.637952,,
0.1200,isaac,initial_pitch_release,isaac_rel_25deg_31,25.0000,0,0.035296,0.474615,0.359754,-0.923217,-0.012702,-0.102597,0.559013,0.637952,0.389347,0.344314,0.543740,0.631400,,
0.1350,isaac,initial_pitch_release,isaac_rel_25deg_31,25.0000,0,0.042762,0.509244,0.345933,-0.921936,-0.014277,-0.098671,0.543740,0.631400,0.383377,0.341798,0.533460,0.626554,,
0.1500,isaac,initial_pitch_release,isaac_rel_25deg_31,25.0000,0,0.050779,0.549620,0.332134,-0.918095,-0.015770,-0.092532,0.533460,0.626554,0.379817,0.337279,0.527085,0.618053,,
0.1650,isaac,initial_pitch_release,isaac_rel_25deg_31,25.0000,0,0.059313,0.579933,0.318381,-0.911324,-0.017167,-0.087377,0.527085,0.618053,0.376754,0.333099,0.522075,0.610038,,
0.1800,isaac,initial_pitch_release,isaac_rel_25deg_31,25.0000,0,0.068338,0.612906,0.304659,-0.914939,-0.018452,-0.080275,0.522075,0.610038,0.373458,0.328205,0.517037,0.600690,,
0.1950,isaac,initial_pitch_release,isaac_rel_25deg_31,25.0000,0,0.077825,0.642444,0.290984,-0.907765,-0.019612,-0.071124,0.517037,0.600690,0.365754,0.318186,0.506527,0.581691,,
0.2100,isaac,initial_pitch_release,isaac_rel_25deg_31,25.0000,0,0.087761,0.671464,0.277302,-0.909130,-0.020651,-0.065699,0.506527,0.581691,0.365296,0.317249,0.503903,0.579332,,
0.2250,isaac,initial_pitch_release,isaac_rel_25deg_31,25.0000,0,0.098149,0.702047,0.263562,-0.910052,-0.021584,-0.059028,0.503903,0.579332,0.372574,0.319672,0.512391,0.583794,,
0.2400,isaac,initial_pitch_release,isaac_rel_25deg_31,25.0000,0,0.108977,0.731238,0.249824,-0.915254,-0.022361,-0.047764,0.512391,0.583794,0.372984,0.310933,0.514557,0.567541,,
0.2550,isaac,initial_pitch_release,isaac_rel_25deg_31,25.0000,0,0.120245,0.760744,0.236060,-0.915339,-0.022977,-0.038938,0.514557,0.567541,0.376790,0.313139,0.519668,0.571173,,
0.2700,isaac,initial_pitch_release,isaac_rel_25deg_31,25.0000,0,0.131946,0.788886,0.222303,-0.912686,-0.023470,-0.032483,0.519668,0.571173,0.373724,0.307141,0.516893,0.560001,,
0.2850,isaac,initial_pitch_release,isaac_rel_25deg_31,25.0000,0,0.144081,0.817912,0.208523,-0.913115,-0.023872,-0.029115,0.516893,0.560001,0.374404,0.307769,0.517189,0.560828,,
0.3000,isaac,initial_pitch_release,isaac_rel_25deg_31,25.0000,0,0.156646,0.846677,0.194744,-0.918574,-0.024225,-0.026439,0.517189,0.560828,0.373738,0.304823,0.516425,0.555300,,
0.3150,isaac,initial_pitch_release,isaac_rel_25deg_31,25.0000,0,0.169622,0.874076,0.181004,-0.915610,-0.024564,-0.027533,0.516425,0.555300,0.377047,0.312193,0.520350,0.569005,,
0.3300,isaac,initial_pitch_release,isaac_rel_25deg_31,25.0000,0,0.182902,0.890203,0.167614,-0.878376,-0.025001,-0.040203,0.520350,0.569005,0.375147,0.306695,0.518780,0.559091,,
0.3450,isaac,initial_pitch_release,isaac_rel_25deg_31,25.0000,0,0.196389,0.899978,0.154745,-0.821123,-0.025612,-0.049703,0.518780,0.559091,0.373461,0.297307,0.516396,0.541024,,
0.3600,isaac,initial_pitch_release,isaac_rel_25deg_31,25.0000,0,0.209958,0.902062,0.143026,-0.724618,-0.026323,-0.052431,0.516396,0.541024,0.370601,0.287500,0.512400,0.521803,,
0.3750,isaac,initial_pitch_release,isaac_rel_25deg_31,25.0000,0,0.223552,0.902974,0.132700,-0.633789,-0.027044,-0.049731,0.512400,0.521803,0.370311,0.283851,0.511260,0.514227,,
0.3900,isaac,initial_pitch_release,isaac_rel_25deg_31,25.0000,0,0.237160,0.904028,0.123666,-0.551688,-0.027682,-0.040264,0.511260,0.514227,0.371026,0.282686,0.511920,0.511761,,
0.4050,isaac,initial_pitch_release,isaac_rel_25deg_31,25.0000,0,0.250778,0.900646,0.115801,-0.477546,-0.028149,-0.023463,0.511920,0.511761,0.365031,0.273113,0.504629,0.493333,,
0.4200,isaac,initial_pitch_release,isaac_rel_25deg_31,25.0000,0,0.264422,0.907437,0.108825,-0.432210,-0.028287,0.005331,0.504629,0.493333,0.361550,0.269796,0.498881,0.486368,,
0.4350,isaac,initial_pitch_release,isaac_rel_25deg_31,25.0000,0,0.278059,0.904205,0.102734,-0.360367,-0.028072,0.023292,0.498881,0.486368,0.357906,0.267616,0.493220,0.481947,,
0.4500,isaac,initial_pitch_release,isaac_rel_25deg_31,25.0000,0,0.291668,0.903482,0.097490,-0.319430,-0.027555,0.046151,0.493220,0.481947,0.358084,0.269559,0.492335,0.485550,,
0.4650,isaac,initial_pitch_release,isaac_rel_25deg_31,25.0000,0,0.305272,0.903251,0.092780,-0.288455,-0.026701,0.069761,0.492335,0.485550,0.351422,0.261691,0.483840,0.470484,,
0.4800,isaac,initial_pitch_release,isaac_rel_25deg_31,25.0000,0,0.002517,0.903046,0.088431,-0.268683,-0.025500,0.092267,0.483840,0.470484,0.348472,0.260089,0.478482,0.466907,,
0.4950,isaac,initial_pitch_release,isaac_rel_25deg_31,25.0000,0,-0.300236,0.903696,0.084293,-0.260548,-0.023992,0.111422,0.478482,0.466907,0.356440,0.326286,0.487401,0.592574,,
0.5100,isaac,initial_pitch_release,isaac_rel_25deg_31,25.0000,0,-0.286626,0.904109,0.080265,-0.257680,-0.022228,0.126760,0.487401,0.592574,0.366611,0.303810,0.501791,0.554394,,
0.5250,isaac,initial_pitch_release,isaac_rel_25deg_31,25.0000,0,-0.273006,0.905106,0.076266,-0.256671,-0.020278,0.136357,0.501791,0.554394,0.362709,0.305479,0.499766,0.556332,,
0.5400,isaac,initial_pitch_release,isaac_rel_25deg_31,25.0000,0,-0.259369,0.906792,0.072237,-0.262705,-0.018236,0.139384,0.499766,0.556332,0.360296,0.306520,0.496370,0.558358,,
0.5550,isaac,initial_pitch_release,isaac_rel_25deg_31,25.0000,0,-0.245711,0.907815,0.068178,-0.259890,-0.016191,0.136979,0.496370,0.558358,0.356150,0.302212,0.490539,0.550288,,
0.5700,isaac,initial_pitch_release,isaac_rel_25deg_31,25.0000,0,-0.232024,0.910119,0.064087,-0.262877,-0.014241,0.125947,0.490539,0.550288,0.360463,0.312630,0.494772,0.569668,,
0.5850,isaac,initial_pitch_release,isaac_rel_25deg_31,25.0000,0,-0.218302,0.911237,0.060010,-0.260046,-0.012512,0.106638,0.494772,0.569668,0.357496,0.305690,0.491906,0.557216,,
0.6000,isaac,initial_pitch_release,isaac_rel_25deg_31,25.0000,0,-0.204536,0.916017,0.056000,-0.253728,-0.011109,0.082023,0.491906,0.557216,0.357161,0.303172,0.490927,0.552066,,
0.6150,isaac,initial_pitch_release,isaac_rel_25deg_31,25.0000,0,-0.190739,0.916951,0.052230,-0.227909,-0.010066,0.058592,0.490927,0.552066,0.360088,0.305170,0.494381,0.555676,,
0.6300,isaac,initial_pitch_release,isaac_rel_25deg_31,25.0000,0,-0.176916,0.919764,0.048851,-0.201307,-0.009396,0.031320,0.494381,0.555676,0.362196,0.304819,0.497679,0.555129,,
0.6450,isaac,initial_pitch_release,isaac_rel_25deg_31,25.0000,0,-0.163066,0.920372,0.045958,-0.165848,-0.009117,0.005509,0.497679,0.555129,0.365287,0.305712,0.502161,0.556796,,
0.6600,isaac,initial_pitch_release,isaac_rel_25deg_31,25.0000,0,-0.149189,0.923091,0.043635,-0.125675,-0.009215,-0.019313,0.502161,0.556796,0.369090,0.307942,0.507747,0.561054,,
0.6750,isaac,initial_pitch_release,isaac_rel_25deg_31,25.0000,0,-0.135293,0.923683,0.041994,-0.073389,-0.009630,-0.037202,0.507747,0.561054,0.375244,0.314098,0.516433,0.572767,,
0.6900,isaac,initial_pitch_release,isaac_rel_25deg_31,25.0000,0,-0.121390,0.923888,0.041132,-0.021336,-0.010275,-0.050807,0.516433,0.572767,0.382456,0.324293,0.526990,0.592219,,
0.7050,isaac,initial_pitch_release,isaac_rel_25deg_31,25.0000,0,-0.107485,0.923918,0.041062,0.032778,-0.011072,-0.057323,0.526990,0.592219,0.382462,0.320959,0.529063,0.586609,,
0.7200,isaac,initial_pitch_release,isaac_rel_25deg_31,25.0000,0,-0.093586,0.922825,0.041800,0.088399,-0.011922,-0.057149,0.529063,0.586609,0.387046,0.329906,0.535073,0.603110,,
0.7350,isaac,initial_pitch_release,isaac_rel_25deg_31,25.0000,0,-0.079699,0.921765,0.043331,0.138686,-0.012712,-0.048434,0.535073,0.603110,0.389412,0.334562,0.539134,0.612276,,
0.7500,isaac,initial_pitch_release,isaac_rel_25deg_31,25.0000,0,-0.065831,0.918735,0.045609,0.188146,-0.013337,-0.033362,0.539134,0.612276,0.390015,0.338307,0.540664,0.619500,,
0.7650,isaac,initial_pitch_release,isaac_rel_25deg_31,25.0000,0,-0.051981,0.919173,0.048517,0.224148,-0.013652,-0.007752,0.540664,0.619500,0.391294,0.345789,0.542520,0.633529,,
0.7800,isaac,initial_pitch_release,isaac_rel_25deg_31,25.0000,0,-0.038164,0.916070,0.052025,0.268180,-0.013592,0.014366,0.542520,0.633529,0.385650,0.342703,0.536001,0.628291,,
0.7950,isaac,initial_pitch_release,isaac_rel_25deg_31,25.0000,0,-0.024390,0.913248,0.056089,0.300274,-0.013157,0.042588,0.536001,0.628291,0.384165,0.347739,0.532910,0.637394,,
0.8100,isaac,initial_pitch_release,isaac_rel_25deg_31,25.0000,0,-0.010650,0.909426,0.060541,0.320093,-0.012307,0.069488,0.532910,0.637394,0.387343,0.361852,0.536188,0.663490,,
0.8250,isaac,initial_pitch_release,isaac_rel_25deg_31,25.0000,0,0.003072,0.911052,0.065202,0.327683,-0.011015,0.100637,0.536188,0.663490,0.381796,0.359208,0.530046,0.659503,,
0.8400,isaac,initial_pitch_release,isaac_rel_25deg_31,25.0000,0,0.016762,0.907314,0.070087,0.350720,-0.009344,0.118872,0.530046,0.659503,0.377924,0.360953,0.524093,0.662557,,
0.8550,isaac,initial_pitch_release,isaac_rel_25deg_31,25.0000,0,0.030420,0.909853,0.075191,0.357769,-0.007410,0.136262,0.524093,0.662557,0.379550,0.370787,0.524925,0.680499,,
0.8700,isaac,initial_pitch_release,isaac_rel_25deg_31,25.0000,0,0.044038,0.901130,0.080570,0.386397,-0.005226,0.153167,0.524925,0.680499,0.375237,0.367910,0.519786,0.675860,,
0.8850,isaac,initial_pitch_release,isaac_rel_25deg_31,25.0000,0,0.057659,0.906384,0.086038,0.373045,-0.002903,0.153783,0.519786,0.675860,0.375032,0.373950,0.518528,0.686634,,
0.9000,isaac,initial_pitch_release,isaac_rel_25deg_31,25.0000,0,0.071292,0.904333,0.091616,0.399614,-0.000648,0.144534,0.518528,0.686634,0.373187,0.371347,0.516008,0.682275,,
0.9150,isaac,initial_pitch_release,isaac_rel_25deg_31,25.0000,0,0.084921,0.905093,0.097554,0.421335,0.001411,0.128628,0.516008,0.682275,0.375485,0.381299,0.518346,0.700063,,
0.9300,isaac,initial_pitch_release,isaac_rel_25deg_31,25.0000,0,0.098556,0.906450,0.103943,0.459845,0.003179,0.106377,0.518346,0.700063,0.377746,0.378564,0.521585,0.695714,,
0.9450,isaac,initial_pitch_release,isaac_rel_25deg_31,25.0000,0,0.112186,0.906395,0.111033,0.515360,0.004565,0.079044,0.521585,0.695714,0.378511,0.379470,0.523159,0.697205,,
0.9600,isaac,initial_pitch_release,isaac_rel_25deg_31,25.0000,0,0.125807,0.902082,0.119050,0.582182,0.005546,0.055253,0.523159,0.697205,0.382161,0.380632,0.527944,0.699341,,
0.9750,isaac,initial_pitch_release,isaac_rel_25deg_31,25.0000,0,0.139449,0.907173,0.128010,0.643028,0.006093,0.022863,0.527944,0.699341,0.385978,0.375909,0.533550,0.690913,,
0.9900,isaac,initial_pitch_release,isaac_rel_25deg_31,25.0000,0,0.153091,0.909122,0.138227,0.748362,0.006174,-0.006615,0.533550,0.690913,0.390387,0.371837,0.540025,0.683297,,
1.0050,isaac,initial_pitch_release,isaac_rel_25deg_31,25.0000,0,0.166673,0.899284,0.150258,0.882838,0.005757,-0.040517,0.540025,0.683297,0.395451,0.367688,0.547446,0.675547,,
1.0200,isaac,initial_pitch_release,isaac_rel_25deg_31,25.0000,0,0.180307,0.909084,0.163362,0.895354,0.004990,-0.049123,0.547446,0.675547,0.404601,0.371335,0.559959,0.681903,,
1.0350,isaac,initial_pitch_release,isaac_rel_25deg_31,25.0000,0,0.194087,0.919566,0.176711,0.918308,0.004151,-0.050895,0.559959,0.681903,0.409287,0.373983,0.568043,0.686887,,
1.0500,isaac,initial_pitch_release,isaac_rel_25deg_31,25.0000,0,0.207971,0.924274,0.190303,0.937436,0.003345,-0.045683,0.568043,0.686887,0.412932,0.375963,0.573993,0.690614,,
1.0650,isaac,initial_pitch_release,isaac_rel_25deg_31,25.0000,0,0.221930,0.929231,0.204050,0.949799,0.002669,-0.036250,0.573993,0.690614,0.415571,0.374541,0.578312,0.688169,,
1.0800,isaac,initial_pitch_release,isaac_rel_25deg_31,25.0000,0,0.235932,0.931403,0.217927,0.960462,0.002187,-0.023321,0.578312,0.688169,0.422633,0.389664,0.587569,0.715219,,
1.0950,isaac,initial_pitch_release,isaac_rel_25deg_31,25.0000,0,0.249944,0.930630,0.231902,0.968810,0.001931,-0.008542,0.587569,0.715219,0.431841,0.403909,0.600278,0.741354,,
1.1100,isaac,initial_pitch_release,isaac_rel_25deg_31,25.0000,0,0.263951,0.928680,0.245923,0.971001,0.001958,0.010543,0.600278,0.741354,0.439241,0.411019,0.611462,0.754697,,
1.1250,isaac,initial_pitch_release,isaac_rel_25deg_31,25.0000,0,0.277931,0.927024,0.259983,0.977389,0.002283,0.028839,0.611462,0.754697,0.445397,0.423304,0.620846,0.776578,,
1.1400,isaac,initial_pitch_release,isaac_rel_25deg_31,25.0000,0,0.291870,0.922443,0.274081,0.978628,0.002883,0.045517,0.620846,0.776578,0.453770,0.436961,0.632410,0.800880,,
1.1550,isaac,initial_pitch_release,isaac_rel_25deg_31,25.0000,0,0.305764,0.920780,0.288181,0.979305,0.003741,0.061189,0.632410,0.800880,0.464470,0.446109,0.647003,0.817319,,
1.1700,isaac,initial_pitch_release,isaac_rel_25deg_31,25.0000,0,-0.313109,0.916876,0.302312,0.981146,0.004803,0.072778,0.647003,0.817319,0.467802,0.453247,0.653675,0.829983,,
1.1850,isaac,initial_pitch_release,isaac_rel_25deg_31,25.0000,0,-0.299311,0.914633,0.316442,0.980295,0.006012,0.080035,0.653675,0.829983,0.497616,0.525997,0.688633,0.949854,,
1.2000,isaac,initial_pitch_release,isaac_rel_25deg_31,25.0000,0,-0.285548,0.912469,0.330573,0.981762,0.007268,0.080108,0.688633,0.949854,0.518031,0.547805,0.717993,0.987913,,
1.2150,isaac,initial_pitch_release,isaac_rel_25deg_31,25.0000,0,-0.271810,0.911497,0.344698,0.980826,0.008511,0.079355,0.717993,0.987913,0.528985,0.566467,0.735642,1.017848,,
1.2300,isaac,initial_pitch_release,isaac_rel_25deg_31,25.0000,0,-0.258079,0.910496,0.358836,0.981936,0.009658,0.070156,0.735642,1.017848,0.537225,0.580516,0.747967,1.040067,,
1.2450,isaac,initial_pitch_release,isaac_rel_25deg_31,25.0000,0,-0.244337,0.912886,0.372998,0.985656,0.010607,0.056162,0.747967,1.040067,0.547588,0.597761,0.761436,1.066453,,
1.2600,isaac,initial_pitch_release,isaac_rel_25deg_31,25.0000,0,-0.230573,0.915218,0.387231,0.992771,0.011315,0.040108,0.761436,1.066453,0.554761,0.604943,0.771658,1.077848,,
1.2750,isaac,initial_pitch_release,isaac_rel_25deg_31,25.0000,0,-0.216777,0.917375,0.401554,1.001874,0.011764,0.024591,0.771658,1.077848,0.563407,0.614937,0.782730,1.092763,,
1.2900,isaac,initial_pitch_release,isaac_rel_25deg_31,25.0000,0,-0.202932,0.919969,0.415996,1.013503,0.011933,0.006825,0.782730,1.092763,0.570332,0.624482,0.792105,1.106989,,
1.3050,isaac,initial_pitch_release,isaac_rel_25deg_31,25.0000,0,-0.189027,0.925322,0.430568,1.022948,0.011833,-0.009625,0.792105,1.106989,0.580044,0.639237,0.803963,1.128415,,
1.3200,isaac,initial_pitch_release,isaac_rel_25deg_31,25.0000,0,-0.175065,0.928575,0.445321,1.037688,0.011509,-0.020576,0.803963,1.128415,0.592767,0.653562,0.819260,1.149127,,
1.3350,isaac,initial_pitch_release,isaac_rel_25deg_31,25.0000,0,-0.161043,0.933008,0.460241,1.052372,0.011033,-0.028526,0.819260,1.149127,0.601516,0.667040,0.831077,1.168333,,
1.3500,isaac,initial_pitch_release,isaac_rel_25deg_31,25.0000,0,-0.146969,0.938511,0.475334,1.066156,0.010479,-0.032551,0.831077,1.168333,0.609129,0.680004,0.840999,1.186511,,
1.3650,isaac,initial_pitch_release,isaac_rel_25deg_31,25.0000,0,-0.132863,0.937736,0.490600,1.078663,0.009962,-0.024993,0.840999,1.186511,0.621811,0.699320,0.855478,1.212770,,
1.3800,isaac,initial_pitch_release,isaac_rel_25deg_31,25.0000,0,0.000000,-0.098011,0.097392,-0.205785,0.000000,0.000000,0.855478,1.212770,0.624162,0.711388,0.000000,0.000000,,
0.0000,isaac,initial_pitch_release,isaac_rel_25deg_32,25.0000,0,0.000000,0.000000,0.436332,0.000000,0.000000,0.000000,0.000000,0.000000,0.000000,0.000000,0.000000,0.000000,,
0.0150,isaac,initial_pitch_release,isaac_rel_25deg_32,25.0000,0,-0.003038,-0.350793,0.438313,0.234944,-0.000222,-0.022317,0.000000,0.000000,-0.146308,-0.309254,-0.133603,-0.505086,,
0.0300,isaac,initial_pitch_release,isaac_rel_25deg_32,25.0000,0,-0.003119,-0.007733,0.442291,0.492143,-0.000723,-0.054539,-0.133603,-0.505086,0.504197,0.556378,0.519066,0.864279,,
0.0450,isaac,initial_pitch_release,isaac_rel_25deg_32,25.0000,0,-0.002300,0.098851,0.446274,0.047091,-0.002603,-0.198859,0.519066,0.864279,0.508218,0.526516,0.524187,0.818917,,
0.0600,isaac,initial_pitch_release,isaac_rel_25deg_32,25.0000,0,0.000061,0.195510,0.444110,-0.296876,-0.006369,-0.302228,0.524187,0.818917,0.494340,0.480624,0.506431,0.746628,,
0.0750,isaac,initial_pitch_release,isaac_rel_25deg_32,25.0000,0,0.000000,0.103366,0.086395,0.599718,0.000000,0.000000,0.506431,0.746628,0.476288,0.435339,0.000000,0.000000,,
